zone_id,name,x_coord,y_coord,centroid,x_max,x_min,y_max,y_min,node_id_list,poi_id_list,production,attraction,production_fixed,attraction_fixed,geometry
0,A0,55.11116926500001,25.138903985000002,POINT (55.11116926500001 25.138903985000002),55.11352883,55.1088097,25.141225300000002,25.136582670000003,[],[],0.0,0.0,0,0,"POLYGON ((55.1088097 25.136582670000003, 55.11352883 25.136582670000003, 55.11352883 25.141225300000002, 55.1088097 25.141225300000002, 55.1088097 25.136582670000003))"
1,A1,55.11588839499999,25.138903985000002,POINT (55.11588839499999 25.138903985000002),55.11824796,55.11352883,25.141225300000002,25.136582670000003,[],[],0.0,0.0,0,0,"POLYGON ((55.11352883 25.136582670000003, 55.11824796 25.136582670000003, 55.11824796 25.141225300000002, 55.11352883 25.141225300000002, 55.11352883 25.136582670000003))"
2,A2,55.120607525,25.138903985,POINT (55.120607525 25.138903985),55.12296709,55.11824796,25.141225300000002,25.136582670000003,[],[],0.0,0.0,0,0,"POLYGON ((55.11824796 25.136582670000003, 55.12296709 25.136582670000003, 55.12296709 25.141225300000002, 55.11824796 25.141225300000002, 55.11824796 25.136582670000003))"
3,A3,55.125326654999995,25.138903985000002,POINT (55.125326654999995 25.138903985000002),55.12768622,55.12296709,25.141225300000002,25.136582670000003,"[357, 409, 410, 411]",[],200.0,200.0,0,0,"POLYGON ((55.12296709 25.136582670000003, 55.12768622 25.136582670000003, 55.12768622 25.141225300000002, 55.12296709 25.141225300000002, 55.12296709 25.136582670000003))"
4,A4,55.130045785,25.138903985000002,POINT (55.130045785 25.138903985000002),55.13240535,55.12768622,25.141225300000002,25.136582670000003,"[5, 351, 413, 414]","[1, 82, 947, 951, 2002]",200.0,200.0,0,0,"POLYGON ((55.12768622 25.136582670000003, 55.13240535 25.136582670000003, 55.13240535 25.141225300000002, 55.12768622 25.141225300000002, 55.12768622 25.136582670000003))"
5,A5,55.134764915,25.138903985000002,POINT (55.134764915 25.138903985000002),55.13712448,55.13240535,25.141225300000002,25.136582670000003,[],"[935, 936, 937, 938, 939, 941, 942, 943, 944, 945, 946, 950, 952, 953, 954, 955, 956, 957, 958, 959, 1936, 1938]",0.0,0.0,0,0,"POLYGON ((55.13240535 25.136582670000003, 55.13712448 25.136582670000003, 55.13712448 25.141225300000002, 55.13240535 25.141225300000002, 55.13240535 25.136582670000003))"
6,A6,55.139484044999996,25.138903985000002,POINT (55.139484044999996 25.138903985000002),55.141843609999995,55.13712448,25.141225300000002,25.136582670000003,"[4, 352, 404, 405, 406]","[1933, 1934, 1935, 1937]",250.0,250.0,0,0,"POLYGON ((55.13712448 25.136582670000003, 55.141843609999995 25.136582670000003, 55.141843609999995 25.141225300000002, 55.13712448 25.141225300000002, 55.13712448 25.136582670000003))"
7,A7,55.14420317500001,25.138903985,POINT (55.14420317500001 25.138903985),55.14656274,55.141843609999995,25.141225300000002,25.136582670000003,"[399, 400, 401, 402, 403]","[1929, 1930, 1931, 1984, 1985, 1986]",250.0,250.0,0,0,"POLYGON ((55.141843609999995 25.136582670000003, 55.14656274 25.136582670000003, 55.14656274 25.141225300000002, 55.141843609999995 25.141225300000002, 55.141843609999995 25.136582670000003))"
8,A8,55.148922305,25.138903985000002,POINT (55.148922305 25.138903985000002),55.15128187,55.14656274,25.141225300000002,25.136582670000003,"[333, 348]",[],100.0,100.0,0,0,"POLYGON ((55.14656274 25.136582670000003, 55.15128187 25.136582670000003, 55.15128187 25.141225300000002, 55.14656274 25.141225300000002, 55.14656274 25.136582670000003))"
9,A9,55.153641435,25.138903985000002,POINT (55.153641435 25.138903985000002),55.156000999999996,55.15128187,25.141225300000002,25.136582670000003,[],[],0.0,0.0,0,0,"POLYGON ((55.15128187 25.136582670000003, 55.156000999999996 25.136582670000003, 55.156000999999996 25.141225300000002, 55.15128187 25.141225300000002, 55.15128187 25.136582670000003))"
10,B0,55.111169265,25.134261355000003,POINT (55.111169265 25.134261355000003),55.11352883,55.1088097,25.136582670000003,25.13194004,[],[],0.0,0.0,0,0,"POLYGON ((55.1088097 25.13194004, 55.11352883 25.13194004, 55.11352883 25.136582670000003, 55.1088097 25.136582670000003, 55.1088097 25.13194004))"
11,B1,55.115888395,25.134261355000003,POINT (55.115888395 25.134261355000003),55.11824796,55.11352883,25.136582670000003,25.13194004,"[353, 354, 355, 356, 376, 552]",[],300.0,300.0,0,0,"POLYGON ((55.11352883 25.13194004, 55.11824796 25.13194004, 55.11824796 25.136582670000003, 55.11352883 25.136582670000003, 55.11352883 25.13194004))"
12,B2,55.120607525,25.134261355000003,POINT (55.120607525 25.134261355000003),55.12296709,55.11824796,25.136582670000003,25.13194004,[],"[52, 54, 55, 62, 63, 2253, 2254, 2255, 2261, 2263]",0.0,0.0,0,0,"POLYGON ((55.11824796 25.13194004, 55.12296709 25.13194004, 55.12296709 25.136582670000003, 55.11824796 25.136582670000003, 55.11824796 25.13194004))"
13,B3,55.12532665500001,25.134261355000003,POINT (55.12532665500001 25.134261355000003),55.12768622,55.12296709,25.136582670000003,25.13194004,[],"[56, 57, 58, 60, 2262]",0.0,0.0,0,0,"POLYGON ((55.12296709 25.13194004, 55.12768622 25.13194004, 55.12768622 25.136582670000003, 55.12296709 25.136582670000003, 55.12296709 25.13194004))"
14,B4,55.13004578499999,25.134261355000003,POINT (55.13004578499999 25.134261355000003),55.13240535,55.12768622,25.136582670000003,25.13194004,[],"[574, 602]",0.0,0.0,0,0,"POLYGON ((55.12768622 25.13194004, 55.13240535 25.13194004, 55.13240535 25.136582670000003, 55.12768622 25.136582670000003, 55.12768622 25.13194004))"
15,B5,55.13476491499999,25.134261355000003,POINT (55.13476491499999 25.134261355000003),55.13712448,55.13240535,25.136582670000003,25.13194004,[120],"[467, 583, 591, 599, 606, 607, 626, 2376, 2377, 2378, 2379, 2380, 2381, 2382, 2383, 2384, 2385, 2386]",10.0,10.0,0,0,"POLYGON ((55.13240535 25.13194004, 55.13712448 25.13194004, 55.13712448 25.136582670000003, 55.13240535 25.136582670000003, 55.13240535 25.13194004))"
16,B6,55.139484044999996,25.134261355000003,POINT (55.139484044999996 25.134261355000003),55.141843609999995,55.13712448,25.136582670000003,25.13194004,"[121, 122, 123, 183]","[405, 423, 426, 435, 438, 439, 443, 445, 447, 452, 457, 458, 459, 461, 463, 468, 1317, 1318, 1319, 1320, 1321, 1322, 2409]",40.0,40.0,0,0,"POLYGON ((55.13712448 25.13194004, 55.141843609999995 25.13194004, 55.141843609999995 25.136582670000003, 55.13712448 25.136582670000003, 55.13712448 25.13194004))"
17,B7,55.144203175,25.134261355000003,POINT (55.144203175 25.134261355000003),55.14656274,55.141843609999995,25.136582670000003,25.13194004,[],[],0.0,0.0,0,0,"POLYGON ((55.141843609999995 25.13194004, 55.14656274 25.13194004, 55.14656274 25.136582670000003, 55.141843609999995 25.136582670000003, 55.141843609999995 25.13194004))"
18,B8,55.14892230499999,25.134261355000003,POINT (55.14892230499999 25.134261355000003),55.15128187,55.14656274,25.136582670000003,25.13194004,"[332, 491]","[391, 1739, 1740, 1923, 1924, 1997]",100.0,100.0,0,0,"POLYGON ((55.14656274 25.13194004, 55.15128187 25.13194004, 55.15128187 25.136582670000003, 55.14656274 25.136582670000003, 55.14656274 25.13194004))"
19,B9,55.153641435,25.134261355000003,POINT (55.153641435 25.134261355000003),55.156000999999996,55.15128187,25.136582670000003,25.13194004,[490],[1996],50.0,50.0,0,0,"POLYGON ((55.15128187 25.13194004, 55.156000999999996 25.13194004, 55.156000999999996 25.136582670000003, 55.15128187 25.136582670000003, 55.15128187 25.13194004))"
20,C0,55.11116926500001,25.129618725000004,POINT (55.11116926500001 25.129618725000004),55.11352883,55.1088097,25.13194004,25.12729741,"[374, 412, 429]",[],150.0,150.0,0,0,"POLYGON ((55.1088097 25.12729741, 55.11352883 25.12729741, 55.11352883 25.13194004, 55.1088097 25.13194004, 55.1088097 25.12729741))"
21,C1,55.11588839499999,25.129618725000004,POINT (55.11588839499999 25.129618725000004),55.11824796,55.11352883,25.13194004,25.12729741,[375],"[2, 28, 29, 50, 51, 83, 109, 915, 916, 917, 918, 1972, 2259, 2260, 2264]",50.0,50.0,0,0,"POLYGON ((55.11352883 25.12729741, 55.11824796 25.12729741, 55.11824796 25.13194004, 55.11352883 25.13194004, 55.11352883 25.12729741))"
22,C2,55.120607525,25.129618725000004,POINT (55.120607525 25.129618725000004),55.12296709,55.11824796,25.13194004,25.12729741,[],"[2256, 2257, 2258]",0.0,0.0,0,0,"POLYGON ((55.11824796 25.12729741, 55.12296709 25.12729741, 55.12296709 25.13194004, 55.11824796 25.13194004, 55.11824796 25.12729741))"
23,C3,55.125326654999995,25.129618725000004,POINT (55.125326654999995 25.129618725000004),55.12768622,55.12296709,25.13194004,25.12729741,"[80, 255, 258]","[1660, 1661, 1669, 2195, 2203, 2204, 2205, 2206, 2396, 2397, 2398, 2399, 2400, 2401, 2402, 2403]",30.0,30.0,0,0,"POLYGON ((55.12296709 25.12729741, 55.12768622 25.12729741, 55.12768622 25.13194004, 55.12296709 25.13194004, 55.12296709 25.12729741))"
24,C4,55.130045785,25.129618725000004,POINT (55.130045785 25.129618725000004),55.13240535,55.12768622,25.13194004,25.12729741,[],"[572, 573, 575, 577, 579, 580, 581, 585, 587, 593, 594, 596, 597, 600, 601, 603, 605, 608, 609, 611, 612, 616, 620, 622, 625, 627, 628, 630, 2370, 2371, 2372, 2373, 2374, 2375]",0.0,0.0,0,0,"POLYGON ((55.12768622 25.12729741, 55.13240535 25.12729741, 55.13240535 25.13194004, 55.12768622 25.13194004, 55.12768622 25.12729741))"
25,C5,55.134764915,25.129618725000004,POINT (55.134764915 25.129618725000004),55.13712448,55.13240535,25.13194004,25.12729741,[],"[407, 408, 409, 410, 411, 414, 421, 422, 424, 427, 428, 436, 437, 441, 442, 448, 451, 462, 464, 1286, 1287, 1288, 1289, 1290, 1291, 1292, 1293, 1295, 1296, 1297, 1298, 1299, 1300, 1301, 1302, 1303, 1304, 1305, 1306, 1307, 1308, 1309, 1310, 1311, 1312, 1313, 1314, 1315, 1316, 1355, 1356, 2407, 2408]",0.0,0.0,0,0,"POLYGON ((55.13240535 25.12729741, 55.13712448 25.12729741, 55.13712448 25.13194004, 55.13240535 25.13194004, 55.13240535 25.12729741))"
26,C6,55.139484044999996,25.129618725000004,POINT (55.139484044999996 25.129618725000004),55.141843609999995,55.13712448,25.13194004,25.12729741,[],"[476, 479, 482, 484, 485, 486, 490, 491, 495, 496, 499, 505, 506, 507, 509, 1334, 1335, 1336, 1337, 1338, 1339, 1340, 1341, 1342, 1343, 1344, 1345, 1346, 1347, 1348, 1349, 1350, 1351, 1352, 1353, 2416, 2417, 2418, 2419, 2420, 2421, 2422]",0.0,0.0,0,0,"POLYGON ((55.13712448 25.12729741, 55.141843609999995 25.12729741, 55.141843609999995 25.13194004, 55.13712448 25.13194004, 55.13712448 25.12729741))"
27,C7,55.14420317500001,25.129618725000004,POINT (55.14420317500001 25.129618725000004),55.14656274,55.141843609999995,25.13194004,25.12729741,"[75, 219, 220, 221]","[475, 478, 510, 511, 512, 513, 514, 515, 516, 517, 522, 529, 534, 539, 547, 548, 556, 569, 1323, 1324, 1325, 1326, 1327, 1328, 1329, 1330, 1331, 1332, 1457, 1458, 1925, 1926, 1927, 1928, 2423, 2424, 2425, 2432]",40.0,40.0,0,0,"POLYGON ((55.141843609999995 25.12729741, 55.14656274 25.12729741, 55.14656274 25.13194004, 55.141843609999995 25.13194004, 55.141843609999995 25.12729741))"
28,C8,55.148922305,25.129618725000004,POINT (55.148922305 25.129618725000004),55.15128187,55.14656274,25.13194004,25.12729741,[],"[127, 133, 138, 139, 144, 156, 170]",0.0,0.0,0,0,"POLYGON ((55.14656274 25.12729741, 55.15128187 25.12729741, 55.15128187 25.13194004, 55.14656274 25.13194004, 55.14656274 25.12729741))"
29,C9,55.153641435,25.129618725000004,POINT (55.153641435 25.129618725000004),55.156000999999996,55.15128187,25.13194004,25.12729741,[],"[118, 120, 121, 122, 123, 124, 125, 126, 128, 129, 131, 132, 134, 135, 136, 140, 141, 142, 143, 145, 147, 148, 149, 150, 151, 152, 154, 155, 157, 158, 159, 160, 161, 163, 164, 165, 166, 167, 168, 169, 171, 172, 173, 174, 175, 177, 178, 179, 180, 181, 182, 184, 185, 186, 188, 189, 190, 191, 379, 380, 381, 382, 383, 384, 385, 386, 387, 388, 389, 393, 394, 395, 396, 397, 398, 399, 910, 911, 912, 913, 914, 1993, 2471]",0.0,0.0,0,0,"POLYGON ((55.15128187 25.12729741, 55.156000999999996 25.12729741, 55.156000999999996 25.13194004, 55.15128187 25.13194004, 55.15128187 25.12729741))"
30,D0,55.11116926500001,25.124976095,POINT (55.11116926500001 25.124976095),55.11352883,55.1088097,25.12729741,25.12265478,"[157, 158, 334, 335, 340, 349, 358, 359, 415]","[924, 1974]",450.0,450.0,0,0,"POLYGON ((55.1088097 25.12265478, 55.11352883 25.12265478, 55.11352883 25.12729741, 55.1088097 25.12729741, 55.1088097 25.12265478))"
31,D1,55.11588839499999,25.124976095,POINT (55.11588839499999 25.124976095),55.11824796,55.11352883,25.12729741,25.12265478,"[35, 36, 194]",[],150.0,150.0,0,0,"POLYGON ((55.11352883 25.12265478, 55.11824796 25.12265478, 55.11824796 25.12729741, 55.11352883 25.12729741, 55.11352883 25.12265478))"
32,D2,55.120607525,25.124976095,POINT (55.120607525 25.124976095),55.12296709,55.11824796,25.12729741,25.12265478,"[44, 79, 195, 261, 379, 501, 502, 503, 504, 505, 506, 556, 557, 558]",[],300.0,300.0,0,0,"POLYGON ((55.11824796 25.12265478, 55.12296709 25.12265478, 55.12296709 25.12729741, 55.11824796 25.12729741, 55.11824796 25.12265478))"
33,D3,55.125326654999995,25.124976095,POINT (55.125326654999995 25.124976095),55.12768622,55.12296709,25.12729741,25.12265478,"[37, 38, 45, 46, 47, 48, 53, 81, 82, 83, 84, 85, 86, 87, 88, 102, 103, 143, 171, 196, 256, 257, 278, 380, 381, 382, 442, 443, 472, 473, 507, 540]","[838, 839, 1662, 1663, 1664, 1665, 1666, 1668, 1715, 1716, 1717, 1718, 1719, 1720, 1721, 1722, 1723, 1724, 1725, 1726, 1727, 1728, 1729, 1730, 1731, 1732, 1733, 1734, 1735, 1736, 1737, 2189, 2190, 2191, 2192, 2193, 2194, 2198, 2199, 2200, 2201, 2392, 2393, 2394, 2395]",760.0,760.0,0,0,"POLYGON ((55.12296709 25.12265478, 55.12768622 25.12265478, 55.12768622 25.12729741, 55.12296709 25.12729741, 55.12296709 25.12265478))"
34,D4,55.130045785,25.124976095,POINT (55.130045785 25.124976095),55.13240535,55.12768622,25.12729741,25.12265478,[],"[416, 419, 420, 430, 440, 465, 466, 584, 586, 588, 590, 592, 595, 598, 604, 610, 613, 618, 619, 621, 623, 624, 629, 1088, 1089, 1090, 1091, 1092, 1093, 1094, 1095, 1096, 1097, 1098, 1099, 1100, 1101, 1102, 1103, 1104, 1105, 1106, 1107, 1108, 1109, 1110, 1250, 1252, 1253, 1254, 1255, 1256, 1257, 1258, 1259, 1260, 1261, 1262, 1263, 1264, 1265, 1266, 1267, 1268, 1269, 1270, 1271, 1272, 1273, 1274, 1275, 1276, 1279, 2367, 2368, 2369, 2390, 2391]",0.0,0.0,0,0,"POLYGON ((55.12768622 25.12265478, 55.13240535 25.12265478, 55.13240535 25.12729741, 55.12768622 25.12729741, 55.12768622 25.12265478))"
35,D5,55.134764915,25.124976095,POINT (55.134764915 25.124976095),55.13712448,55.13240535,25.12729741,25.12265478,[],"[415, 417, 432, 471, 472, 473, 474, 477, 480, 481, 483, 487, 488, 489, 493, 494, 497, 498, 503, 508, 518, 540, 1277, 1278, 1284, 1359, 1360, 1361, 1362, 1363, 1364, 1365, 1366, 1367, 1368, 1369, 1370, 1371, 1372, 1373, 1374, 1375, 1376, 1377, 1378, 1379, 1380, 1381, 1382, 1383, 1405, 1406, 1407, 1408, 1409, 1410, 1417, 1418, 1426, 1427, 2410, 2411, 2412, 2413, 2414, 2427, 2428]",0.0,0.0,0,0,"POLYGON ((55.13240535 25.12265478, 55.13712448 25.12265478, 55.13712448 25.12729741, 55.13240535 25.12729741, 55.13240535 25.12265478))"
36,D6,55.139484044999996,25.124976095,POINT (55.139484044999996 25.124976095),55.141843609999995,55.13712448,25.12729741,25.12265478,[],"[519, 521, 526, 527, 530, 532, 536, 538, 543, 549, 550, 553, 559, 561, 564, 565, 570, 571, 1421, 1422, 1423, 1424, 1425, 1430, 1431, 1432, 1433, 1434, 1435, 1436, 1437, 1438, 1439, 1440, 1441, 1442, 1443, 1444, 1445, 1446, 1447, 1517, 2429, 2430]",0.0,0.0,0,0,"POLYGON ((55.13712448 25.12265478, 55.141843609999995 25.12265478, 55.141843609999995 25.12729741, 55.13712448 25.12729741, 55.13712448 25.12265478))"
37,D7,55.14420317500001,25.124976095,POINT (55.14420317500001 25.124976095),55.14656274,55.141843609999995,25.12729741,25.12265478,[],"[524, 525, 535, 544, 546, 555, 560, 562, 632, 634, 636, 637, 640, 641, 645, 647, 648, 652, 653, 654, 656, 657, 659, 664, 667, 670, 1448, 1449, 1450, 1451, 1519, 1520, 1533, 1534, 1535, 1536, 1537, 1538, 1539, 1540, 2431, 2437, 2438, 2439, 2440]",0.0,0.0,0,0,"POLYGON ((55.141843609999995 25.12265478, 55.14656274 25.12265478, 55.14656274 25.12729741, 55.141843609999995 25.12729741, 55.141843609999995 25.12265478))"
38,D8,55.148922305,25.124976095,POINT (55.148922305 25.124976095),55.15128187,55.14656274,25.12729741,25.12265478,[199],"[643, 658, 665, 669, 671]",10.0,10.0,0,0,"POLYGON ((55.14656274 25.12265478, 55.15128187 25.12265478, 55.15128187 25.12729741, 55.14656274 25.12729741, 55.14656274 25.12265478))"
39,D9,55.153641435,25.124976095,POINT (55.153641435 25.124976095),55.156000999999996,55.15128187,25.12729741,25.12265478,"[336, 387, 545, 546, 547, 548, 549, 550]","[1981, 1982, 1987, 1988, 1989, 1990, 1991]",400.0,400.0,0,0,"POLYGON ((55.15128187 25.12265478, 55.156000999999996 25.12265478, 55.156000999999996 25.12729741, 55.15128187 25.12729741, 55.15128187 25.12265478))"
40,E0,55.111169265,25.120333464999998,POINT (55.111169265 25.120333464999998),55.11352883,55.1088097,25.12265478,25.11801215,[],"[721, 722, 723, 724, 725, 726, 1941, 2007, 2008, 2009, 2010, 2011, 2012, 2013, 2014, 2015, 2016, 2017, 2018, 2019, 2020]",0.0,0.0,0,0,"POLYGON ((55.1088097 25.11801215, 55.11352883 25.11801215, 55.11352883 25.12265478, 55.1088097 25.12265478, 55.1088097 25.11801215))"
41,E1,55.115888395,25.120333464999998,POINT (55.115888395 25.120333464999998),55.11824796,55.11352883,25.12265478,25.11801215,[],[],0.0,0.0,0,0,"POLYGON ((55.11352883 25.11801215, 55.11824796 25.11801215, 55.11824796 25.12265478, 55.11352883 25.12265478, 55.11352883 25.11801215))"
42,E2,55.120607525,25.120333464999998,POINT (55.120607525 25.120333464999998),55.12296709,55.11824796,25.12265478,25.11801215,[169],"[784, 785, 786, 787, 788, 789, 790, 791, 792, 1137, 1138, 1139, 1140, 1141, 1142, 1143, 1144, 1145, 2157, 2158, 2159, 2160, 2161, 2162, 2163, 2164, 2165, 2166, 2167, 2168, 2169, 2171, 2188, 2306, 2307, 2308, 2309, 2310]",10.0,10.0,0,0,"POLYGON ((55.11824796 25.11801215, 55.12296709 25.11801215, 55.12296709 25.12265478, 55.11824796 25.12265478, 55.11824796 25.11801215))"
43,E3,55.12532665500001,25.120333464999998,POINT (55.12532665500001 25.120333464999998),55.12768622,55.12296709,25.12265478,25.11801215,"[65, 66, 67, 68, 69, 70, 71, 72, 73, 144, 170, 190, 277, 441]","[222, 224, 227, 238, 245, 258, 259, 260, 263, 270, 278, 281, 287, 296, 299, 306, 322, 325, 338, 358, 365, 710, 767, 768, 769, 770, 771, 772, 773, 774, 775, 776, 777, 778, 779, 780, 781, 900, 933, 934, 1118, 1123, 1124, 1125, 1126, 1127, 1128, 1129, 1130, 1131, 1132, 1133, 1134, 1135, 1136, 2173, 2174, 2175, 2176, 2177, 2178, 2179, 2181, 2182, 2183, 2184, 2185, 2186, 2187, 2269, 2270, 2271, 2272, 2273, 2274, 2305]",220.0,220.0,0,0,"POLYGON ((55.12296709 25.11801215, 55.12768622 25.11801215, 55.12768622 25.12265478, 55.12296709 25.12265478, 55.12296709 25.11801215))"
44,E4,55.13004578499999,25.120333464999998,POINT (55.13004578499999 25.120333464999998),55.13240535,55.12768622,25.12265478,25.11801215,"[11, 12, 13, 14, 15, 16, 17, 18, 19, 20, 21, 27, 28, 29, 30, 31, 32, 54, 55, 63, 64, 93, 94, 95, 96, 97, 98, 99, 100, 101, 111, 112, 113, 114, 115, 116, 117, 118, 119, 131, 132, 133, 134, 135, 136, 137, 138, 149, 150, 151, 152, 153, 154, 155, 160, 181, 182, 184, 188, 189, 191, 197, 200, 201, 204, 205, 206, 207, 208, 209, 210, 211, 212, 213, 214, 215, 216, 217, 218, 222, 228, 262, 265, 266, 267, 268, 269, 272, 283, 284, 285, 286, 287, 288, 289, 384, 385, 386, 471, 538, 559, 560]","[47, 48, 220, 223, 247, 248, 250, 276, 283, 290, 292, 307, 316, 319, 336, 349, 353, 357, 369, 373, 375, 376, 377, 406, 413, 418, 425, 429, 431, 444, 454, 455, 456, 460, 693, 706, 719, 842, 843, 844, 845, 846, 847, 848, 849, 850, 851, 852, 853, 854, 855, 856, 857, 858, 859, 861, 862, 863, 865, 866, 867, 868, 869, 870, 871, 872, 873, 874, 875, 876, 877, 878, 879, 880, 881, 895, 896, 898, 906, 907, 1112, 1113, 1114, 1115, 1117, 1121, 1122, 1163, 1164, 1165, 1166, 1167, 2347, 2361, 2362, 2363, 2364, 2365, 2366, 2387, 2388, 2389, 2404, 2405]",1900.0,1900.0,0,0,"POLYGON ((55.12768622 25.11801215, 55.13240535 25.11801215, 55.13240535 25.12265478, 55.12768622 25.12265478, 55.12768622 25.11801215))"
45,E5,55.13476491499999,25.120333464999998,POINT (55.13476491499999 25.120333464999998),55.13712448,55.13240535,25.12265478,25.11801215,"[22, 23, 39, 40, 41, 42, 74, 91, 140, 161, 162, 163, 164, 165, 166, 167, 168, 192, 193, 198, 229, 230, 231, 232, 233, 234, 260, 273]","[32, 33, 35, 36, 37, 38, 40, 45, 195, 198, 404, 492, 500, 520, 528, 531, 533, 537, 542, 545, 552, 554, 567, 568, 631, 635, 638, 639, 642, 649, 660, 672, 677, 705, 882, 883, 884, 885, 886, 887, 888, 889, 890, 891, 892, 893, 894, 905, 908, 1384, 1388, 1389, 1390, 1391, 1392, 1393, 1394, 1395, 1396, 1397, 1398, 1399, 1400, 1401, 1402, 1411, 1412, 1413, 1414, 1415, 1416, 1459, 1460, 1461, 1462, 1463, 1464, 1465, 1466, 1467, 1468, 1469, 1470, 1471, 1472, 1473, 1474, 1475, 1476, 1477, 1478, 1479, 1480, 1481, 1482, 2426, 2443]",440.0,440.0,0,0,"POLYGON ((55.13240535 25.11801215, 55.13712448 25.11801215, 55.13712448 25.12265478, 55.13240535 25.12265478, 55.13240535 25.11801215))"
46,E6,55.139484044999996,25.120333464999998,POINT (55.139484044999996 25.120333464999998),55.141843609999995,55.13712448,25.12265478,25.11801215,[],"[31, 34, 39, 41, 43, 46, 644, 646, 651, 655, 666, 668, 682, 685, 686, 687, 688, 691, 692, 696, 703, 704, 708, 713, 1238, 1239, 1240, 1241, 1242, 1243, 1244, 1245, 1246, 1247, 1483, 1484, 1485, 1486, 1487, 1488, 1489, 1490, 1491, 1492, 1493, 1494, 1495, 1496, 1497, 1498, 1499, 1500, 1501, 1502, 1503, 1504, 1505, 1506, 1507, 1508, 1509, 1510, 1511, 1512, 1513, 1521, 1522, 1523, 1524, 1525, 1526, 2435, 2436, 2444, 2445, 2446, 2447, 2448, 2449, 2450, 2451]",0.0,0.0,0,0,"POLYGON ((55.13712448 25.11801215, 55.141843609999995 25.11801215, 55.141843609999995 25.12265478, 55.13712448 25.12265478, 55.13712448 25.11801215))"
47,E7,55.144203175,25.120333464999998,POINT (55.144203175 25.120333464999998),55.14656274,55.141843609999995,25.12265478,25.11801215,[],"[75, 76, 77, 78, 79, 80, 81, 675, 676, 678, 679, 680, 683, 689, 690, 695, 698, 699, 707, 709, 711, 712, 714, 715, 717, 718, 1237, 1249, 1528, 2452, 2453, 2454]",0.0,0.0,0,0,"POLYGON ((55.141843609999995 25.11801215, 55.14656274 25.11801215, 55.14656274 25.12265478, 55.141843609999995 25.12265478, 55.141843609999995 25.11801215))"
48,E8,55.14892230499999,25.120333464999998,POINT (55.14892230499999 25.120333464999998),55.15128187,55.14656274,25.12265478,25.11801215,[259],[684],10.0,10.0,0,0,"POLYGON ((55.14656274 25.11801215, 55.15128187 25.11801215, 55.15128187 25.12265478, 55.14656274 25.12265478, 55.14656274 25.11801215))"
49,E9,55.153641435,25.120333464999998,POINT (55.153641435 25.120333464999998),55.156000999999996,55.15128187,25.12265478,25.11801215,"[388, 389, 390, 477, 488, 489, 551]","[117, 119]",350.0,350.0,0,0,"POLYGON ((55.15128187 25.11801215, 55.156000999999996 25.11801215, 55.156000999999996 25.12265478, 55.15128187 25.12265478, 55.15128187 25.11801215))"
50,F0,55.11116926500001,25.115690834999995,POINT (55.11116926500001 25.115690834999995),55.11352883,55.1088097,25.11801215,25.11336952,"[10, 350, 360, 364, 365]","[86, 93, 94, 96, 100]",250.0,250.0,0,0,"POLYGON ((55.1088097 25.11336952, 55.11352883 25.11336952, 55.11352883 25.11801215, 55.1088097 25.11801215, 55.1088097 25.11336952))"
51,F1,55.11588839499999,25.115690834999995,POINT (55.11588839499999 25.115690834999995),55.11824796,55.11352883,25.11801215,25.11336952,"[159, 366, 367, 368]","[804, 805, 806, 807, 808, 809, 810, 811, 812, 813, 814, 815, 816, 817, 818, 819, 820, 821, 2266]",40.0,40.0,0,0,"POLYGON ((55.11352883 25.11336952, 55.11824796 25.11336952, 55.11824796 25.11801215, 55.11352883 25.11801215, 55.11352883 25.11336952))"
52,F2,55.120607525,25.115690835,POINT (55.120607525 25.115690835),55.12296709,55.11824796,25.11801215,25.11336952,[],"[225, 228, 232, 233, 236, 240, 246, 251, 253, 255, 257, 261, 272, 273, 285, 286, 289, 293, 297, 298, 304, 308, 311, 312, 315, 321, 323, 324, 327, 328, 331, 332, 334, 339, 342, 343, 355, 361, 795, 796, 797, 798, 799, 800, 802, 1148, 1149, 1150, 1151, 2267, 2268, 2311, 2312]",0.0,0.0,0,0,"POLYGON ((55.11824796 25.11336952, 55.12296709 25.11336952, 55.12296709 25.11801215, 55.11824796 25.11801215, 55.11824796 25.11336952))"
53,F3,55.125326654999995,25.115690834999995,POINT (55.125326654999995 25.115690834999995),55.12768622,55.12296709,25.11801215,25.11336952,[537],"[221, 230, 249, 252, 264, 268, 275, 279, 291, 294, 300, 301, 302, 305, 310, 318, 320, 329, 330, 333, 337, 346, 351, 352, 354, 736, 737, 738, 739, 740, 741, 742, 1152, 1153, 1168, 1169, 1170, 1171, 1172, 1173, 1174, 1175, 1176, 1177, 1178, 1179, 1180, 1181, 1182, 1183, 1184, 1185, 1186, 1187, 1188, 1189, 1191, 1192, 1193, 1194, 1195, 1196, 1197, 1198, 2315, 2318]",10.0,10.0,0,0,"POLYGON ((55.12296709 25.11336952, 55.12768622 25.11336952, 55.12768622 25.11801215, 55.12296709 25.11801215, 55.12296709 25.11336952))"
54,F4,55.130045785,25.115690834999995,POINT (55.130045785 25.115690834999995),55.13240535,55.12768622,25.11801215,25.11336952,[],"[366, 367, 370, 371, 372, 734, 826, 831, 1156, 1157, 1158, 1159, 1952, 1953, 1954, 1955, 1956, 1957, 1958, 1959, 1960, 1961, 1962, 1963, 1964, 1965, 1966, 1967, 1968, 1969, 1970, 2021, 2022, 2024, 2025, 2026, 2027, 2028, 2029, 2030, 2031, 2040, 2041, 2042, 2043, 2044, 2045, 2046, 2047, 2128, 2129, 2130, 2131, 2132, 2133, 2134, 2135, 2136, 2137, 2138, 2139, 2140, 2207, 2208, 2209, 2316, 2317, 2343, 2348, 2349, 2350, 2351, 2352, 2353, 2354, 2355, 2356, 2357, 2358]",0.0,0.0,0,0,"POLYGON ((55.12768622 25.11336952, 55.13240535 25.11336952, 55.13240535 25.11801215, 55.12768622 25.11801215, 55.12768622 25.11336952))"
55,F5,55.134764915,25.115690834999995,POINT (55.134764915 25.115690834999995),55.13712448,55.13240535,25.11801215,25.11336952,"[24, 25, 26, 43, 92, 139, 148, 172, 173, 174, 175, 176, 177, 178, 179, 235, 236, 279, 341, 342, 343, 344, 345, 383, 424, 445, 470, 492, 493, 529]","[197, 673, 694, 702, 827, 1756, 1757, 1758, 1759, 1760, 1761, 1762, 1763, 1764, 1765, 1766, 1767, 1768, 1769, 1770, 1771, 1772, 1773, 1774, 1778, 1779, 1780, 1781, 1782, 1783, 1784, 1790, 1793, 1794, 1795, 1800, 1802, 1804, 1805, 1808, 1820, 1871, 1872, 1877, 1878, 1879, 1880, 1888, 1889, 1894, 1895, 1896, 1897, 1898, 1900, 1910, 1911, 2035, 2036, 2037, 2038, 2039, 2051, 2342, 2434]",1020.0,1020.0,0,0,"POLYGON ((55.13240535 25.11336952, 55.13712448 25.11336952, 55.13712448 25.11801215, 55.13240535 25.11801215, 55.13240535 25.11336952))"
56,F6,55.139484044999996,25.115690834999995,POINT (55.139484044999996 25.115690834999995),55.141843609999995,55.13712448,25.11801215,25.11336952,"[253, 254, 310, 311, 391, 392, 393, 425, 528]","[962, 963, 965, 1846, 1847, 1853, 1885, 1886, 1887, 1891, 1892, 1893, 1904, 1905, 1906, 1907, 1908, 1909, 1915, 1920, 1922, 1983, 2265]",450.0,450.0,0,0,"POLYGON ((55.13712448 25.11336952, 55.141843609999995 25.11336952, 55.141843609999995 25.11801215, 55.13712448 25.11801215, 55.13712448 25.11336952))"
57,F7,55.14420317500001,25.115690835,POINT (55.14420317500001 25.115690835),55.14656274,55.141843609999995,25.11801215,25.11336952,[],"[26, 960, 961, 1845, 1854, 1884, 1921]",0.0,0.0,0,0,"POLYGON ((55.141843609999995 25.11336952, 55.14656274 25.11336952, 55.14656274 25.11801215, 55.141843609999995 25.11801215, 55.141843609999995 25.11336952))"
58,F8,55.148922305,25.115690834999995,POINT (55.148922305 25.115690834999995),55.15128187,55.14656274,25.11801215,25.11336952,"[447, 459, 461, 462, 541, 542, 543, 544]","[1014, 1015, 1016, 1017, 1018, 1019, 1020, 1021, 1022, 1023, 1024, 1025, 1026, 1027, 1028, 1029, 1030, 1031, 1032, 1033, 1034, 1035, 1036, 1037, 1038, 1039, 1041, 1042, 1043, 1044, 1049, 1057, 1837]",80.0,80.0,0,0,"POLYGON ((55.14656274 25.11336952, 55.15128187 25.11336952, 55.15128187 25.11801215, 55.14656274 25.11801215, 55.14656274 25.11336952))"
59,F9,55.153641435,25.115690834999995,POINT (55.153641435 25.115690834999995),55.156000999999996,55.15128187,25.11801215,25.11336952,[377],"[192, 194, 2468]",10.0,10.0,0,0,"POLYGON ((55.15128187 25.11336952, 55.156000999999996 25.11336952, 55.156000999999996 25.11801215, 55.15128187 25.11801215, 55.15128187 25.11336952))"
60,G0,55.11116926500001,25.111048205,POINT (55.11116926500001 25.111048205),55.11352883,55.1088097,25.11336952,25.10872689,[],"[85, 87, 88, 89, 90, 91, 92, 95, 97, 98, 101, 102, 103, 104, 105, 106, 378]",0.0,0.0,0,0,"POLYGON ((55.1088097 25.10872689, 55.11352883 25.10872689, 55.11352883 25.11336952, 55.1088097 25.11336952, 55.1088097 25.10872689))"
61,G1,55.11588839499999,25.111048205,POINT (55.11588839499999 25.111048205),55.11824796,55.11352883,25.11336952,25.10872689,"[130, 226, 227, 539]","[277, 280, 288, 303, 313, 317, 347, 356, 2313, 2314]",40.0,40.0,0,0,"POLYGON ((55.11352883 25.10872689, 55.11824796 25.10872689, 55.11824796 25.11336952, 55.11352883 25.11336952, 55.11352883 25.10872689))"
62,G2,55.120607525,25.111048204999992,POINT (55.120607525 25.111048204999992),55.12296709,55.11824796,25.11336952,25.10872689,[],"[229, 239, 241, 254, 256, 265, 266, 271, 274, 282, 326, 340, 344, 345, 348, 350, 359, 360, 745, 748, 749, 750, 751, 752, 753, 754, 755, 1217, 1218, 1233, 1234, 1235, 1236, 2321, 2322, 2323]",0.0,0.0,0,0,"POLYGON ((55.11824796 25.10872689, 55.12296709 25.10872689, 55.12296709 25.11336952, 55.11824796 25.11336952, 55.11824796 25.10872689))"
63,G3,55.125326654999995,25.111048205,POINT (55.125326654999995 25.111048205),55.12768622,55.12296709,25.11336952,25.10872689,"[52, 533, 534, 535, 536]","[743, 1200, 1201, 1202, 1204, 1205, 1206, 1207, 1210, 1211, 1212, 1213, 1214, 1215, 2213, 2214, 2215, 2216, 2218, 2219, 2220, 2221, 2222, 2223, 2224, 2225, 2226, 2227, 2228, 2229, 2230, 2231, 2232, 2233, 2234, 2235, 2236, 2237, 2238, 2239, 2240, 2241, 2243, 2244, 2245, 2319, 2320, 2331, 2332, 2333, 2359, 2360]",50.0,50.0,0,0,"POLYGON ((55.12296709 25.10872689, 55.12768622 25.10872689, 55.12768622 25.11336952, 55.12296709 25.11336952, 55.12296709 25.10872689))"
64,G4,55.130045785,25.111048205,POINT (55.130045785 25.111048205),55.13240535,55.12768622,25.11336952,25.10872689,[],"[828, 829, 830, 836, 837, 2052, 2053, 2054, 2055, 2056, 2057, 2058, 2059, 2060, 2061, 2062, 2063, 2064, 2065, 2066, 2067, 2068, 2069, 2070, 2071, 2072, 2073, 2074, 2075, 2076, 2077, 2078, 2079, 2080, 2081, 2082, 2114, 2115, 2116, 2117, 2118, 2119, 2120, 2121, 2122, 2123, 2124, 2125, 2126, 2212, 2344]",0.0,0.0,0,0,"POLYGON ((55.12768622 25.10872689, 55.13240535 25.10872689, 55.13240535 25.11336952, 55.12768622 25.11336952, 55.12768622 25.10872689))"
65,G5,55.134764915,25.111048205,POINT (55.134764915 25.111048205),55.13712448,55.13240535,25.11336952,25.10872689,[],"[24, 969, 970, 971, 972, 1775, 1776, 1777, 1785, 1786, 1787, 1788, 1789, 1792, 1796, 1797, 1798, 1799, 1801, 1803, 1806, 1807, 1809, 1810, 1811, 1812, 1813, 1814, 1815, 1816, 1817, 1822, 1823, 1824, 1825, 1826, 1827, 1828, 1829, 1830, 1831, 1832, 1882, 1890, 1913, 1914]",0.0,0.0,0,0,"POLYGON ((55.13240535 25.10872689, 55.13712448 25.10872689, 55.13712448 25.11336952, 55.13240535 25.11336952, 55.13240535 25.10872689))"
66,G6,55.139484044999996,25.111048205,POINT (55.139484044999996 25.111048205),55.141843609999995,55.13712448,25.11336952,25.10872689,"[237, 238, 239, 240, 252, 293, 294, 316, 317, 321, 323, 329, 407, 408, 422, 423, 444, 474]","[25, 66, 68, 115, 919, 920, 967, 968, 1874, 1881, 1901, 1919]",900.0,900.0,0,0,"POLYGON ((55.13712448 25.10872689, 55.141843609999995 25.10872689, 55.141843609999995 25.11336952, 55.13712448 25.11336952, 55.13712448 25.10872689))"
67,G7,55.14420317500001,25.111048204999992,POINT (55.14420317500001 25.111048204999992),55.14656274,55.141843609999995,25.11336952,25.10872689,"[50, 141, 142, 185, 241, 242, 250, 251, 270, 271, 290, 295, 296, 297, 305, 306, 307, 308, 309, 312, 313, 318, 320, 327, 328, 346, 347, 394, 426, 428, 450, 451, 452, 453, 454, 455, 456, 457]","[7, 14, 16, 20, 22, 67, 974, 975, 976, 977, 978, 979, 980, 981, 982, 983, 984, 985, 986, 987, 988, 989, 990, 991, 992, 993, 1004, 1005, 1006, 1007, 1008, 1009, 1010, 1011, 1012, 1013, 1074, 1075, 1839, 1840, 1841, 1843, 1844, 1848, 1849, 1850, 1852, 1868, 1916, 1917]",1580.0,1580.0,0,0,"POLYGON ((55.141843609999995 25.10872689, 55.14656274 25.10872689, 55.14656274 25.11336952, 55.141843609999995 25.11336952, 55.141843609999995 25.10872689))"
68,G8,55.148922305,25.111048205,POINT (55.148922305 25.111048205),55.15128187,55.14656274,25.11336952,25.10872689,"[77, 78, 300, 446, 448, 449, 458, 460, 463, 464, 465, 466, 467]","[8, 994, 995, 996, 998, 999, 1000, 1001, 1002, 1003, 1045, 1046, 1050, 1051, 1052, 1053, 1054, 1058, 1059, 1060, 1061, 1062, 1063, 1064, 1065, 1066, 1067, 1068, 1069, 1070, 1071, 1072, 1073, 1079, 1652, 1653, 1654, 1857, 1858, 1859, 1860]",250.0,250.0,0,0,"POLYGON ((55.14656274 25.10872689, 55.15128187 25.10872689, 55.15128187 25.11336952, 55.14656274 25.11336952, 55.14656274 25.10872689))"
69,G9,55.153641435,25.111048205,POINT (55.153641435 25.111048205),55.156000999999996,55.15128187,25.11336952,25.10872689,"[378, 553, 554, 555]",[193],40.0,40.0,0,0,"POLYGON ((55.15128187 25.10872689, 55.156000999999996 25.10872689, 55.156000999999996 25.11336952, 55.15128187 25.11336952, 55.15128187 25.10872689))"
70,H0,55.11116926500001,25.106405575,POINT (55.11116926500001 25.106405575),55.11352883,55.1088097,25.10872689,25.10408426,"[7, 8, 9, 361, 362, 363]","[1944, 1947, 1948]",300.0,300.0,0,0,"POLYGON ((55.1088097 25.10408426, 55.11352883 25.10408426, 55.11352883 25.10872689, 55.1088097 25.10872689, 55.1088097 25.10408426))"
71,H1,55.11588839499999,25.106405575,POINT (55.11588839499999 25.106405575),55.11824796,55.11352883,25.10872689,25.10408426,[],[],0.0,0.0,0,0,"POLYGON ((55.11352883 25.10408426, 55.11824796 25.10408426, 55.11824796 25.10872689, 55.11352883 25.10872689, 55.11352883 25.10408426))"
72,H2,55.120607525,25.106405575,POINT (55.120607525 25.106405575),55.12296709,55.11824796,25.10872689,25.10408426,[51],"[758, 759, 760, 761, 762, 763, 764, 765, 766, 1219, 1220, 1221, 1222, 1223, 1224, 1225, 1226, 1227, 1228, 1229, 1230, 1231, 1232, 2324, 2325, 2326, 2327, 2328, 2329, 2330]",10.0,10.0,0,0,"POLYGON ((55.11824796 25.10408426, 55.12296709 25.10408426, 55.12296709 25.10872689, 55.11824796 25.10872689, 55.11824796 25.10408426))"
73,H3,55.125326654999995,25.106405575,POINT (55.125326654999995 25.106405575),55.12768622,55.12296709,25.10872689,25.10408426,[180],"[2247, 2248, 2249, 2250, 2251, 2334, 2335, 2336, 2339, 2340, 2341]",10.0,10.0,0,0,"POLYGON ((55.12296709 25.10408426, 55.12768622 25.10408426, 55.12768622 25.10872689, 55.12296709 25.10872689, 55.12296709 25.10408426))"
74,H4,55.130045785,25.106405575,POINT (55.130045785 25.106405575),55.13240535,55.12768622,25.10872689,25.10408426,"[280, 281, 282, 532]","[822, 823, 824, 825, 833, 834, 2084, 2085, 2086, 2087, 2088, 2089, 2090, 2091, 2092, 2093, 2094, 2095, 2096, 2097, 2098, 2099, 2100, 2101, 2102, 2103, 2104, 2105, 2106, 2107, 2108, 2109, 2110, 2111, 2112, 2113, 2345, 2346]",40.0,40.0,0,0,"POLYGON ((55.12768622 25.10408426, 55.13240535 25.10408426, 55.13240535 25.10872689, 55.12768622 25.10872689, 55.12768622 25.10408426))"
75,H5,55.134764915,25.106405575,POINT (55.134764915 25.106405575),55.13712448,55.13240535,25.10872689,25.10408426,[147],"[1741, 1742, 1743, 1744, 1745, 1746, 1747, 1748, 1749, 1750, 1751, 1752, 1753, 1754, 1755, 1819, 1834, 1835, 1836]",10.0,10.0,0,0,"POLYGON ((55.13240535 25.10408426, 55.13712448 25.10408426, 55.13712448 25.10872689, 55.13240535 25.10872689, 55.13240535 25.10408426))"
76,H6,55.139484044999996,25.106405575,POINT (55.139484044999996 25.106405575),55.141843609999995,55.13712448,25.10872689,25.10408426,[],[],0.0,0.0,0,0,"POLYGON ((55.13712448 25.10408426, 55.141843609999995 25.10408426, 55.141843609999995 25.10872689, 55.13712448 25.10872689, 55.13712448 25.10408426))"
77,H7,55.14420317500001,25.106405575,POINT (55.14420317500001 25.106405575),55.14656274,55.141843609999995,25.10872689,25.10408426,"[49, 56, 57, 243, 249, 314, 315]","[72, 1564, 1565, 1951, 2252]",350.0,350.0,0,0,"POLYGON ((55.141843609999995 25.10408426, 55.14656274 25.10408426, 55.14656274 25.10872689, 55.141843609999995 25.10872689, 55.141843609999995 25.10408426))"
78,H8,55.148922305,25.106405575,POINT (55.148922305 25.106405575),55.15128187,55.14656274,25.10872689,25.10408426,"[58, 59, 60, 126, 127, 156, 244, 245, 247, 248, 274, 275, 276, 291, 292, 298, 299, 304, 319, 322, 325, 326, 330, 331, 420, 421, 427]","[11, 12, 13, 17, 19, 21, 65, 70, 73, 1087, 1541, 1542, 1545, 1547, 1863, 1864, 1865, 1866, 1867, 1869]",1350.0,1350.0,0,0,"POLYGON ((55.14656274 25.10408426, 55.15128187 25.10408426, 55.15128187 25.10872689, 55.14656274 25.10872689, 55.14656274 25.10408426))"
79,H9,55.153641435,25.106405575,POINT (55.153641435 25.106405575),55.156000999999996,55.15128187,25.10872689,25.10408426,"[107, 301, 302, 303, 324]","[1080, 1548, 1549, 1550, 1551, 1552, 1553, 1554, 1567, 1568, 1856, 1876]",250.0,250.0,0,0,"POLYGON ((55.15128187 25.10408426, 55.156000999999996 25.10408426, 55.156000999999996 25.10872689, 55.15128187 25.10872689, 55.15128187 25.10408426))"
80,I0,55.111169265,25.101762944999997,POINT (55.111169265 25.101762944999997),55.11352883,55.1088097,25.10408426,25.099441629999998,"[6, 338]",[],100.0,100.0,0,0,"POLYGON ((55.1088097 25.099441629999998, 55.11352883 25.099441629999998, 55.11352883 25.10408426, 55.1088097 25.10408426, 55.1088097 25.099441629999998))"
81,I1,55.115888395,25.101762944999997,POINT (55.115888395 25.101762944999997),55.11824796,55.11352883,25.10408426,25.099441629999998,[337],"[1571, 1572]",50.0,50.0,0,0,"POLYGON ((55.11352883 25.099441629999998, 55.11824796 25.099441629999998, 55.11824796 25.10408426, 55.11352883 25.10408426, 55.11352883 25.099441629999998))"
82,I2,55.120607525,25.101762944999997,POINT (55.120607525 25.101762944999997),55.12296709,55.11824796,25.10408426,25.099441629999998,[],[],0.0,0.0,0,0,"POLYGON ((55.11824796 25.099441629999998, 55.12296709 25.099441629999998, 55.12296709 25.10408426, 55.11824796 25.10408426, 55.11824796 25.099441629999998))"
83,I3,55.12532665500001,25.101762944999997,POINT (55.12532665500001 25.101762944999997),55.12768622,55.12296709,25.10408426,25.099441629999998,[],[],0.0,0.0,0,0,"POLYGON ((55.12296709 25.099441629999998, 55.12768622 25.099441629999998, 55.12768622 25.10408426, 55.12296709 25.10408426, 55.12296709 25.099441629999998))"
84,I4,55.13004578499999,25.101762944999997,POINT (55.13004578499999 25.101762944999997),55.13240535,55.12768622,25.10408426,25.099441629999998,[],"[1594, 1595, 1649, 1650, 1651]",0.0,0.0,0,0,"POLYGON ((55.12768622 25.099441629999998, 55.13240535 25.099441629999998, 55.13240535 25.10408426, 55.12768622 25.10408426, 55.12768622 25.099441629999998))"
85,I5,55.13476491499999,25.101762944999997,POINT (55.13476491499999 25.101762944999997),55.13712448,55.13240535,25.10408426,25.099441629999998,[],"[1583, 1584, 1587, 1588, 1589, 1590, 1591, 1592, 1596, 1597, 1598, 1642, 1643, 1644, 1645, 1646, 1647, 1648]",0.0,0.0,0,0,"POLYGON ((55.13240535 25.099441629999998, 55.13712448 25.099441629999998, 55.13712448 25.10408426, 55.13240535 25.10408426, 55.13240535 25.099441629999998))"
86,I6,55.139484044999996,25.101762944999997,POINT (55.139484044999996 25.101762944999997),55.141843609999995,55.13712448,25.10408426,25.099441629999998,"[497, 498, 514, 518]",[2155],200.0,200.0,0,0,"POLYGON ((55.13712448 25.099441629999998, 55.141843609999995 25.099441629999998, 55.141843609999995 25.10408426, 55.13712448 25.10408426, 55.13712448 25.099441629999998))"
87,I7,55.144203175,25.101762944999997,POINT (55.144203175 25.101762944999997),55.14656274,55.141843609999995,25.10408426,25.099441629999998,"[494, 495, 496, 508, 509, 515, 517]",[],350.0,350.0,0,0,"POLYGON ((55.141843609999995 25.099441629999998, 55.14656274 25.099441629999998, 55.14656274 25.10408426, 55.141843609999995 25.10408426, 55.141843609999995 25.099441629999998))"
88,I8,55.14892230499999,25.101762944999997,POINT (55.14892230499999 25.101762944999997),55.15128187,55.14656274,25.10408426,25.099441629999998,[246],"[1559, 1560, 1561, 1562, 2143]",50.0,50.0,0,0,"POLYGON ((55.14656274 25.099441629999998, 55.15128187 25.099441629999998, 55.15128187 25.10408426, 55.14656274 25.10408426, 55.14656274 25.099441629999998))"
89,I9,55.153641435,25.101762944999997,POINT (55.153641435 25.101762944999997),55.156000999999996,55.15128187,25.10408426,25.099441629999998,"[33, 34, 76, 106, 124, 125, 223, 263, 372, 435, 527]","[212, 1085, 1086, 1544, 1670, 1671, 1672, 2275, 2276, 2279, 2280, 2281, 2283, 2284, 2285, 2286, 2287, 2288, 2289, 2290, 2291, 2292, 2293, 2294, 2295, 2296, 2297, 2298, 2299, 2300, 2301, 2302, 2304]",550.0,550.0,0,0,"POLYGON ((55.15128187 25.099441629999998, 55.156000999999996 25.099441629999998, 55.156000999999996 25.10408426, 55.15128187 25.10408426, 55.15128187 25.099441629999998))"
90,J0,55.11116926500001,25.097120314999998,POINT (55.11116926500001 25.097120314999998),55.11352883,55.1088097,25.099441629999998,25.094799,[],[],0.0,0.0,0,0,"POLYGON ((55.1088097 25.094799, 55.11352883 25.094799, 55.11352883 25.099441629999998, 55.1088097 25.099441629999998, 55.1088097 25.094799))"
91,J1,55.11588839499999,25.097120314999998,POINT (55.11588839499999 25.097120314999998),55.11824796,55.11352883,25.099441629999998,25.094799,[],[],0.0,0.0,0,0,"POLYGON ((55.11352883 25.094799, 55.11824796 25.094799, 55.11824796 25.099441629999998, 55.11352883 25.099441629999998, 55.11352883 25.094799))"
92,J2,55.120607525,25.097120314999998,POINT (55.120607525 25.097120314999998),55.12296709,55.11824796,25.099441629999998,25.094799,[],[732],0.0,0.0,0,0,"POLYGON ((55.11824796 25.094799, 55.12296709 25.094799, 55.12296709 25.099441629999998, 55.11824796 25.099441629999998, 55.11824796 25.094799))"
93,J3,55.125326654999995,25.097120314999998,POINT (55.125326654999995 25.097120314999998),55.12768622,55.12296709,25.099441629999998,25.094799,"[339, 436, 437, 438, 439, 440]","[728, 729, 731, 1573, 1574, 1575, 1576, 1694, 1695, 1696, 1697, 1698, 1699, 1700, 1701, 1702, 1703, 1704, 1705, 1706, 1707, 1708, 1709, 1710, 1711, 1712, 1713, 1714, 2146]",300.0,300.0,0,0,"POLYGON ((55.12296709 25.094799, 55.12768622 25.094799, 55.12768622 25.099441629999998, 55.12296709 25.099441629999998, 55.12296709 25.094799))"
94,J4,55.130045785,25.097120314999998,POINT (55.130045785 25.097120314999998),55.13240535,55.12768622,25.099441629999998,25.094799,"[395, 396, 397, 398]","[1578, 1579, 1580, 1581, 1582, 1618, 1622, 1629, 1630, 1631, 1632, 1633, 1634, 1635, 1636, 1676, 1677, 1678, 1679, 1680, 1681, 1682, 1683, 1684, 1685, 1686, 1687, 1692, 1693]",200.0,200.0,0,0,"POLYGON ((55.12768622 25.094799, 55.13240535 25.094799, 55.13240535 25.099441629999998, 55.12768622 25.099441629999998, 55.12768622 25.094799))"
95,J5,55.134764915,25.097120314999998,POINT (55.134764915 25.097120314999998),55.13712448,55.13240535,25.099441629999998,25.094799,"[500, 510, 521, 526]","[1570, 1585, 1599, 1600, 1601, 1602, 1604, 1605, 1606, 1607, 1608, 1609, 1610, 1611, 1612, 1613, 1614, 1615, 1616, 1621, 1623, 1625, 1626, 1627, 1628, 1637, 1638, 1639, 1641, 1976, 2151, 2152]",200.0,200.0,0,0,"POLYGON ((55.13240535 25.094799, 55.13712448 25.094799, 55.13712448 25.099441629999998, 55.13240535 25.099441629999998, 55.13240535 25.094799))"
96,J6,55.139484044999996,25.097120314999998,POINT (55.139484044999996 25.097120314999998),55.141843609999995,55.13712448,25.099441629999998,25.094799,"[478, 479, 480, 481, 482, 483, 484, 485, 486, 487, 499, 511, 512, 513, 519, 520, 522, 523, 524, 525, 530, 531]","[1977, 1978, 1979, 2153]",1100.0,1100.0,0,0,"POLYGON ((55.13712448 25.094799, 55.141843609999995 25.094799, 55.141843609999995 25.099441629999998, 55.13712448 25.099441629999998, 55.13712448 25.094799))"
97,J7,55.14420317500001,25.097120314999998,POINT (55.14420317500001 25.097120314999998),55.14656274,55.141843609999995,25.099441629999998,25.094799,[],"[2147, 2148, 2149, 2150]",0.0,0.0,0,0,"POLYGON ((55.141843609999995 25.094799, 55.14656274 25.094799, 55.14656274 25.099441629999998, 55.141843609999995 25.099441629999998, 55.141843609999995 25.094799))"
98,J8,55.148922305,25.097120314999998,POINT (55.148922305 25.097120314999998),55.15128187,55.14656274,25.099441629999998,25.094799,[],"[205, 207, 210, 1081, 1082]",0.0,0.0,0,0,"POLYGON ((55.14656274 25.094799, 55.15128187 25.094799, 55.15128187 25.099441629999998, 55.14656274 25.099441629999998, 55.14656274 25.094799))"
99,J9,55.153641435,25.097120314999998,POINT (55.153641435 25.097120314999998),55.156000999999996,55.15128187,25.099441629999998,25.094799,"[0, 1, 2, 3, 61, 62, 89, 90, 104, 105, 108, 109, 110, 128, 129, 145, 146, 186, 187, 202, 203, 224, 225, 264, 369, 370, 371, 373, 416, 417, 418, 419, 430, 431, 432, 433, 434, 468, 469, 475, 476, 516]","[199, 201, 202, 203, 204, 206, 209, 211, 214, 215, 216, 217, 219, 909, 921, 922, 923, 928, 930, 931, 1083, 2141, 2142, 2145, 2282, 2303, 2457, 2458, 2459, 2460, 2461, 2462, 2463, 2464, 2465, 2466, 2467]",2100.0,2100.0,0,0,"POLYGON ((55.15128187 25.094799, 55.156000999999996 25.094799, 55.156000999999996 25.099441629999998, 55.15128187 25.099441629999998, 55.15128187 25.094799))"
100,gate0,55.11116926500001,25.143546615,POINT (55.11116926500001 25.143546615),0.0,0.0,0.0,0.0,[],[],0.0,0.0,0,0,POINT (55.11116926500001 25.143546615)
101,gate1,55.11588839499999,25.143546615,POINT (55.11588839499999 25.143546615),0.0,0.0,0.0,0.0,[],[],0.0,0.0,0,0,POINT (55.11588839499999 25.143546615)
102,gate2,55.120607525,25.143546614999998,POINT (55.120607525 25.143546614999998),0.0,0.0,0.0,0.0,[],[],0.0,0.0,0,0,POINT (55.120607525 25.143546614999998)
103,gate3,55.125326654999995,25.143546615,POINT (55.125326654999995 25.143546615),0.0,0.0,0.0,0.0,[],[],0.0,0.0,0,0,POINT (55.125326654999995 25.143546615)
104,gate4,55.130045785,25.143546615,POINT (55.130045785 25.143546615),0.0,0.0,0.0,0.0,[],[],0.0,0.0,0,0,POINT (55.130045785 25.143546615)
105,gate5,55.134764915,25.143546615,POINT (55.134764915 25.143546615),0.0,0.0,0.0,0.0,[],[],0.0,0.0,0,0,POINT (55.134764915 25.143546615)
106,gate6,55.139484044999996,25.143546615,POINT (55.139484044999996 25.143546615),0.0,0.0,0.0,0.0,[],[],0.0,0.0,0,0,POINT (55.139484044999996 25.143546615)
107,gate7,55.14420317500001,25.143546614999998,POINT (55.14420317500001 25.143546614999998),0.0,0.0,0.0,0.0,[],[],0.0,0.0,0,0,POINT (55.14420317500001 25.143546614999998)
108,gate8,55.148922305,25.143546615,POINT (55.148922305 25.143546615),0.0,0.0,0.0,0.0,[],[],0.0,0.0,0,0,POINT (55.148922305 25.143546615)
109,gate9,55.153641435,25.143546615,POINT (55.153641435 25.143546615),0.0,0.0,0.0,0.0,[],[],0.0,0.0,0,0,POINT (55.153641435 25.143546615)
110,gate10,55.11116926500001,25.092477685,POINT (55.11116926500001 25.092477685),0.0,0.0,0.0,0.0,[],[],0.0,0.0,0,0,POINT (55.11116926500001 25.092477685)
111,gate11,55.11588839499999,25.092477685,POINT (55.11588839499999 25.092477685),0.0,0.0,0.0,0.0,[],[],0.0,0.0,0,0,POINT (55.11588839499999 25.092477685)
112,gate12,55.120607525,25.092477685,POINT (55.120607525 25.092477685),0.0,0.0,0.0,0.0,[],[],0.0,0.0,0,0,POINT (55.120607525 25.092477685)
113,gate13,55.125326654999995,25.092477685,POINT (55.125326654999995 25.092477685),0.0,0.0,0.0,0.0,[],[],0.0,0.0,0,0,POINT (55.125326654999995 25.092477685)
114,gate14,55.130045785,25.092477685,POINT (55.130045785 25.092477685),0.0,0.0,0.0,0.0,[],[],0.0,0.0,0,0,POINT (55.130045785 25.092477685)
115,gate15,55.134764915,25.092477685,POINT (55.134764915 25.092477685),0.0,0.0,0.0,0.0,[],[],0.0,0.0,0,0,POINT (55.134764915 25.092477685)
116,gate16,55.139484044999996,25.092477685,POINT (55.139484044999996 25.092477685),0.0,0.0,0.0,0.0,[],[],0.0,0.0,0,0,POINT (55.139484044999996 25.092477685)
117,gate17,55.14420317500001,25.092477685,POINT (55.14420317500001 25.092477685),0.0,0.0,0.0,0.0,[],[],0.0,0.0,0,0,POINT (55.14420317500001 25.092477685)
118,gate18,55.148922305,25.092477685,POINT (55.148922305 25.092477685),0.0,0.0,0.0,0.0,[],[],0.0,0.0,0,0,POINT (55.148922305 25.092477685)
119,gate19,55.153641435,25.092477685,POINT (55.153641435 25.092477685),0.0,0.0,0.0,0.0,[],[],0.0,0.0,0,0,POINT (55.153641435 25.092477685)
120,gate20,55.10645013500001,25.138903985000002,POINT (55.10645013500001 25.138903985000002),0.0,0.0,0.0,0.0,[],[],0.0,0.0,0,0,POINT (55.10645013500001 25.138903985000002)
121,gate21,55.106450135,25.134261355000003,POINT (55.106450135 25.134261355000003),0.0,0.0,0.0,0.0,[],[],0.0,0.0,0,0,POINT (55.106450135 25.134261355000003)
122,gate22,55.10645013500001,25.129618725000004,POINT (55.10645013500001 25.129618725000004),0.0,0.0,0.0,0.0,[],[],0.0,0.0,0,0,POINT (55.10645013500001 25.129618725000004)
123,gate23,55.10645013500001,25.124976095,POINT (55.10645013500001 25.124976095),0.0,0.0,0.0,0.0,[],[],0.0,0.0,0,0,POINT (55.10645013500001 25.124976095)
124,gate24,55.106450135,25.120333464999998,POINT (55.106450135 25.120333464999998),0.0,0.0,0.0,0.0,[],[],0.0,0.0,0,0,POINT (55.106450135 25.120333464999998)
125,gate25,55.10645013500001,25.115690834999995,POINT (55.10645013500001 25.115690834999995),0.0,0.0,0.0,0.0,[],[],0.0,0.0,0,0,POINT (55.10645013500001 25.115690834999995)
126,gate26,55.10645013500001,25.111048205,POINT (55.10645013500001 25.111048205),0.0,0.0,0.0,0.0,[],[],0.0,0.0,0,0,POINT (55.10645013500001 25.111048205)
127,gate27,55.10645013500001,25.106405575,POINT (55.10645013500001 25.106405575),0.0,0.0,0.0,0.0,[],[],0.0,0.0,0,0,POINT (55.10645013500001 25.106405575)
128,gate28,55.106450135,25.101762944999997,POINT (55.106450135 25.101762944999997),0.0,0.0,0.0,0.0,[],[],0.0,0.0,0,0,POINT (55.106450135 25.101762944999997)
129,gate29,55.10645013500001,25.097120314999998,POINT (55.10645013500001 25.097120314999998),0.0,0.0,0.0,0.0,[],[],0.0,0.0,0,0,POINT (55.10645013500001 25.097120314999998)
130,gate30,55.158360564999995,25.138903985000002,POINT (55.158360564999995 25.138903985000002),0.0,0.0,0.0,0.0,[],[],0.0,0.0,0,0,POINT (55.158360564999995 25.138903985000002)
131,gate31,55.158360564999995,25.134261355000003,POINT (55.158360564999995 25.134261355000003),0.0,0.0,0.0,0.0,[],[],0.0,0.0,0,0,POINT (55.158360564999995 25.134261355000003)
132,gate32,55.158360564999995,25.129618725000004,POINT (55.158360564999995 25.129618725000004),0.0,0.0,0.0,0.0,[],[],0.0,0.0,0,0,POINT (55.158360564999995 25.129618725000004)
133,gate33,55.158360564999995,25.124976095,POINT (55.158360564999995 25.124976095),0.0,0.0,0.0,0.0,[],[],0.0,0.0,0,0,POINT (55.158360564999995 25.124976095)
134,gate34,55.158360564999995,25.120333464999998,POINT (55.158360564999995 25.120333464999998),0.0,0.0,0.0,0.0,[],[],0.0,0.0,0,0,POINT (55.158360564999995 25.120333464999998)
135,gate35,55.158360564999995,25.115690834999995,POINT (55.158360564999995 25.115690834999995),0.0,0.0,0.0,0.0,[],[],0.0,0.0,0,0,POINT (55.158360564999995 25.115690834999995)
136,gate36,55.158360564999995,25.111048205,POINT (55.158360564999995 25.111048205),0.0,0.0,0.0,0.0,[],[],0.0,0.0,0,0,POINT (55.158360564999995 25.111048205)
137,gate37,55.158360564999995,25.106405575,POINT (55.158360564999995 25.106405575),0.0,0.0,0.0,0.0,[],[],0.0,0.0,0,0,POINT (55.158360564999995 25.106405575)
138,gate38,55.158360564999995,25.101762944999997,POINT (55.158360564999995 25.101762944999997),0.0,0.0,0.0,0.0,[],[],0.0,0.0,0,0,POINT (55.158360564999995 25.101762944999997)
139,gate39,55.158360564999995,25.097120314999998,POINT (55.158360564999995 25.097120314999998),0.0,0.0,0.0,0.0,[],[],0.0,0.0,0,0,POINT (55.158360564999995 25.097120314999998)
