o_zone_id,d_zone_id,accessibility (km),geometry
0,0,0.0,"LINESTRING (-76.95614896113524 38.979556977077486,-76.95614896113524 38.979556977077486)"
0,1,0.5582769421562637,"LINESTRING (-76.95614896113524 38.979556977077486,-76.9503705959991 38.979262715910416)"
0,2,1.2633016422890635,"LINESTRING (-76.95614896113524 38.979556977077486,-76.94306724620641 38.98008989839545)"
0,3,1.8005230506326615,"LINESTRING (-76.95614896113524 38.979556977077486,-76.93748964696455 38.97973917233188)"
0,4,2.3131360911274994,"LINESTRING (-76.95614896113524 38.979556977077486,-76.93217898394533 38.97918868236121)"
0,5,0.5008517379954796,"LINESTRING (-76.95614896113524 38.979556977077486,-76.95654038918376 38.98473290872155)"
0,6,0.8682909239969809,"LINESTRING (-76.95614896113524 38.979556977077486,-76.94918515736619 38.98525638276749)"
0,7,1.2945436589723902,"LINESTRING (-76.95614896113524 38.979556977077486,-76.94391753002535 38.985069739862865)"
0,8,1.8502896032541662,"LINESTRING (-76.95614896113524 38.979556977077486,-76.93782936830148 38.98522358509069)"
0,9,2.289944062169767,"LINESTRING (-76.95614896113524 38.979556977077486,-76.93281099835939 38.98386611360585)"
0,10,1.1246178920479766,"LINESTRING (-76.95614896113524 38.979556977077486,-76.95679046211451 38.9911945889552)"
0,11,1.3247872964411433,"LINESTRING (-76.95614896113524 38.979556977077486,-76.94939878151207 38.991512819518306)"
0,12,1.639945057469208,"LINESTRING (-76.95614896113524 38.979556977077486,-76.94348046644811 38.99088718523098)"
0,13,2.03533323545545,"LINESTRING (-76.95614896113524 38.979556977077486,-76.93804582130882 38.99038386195248)"
0,14,2.566290711987904,"LINESTRING (-76.95614896113524 38.979556977077486,-76.93229361007478 38.99131678004122)"
0,15,1.6282615955740842,"LINESTRING (-76.95614896113524 38.979556977077486,-76.9564057308593 38.99642994930704)"
0,16,1.8563626134770177,"LINESTRING (-76.95614896113524 38.979556977077486,-76.94883356408197 38.997350815863484)"
0,17,2.0464993960929636,"LINESTRING (-76.95614896113524 38.979556977077486,-76.94314368324747 38.99631118029311)"
0,18,2.336045735031778,"LINESTRING (-76.95614896113524 38.979556977077486,-76.93814701133961 38.99574541006349)"
0,19,2.886800242162361,"LINESTRING (-76.95614896113524 38.979556977077486,-76.93146902382163 38.996468367367)"
0,20,2.2746751938005128,"LINESTRING (-76.95614896113524 38.979556977077486,-76.95632289196739 39.003130542025964)"
0,21,2.266378374630353,"LINESTRING (-76.95614896113524 38.979556977077486,-76.9493981599047 39.00205415855821)"
0,22,2.471176976411986,"LINESTRING (-76.95614896113524 38.979556977077486,-76.9437501126586 39.00196627858609)"
0,23,2.7319283484753445,"LINESTRING (-76.95614896113524 38.979556977077486,-76.9376205466815 39.000965571665056)"
0,24,3.283572310008717,"LINESTRING (-76.95614896113524 38.979556977077486,-76.93123840128628 39.0027413970488)"
1,0,0.5582769421562637,"LINESTRING (-76.9503705959991 38.979262715910416,-76.95614896113524 38.979556977077486)"
1,1,0.0,"LINESTRING (-76.9503705959991 38.979262715910416,-76.9503705959991 38.979262715910416)"
1,2,0.7092057603684062,"LINESTRING (-76.9503705959991 38.979262715910416,-76.94306724620641 38.98008989839545)"
1,3,1.2437327398896523,"LINESTRING (-76.9503705959991 38.979262715910416,-76.93748964696455 38.97973917233188)"
1,4,1.7553231827854674,"LINESTRING (-76.9503705959991 38.979262715910416,-76.93217898394533 38.97918868236121)"
1,5,0.7956146555698299,"LINESTRING (-76.9503705959991 38.979262715910416,-76.95654038918376 38.98473290872155)"
1,6,0.5895318470111025,"LINESTRING (-76.9503705959991 38.979262715910416,-76.94918515736619 38.98525638276749)"
1,7,0.837650956466179,"LINESTRING (-76.9503705959991 38.979262715910416,-76.94391753002535 38.985069739862865)"
1,8,1.3398370615139106,"LINESTRING (-76.9503705959991 38.979262715910416,-76.93782936830148 38.98522358509069)"
1,9,1.7515811909726207,"LINESTRING (-76.9503705959991 38.979262715910416,-76.93281099835939 38.98386611360585)"
1,10,1.3073746090308849,"LINESTRING (-76.9503705959991 38.979262715910416,-76.95679046211451 38.9911945889552)"
1,11,1.1857261182492007,"LINESTRING (-76.9503705959991 38.979262715910416,-76.94939878151207 38.991512819518306)"
1,12,1.3038729517365995,"LINESTRING (-76.9503705959991 38.979262715910416,-76.94348046644811 38.99088718523098)"
1,13,1.6017920105255337,"LINESTRING (-76.9503705959991 38.979262715910416,-76.93804582130882 38.99038386195248)"
1,14,2.0964723215927004,"LINESTRING (-76.9503705959991 38.979262715910416,-76.93229361007478 38.99131678004122)"
1,15,1.755844295057529,"LINESTRING (-76.9503705959991 38.979262715910416,-76.9564057308593 38.99642994930704)"
1,16,1.7516106576392938,"LINESTRING (-76.9503705959991 38.979262715910416,-76.94883356408197 38.997350815863484)"
1,17,1.7867030286825805,"LINESTRING (-76.9503705959991 38.979262715910416,-76.94314368324747 38.99631118029311)"
1,18,1.9800331738771562,"LINESTRING (-76.9503705959991 38.979262715910416,-76.93814701133961 38.99574541006349)"
1,19,2.466266039699663,"LINESTRING (-76.9503705959991 38.979262715910416,-76.93146902382163 38.996468367367)"
1,20,2.3735421136310695,"LINESTRING (-76.9503705959991 38.979262715910416,-76.95632289196739 39.003130542025964)"
1,21,2.201147107714856,"LINESTRING (-76.9503705959991 38.979262715910416,-76.9493981599047 39.00205415855821)"
1,22,2.2819070182074324,"LINESTRING (-76.9503705959991 38.979262715910416,-76.9437501126586 39.00196627858609)"
1,23,2.428746846936326,"LINESTRING (-76.9503705959991 38.979262715910416,-76.9376205466815 39.000965571665056)"
1,24,2.922371879697849,"LINESTRING (-76.9503705959991 38.979262715910416,-76.93123840128628 39.0027413970488)"
2,0,1.2633016422890635,"LINESTRING (-76.94306724620641 38.98008989839545,-76.95614896113524 38.979556977077486)"
2,1,0.7092057603684062,"LINESTRING (-76.94306724620641 38.98008989839545,-76.9503705959991 38.979262715910416)"
2,2,0.0,"LINESTRING (-76.94306724620641 38.98008989839545,-76.94306724620641 38.98008989839545)"
2,3,0.5392454998195111,"LINESTRING (-76.94306724620641 38.98008989839545,-76.93748964696455 38.97973917233188)"
2,4,1.0542010320295916,"LINESTRING (-76.94306724620641 38.98008989839545,-76.93217898394533 38.97918868236121)"
2,5,1.3750523318528818,"LINESTRING (-76.94306724620641 38.98008989839545,-76.95654038918376 38.98473290872155)"
2,6,0.7726517573159387,"LINESTRING (-76.94306724620641 38.98008989839545,-76.94918515736619 38.98525638276749)"
2,7,0.48745888151680605,"LINESTRING (-76.94306724620641 38.98008989839545,-76.94391753002535 38.985069739862865)"
2,8,0.7076744214317384,"LINESTRING (-76.94306724620641 38.98008989839545,-76.93782936830148 38.98522358509069)"
2,9,1.0545717887323722,"LINESTRING (-76.94306724620641 38.98008989839545,-76.93281099835939 38.98386611360585)"
2,10,1.7033718537289795,"LINESTRING (-76.94306724620641 38.98008989839545,-76.95679046211451 38.9911945889552)"
2,11,1.2601884586180183,"LINESTRING (-76.94306724620641 38.98008989839545,-76.94939878151207 38.991512819518306)"
2,12,1.0425928859769227,"LINESTRING (-76.94306724620641 38.98008989839545,-76.94348046644811 38.99088718523098)"
2,13,1.105138659325999,"LINESTRING (-76.94306724620641 38.98008989839545,-76.93804582130882 38.99038386195248)"
2,14,1.5013859719455682,"LINESTRING (-76.94306724620641 38.98008989839545,-76.93229361007478 38.99131678004122)"
2,15,2.035258509744197,"LINESTRING (-76.94306724620641 38.98008989839545,-76.9564057308593 38.99642994930704)"
2,16,1.7559846417279619,"LINESTRING (-76.94306724620641 38.98008989839545,-76.94883356408197 38.997350815863484)"
2,17,1.565208867212018,"LINESTRING (-76.94306724620641 38.98008989839545,-76.94314368324747 38.99631118029311)"
2,18,1.5834469297435831,"LINESTRING (-76.94306724620641 38.98008989839545,-76.93814701133961 38.99574541006349)"
2,19,1.9364776361411045,"LINESTRING (-76.94306724620641 38.98008989839545,-76.93146902382163 38.996468367367)"
2,20,2.564862113926859,"LINESTRING (-76.94306724620641 38.98008989839545,-76.95632289196739 39.003130542025964)"
2,21,2.2056128036715985,"LINESTRING (-76.94306724620641 38.98008989839545,-76.9493981599047 39.00205415855821)"
2,22,2.1118800418579475,"LINESTRING (-76.94306724620641 38.98008989839545,-76.9437501126586 39.00196627858609)"
2,23,2.0817262329982147,"LINESTRING (-76.94306724620641 38.98008989839545,-76.9376205466815 39.000965571665056)"
2,24,2.465714989260916,"LINESTRING (-76.94306724620641 38.98008989839545,-76.93123840128628 39.0027413970488)"
3,0,1.8005230506326615,"LINESTRING (-76.93748964696455 38.97973917233188,-76.95614896113524 38.979556977077486)"
3,1,1.2437327398896523,"LINESTRING (-76.93748964696455 38.97973917233188,-76.9503705959991 38.979262715910416)"
3,2,0.5392454998195111,"LINESTRING (-76.93748964696455 38.97973917233188,-76.94306724620641 38.98008989839545)"
3,3,0.0,"LINESTRING (-76.93748964696455 38.97973917233188,-76.93748964696455 38.97973917233188)"
3,4,0.5151714948581464,"LINESTRING (-76.93748964696455 38.97973917233188,-76.93217898394533 38.97918868236121)"
3,5,1.900309694019983,"LINESTRING (-76.93748964696455 38.97973917233188,-76.95654038918376 38.98473290872155)"
3,6,1.2477637266748316,"LINESTRING (-76.93748964696455 38.97973917233188,-76.94918515736619 38.98525638276749)"
3,7,0.8057500323225937,"LINESTRING (-76.93748964696455 38.97973917233188,-76.94391753002535 38.985069739862865)"
3,8,0.5302052530203817,"LINESTRING (-76.93748964696455 38.97973917233188,-76.93782936830148 38.98522358509069)"
3,9,0.6019723127095536,"LINESTRING (-76.93748964696455 38.97973917233188,-76.93281099835939 38.98386611360585)"
3,10,2.165653587243868,"LINESTRING (-76.93748964696455 38.97973917233188,-76.95679046211451 38.9911945889552)"
3,11,1.6158726413854514,"LINESTRING (-76.93748964696455 38.97973917233188,-76.94939878151207 38.991512819518306)"
3,12,1.2211537048877505,"LINESTRING (-76.93748964696455 38.97973917233188,-76.94348046644811 38.99088718523098)"
3,13,1.0285071239996164,"LINESTRING (-76.93748964696455 38.97973917233188,-76.93804582130882 38.99038386195248)"
3,14,1.224472165222794,"LINESTRING (-76.93748964696455 38.97973917233188,-76.93229361007478 38.99131678004122)"
3,15,2.434150814493491,"LINESTRING (-76.93748964696455 38.97973917233188,-76.9564057308593 38.99642994930704)"
3,16,2.0213548292756767,"LINESTRING (-76.93748964696455 38.97973917233188,-76.94883356408197 38.997350815863484)"
3,17,1.6895384511495117,"LINESTRING (-76.93748964696455 38.97973917233188,-76.94314368324747 38.99631118029311)"
3,18,1.5457438228980993,"LINESTRING (-76.93748964696455 38.97973917233188,-76.93814701133961 38.99574541006349)"
3,19,1.7155527720181774,"LINESTRING (-76.93748964696455 38.97973917233188,-76.93146902382163 38.996468367367)"
3,20,2.89766923299116,"LINESTRING (-76.93748964696455 38.97973917233188,-76.95632289196739 39.003130542025964)"
3,21,2.440589172199619,"LINESTRING (-76.93748964696455 38.97973917233188,-76.9493981599047 39.00205415855821)"
3,22,2.2281412700806067,"LINESTRING (-76.93748964696455 38.97973917233188,-76.9437501126586 39.00196627858609)"
3,23,2.0481742164389063,"LINESTRING (-76.93748964696455 38.97973917233188,-76.9376205466815 39.000965571665056)"
3,24,2.299987289780575,"LINESTRING (-76.93748964696455 38.97973917233188,-76.93123840128628 39.0027413970488)"
4,0,2.3131360911274994,"LINESTRING (-76.93217898394533 38.97918868236121,-76.95614896113524 38.979556977077486)"
4,1,1.7553231827854674,"LINESTRING (-76.93217898394533 38.97918868236121,-76.9503705959991 38.979262715910416)"
4,2,1.0542010320295916,"LINESTRING (-76.93217898394533 38.97918868236121,-76.94306724620641 38.98008989839545)"
4,3,0.5151714948581464,"LINESTRING (-76.93217898394533 38.97918868236121,-76.93748964696455 38.97973917233188)"
4,4,0.0,"LINESTRING (-76.93217898394533 38.97918868236121,-76.93217898394533 38.97918868236121)"
4,5,2.410737549025571,"LINESTRING (-76.93217898394533 38.97918868236121,-76.95654038918376 38.98473290872155)"
4,6,1.742244245506535,"LINESTRING (-76.93217898394533 38.97918868236121,-76.94918515736619 38.98525638276749)"
4,7,1.26685270851205,"LINESTRING (-76.93217898394533 38.97918868236121,-76.94391753002535 38.985069739862865)"
4,8,0.7977038698787345,"LINESTRING (-76.93217898394533 38.97918868236121,-76.93782936830148 38.98522358509069)"
4,9,0.4554267209655361,"LINESTRING (-76.93217898394533 38.97918868236121,-76.93281099835939 38.98386611360585)"
4,10,2.642252552540643,"LINESTRING (-76.93217898394533 38.97918868236121,-76.95679046211451 38.9911945889552)"
4,11,2.043233073383866,"LINESTRING (-76.93217898394533 38.97918868236121,-76.94939878151207 38.991512819518306)"
4,12,1.5694936459153455,"LINESTRING (-76.93217898394533 38.97918868236121,-76.94348046644811 38.99088718523098)"
4,13,1.2195657601864667,"LINESTRING (-76.93217898394533 38.97918868236121,-76.93804582130882 38.99038386195248)"
4,14,1.170292410893149,"LINESTRING (-76.93217898394533 38.97918868236121,-76.93229361007478 38.99131678004122)"
4,15,2.869172865094131,"LINESTRING (-76.93217898394533 38.97918868236121,-76.9564057308593 38.99642994930704)"
4,16,2.3777260973577814,"LINESTRING (-76.93217898394533 38.97918868236121,-76.94883356408197 38.997350815863484)"
4,17,1.9618687117786031,"LINESTRING (-76.93217898394533 38.97918868236121,-76.94314368324747 38.99631118029311)"
4,18,1.6981762564778162,"LINESTRING (-76.93217898394533 38.97918868236121,-76.93814701133961 38.99574541006349)"
4,19,1.6687235053932963,"LINESTRING (-76.93217898394533 38.97918868236121,-76.93146902382163 38.996468367367)"
4,20,3.280859981894188,"LINESTRING (-76.93217898394533 38.97918868236121,-76.95632289196739 39.003130542025964)"
4,21,2.761924107648803,"LINESTRING (-76.93217898394533 38.97918868236121,-76.9493981599047 39.00205415855821)"
4,22,2.4651446589856016,"LINESTRING (-76.93217898394533 38.97918868236121,-76.9437501126586 39.00196627858609)"
4,23,2.1658588098342593,"LINESTRING (-76.93217898394533 38.97918868236121,-76.9376205466815 39.000965571665056)"
4,24,2.274412914697082,"LINESTRING (-76.93217898394533 38.97918868236121,-76.93123840128628 39.0027413970488)"
5,0,0.5008517379954796,"LINESTRING (-76.95654038918376 38.98473290872155,-76.95614896113524 38.979556977077486)"
5,1,0.7956146555698299,"LINESTRING (-76.95654038918376 38.98473290872155,-76.9503705959991 38.979262715910416)"
5,2,1.3750523318528818,"LINESTRING (-76.95654038918376 38.98473290872155,-76.94306724620641 38.98008989839545)"
5,3,1.900309694019983,"LINESTRING (-76.95654038918376 38.98473290872155,-76.93748964696455 38.97973917233188)"
5,4,2.410737549025571,"LINESTRING (-76.95654038918376 38.98473290872155,-76.93217898394533 38.97918868236121)"
5,5,0.0,"LINESTRING (-76.95654038918376 38.98473290872155,-76.95654038918376 38.98473290872155)"
5,6,0.711501454038626,"LINESTRING (-76.95654038918376 38.98473290872155,-76.94918515736619 38.98525638276749)"
5,7,1.2184132327592276,"LINESTRING (-76.95654038918376 38.98473290872155,-76.94391753002535 38.985069739862865)"
5,8,1.8060470888120612,"LINESTRING (-76.95654038918376 38.98473290872155,-76.93782936830148 38.98522358509069)"
5,9,2.291175972667578,"LINESTRING (-76.95654038918376 38.98473290872155,-76.93281099835939 38.98386611360585)"
5,10,0.62395426861293,"LINESTRING (-76.95654038918376 38.98473290872155,-76.95679046211451 38.9911945889552)"
5,11,0.9501680996652739,"LINESTRING (-76.95654038918376 38.98473290872155,-76.94939878151207 38.991512819518306)"
5,12,1.3930586523568957,"LINESTRING (-76.95654038918376 38.98473290872155,-76.94348046644811 38.99088718523098)"
5,13,1.865983667814736,"LINESTRING (-76.95654038918376 38.98473290872155,-76.93804582130882 38.99038386195248)"
5,14,2.4242882722397563,"LINESTRING (-76.95654038918376 38.98473290872155,-76.93229361007478 38.99131678004122)"
5,15,1.128722233477739,"LINESTRING (-76.95654038918376 38.98473290872155,-76.9564057308593 38.99642994930704)"
5,16,1.4266389408748488,"LINESTRING (-76.95654038918376 38.98473290872155,-76.94883356408197 38.997350815863484)"
5,17,1.708521874277255,"LINESTRING (-76.95654038918376 38.98473290872155,-76.94314368324747 38.99631118029311)"
5,18,2.068560924847543,"LINESTRING (-76.95654038918376 38.98473290872155,-76.93814701133961 38.99574541006349)"
5,19,2.671038317997937,"LINESTRING (-76.95654038918376 38.98473290872155,-76.93146902382163 38.996468367367)"
5,20,1.7753116834919056,"LINESTRING (-76.95654038918376 38.98473290872155,-76.95632289196739 39.003130542025964)"
5,21,1.8078351953754574,"LINESTRING (-76.95654038918376 38.98473290872155,-76.9493981599047 39.00205415855821)"
5,22,2.0707846800850804,"LINESTRING (-76.95654038918376 38.98473290872155,-76.9437501126586 39.00196627858609)"
5,23,2.4054083940232047,"LINESTRING (-76.95654038918376 38.98473290872155,-76.9376205466815 39.000965571665056)"
5,24,2.9966262298247135,"LINESTRING (-76.95654038918376 38.98473290872155,-76.93123840128628 39.0027413970488)"
6,0,0.8682909239969809,"LINESTRING (-76.94918515736619 38.98525638276749,-76.95614896113524 38.979556977077486)"
6,1,0.5895318470111025,"LINESTRING (-76.94918515736619 38.98525638276749,-76.9503705959991 38.979262715910416)"
6,2,0.7726517573159387,"LINESTRING (-76.94918515736619 38.98525638276749,-76.94306724620641 38.98008989839545)"
6,3,1.2477637266748316,"LINESTRING (-76.94918515736619 38.98525638276749,-76.93748964696455 38.97973917233188)"
6,4,1.742244245506535,"LINESTRING (-76.94918515736619 38.98525638276749,-76.93217898394533 38.97918868236121)"
6,5,0.711501454038626,"LINESTRING (-76.94918515736619 38.98525638276749,-76.95654038918376 38.98473290872155)"
6,6,0.0,"LINESTRING (-76.94918515736619 38.98525638276749,-76.94918515736619 38.98525638276749)"
6,7,0.5085923131369382,"LINESTRING (-76.94918515736619 38.98525638276749,-76.94391753002535 38.985069739862865)"
6,8,1.0957246568963792,"LINESTRING (-76.94918515736619 38.98525638276749,-76.93782936830148 38.98522358509069)"
6,9,1.5856273408877732,"LINESTRING (-76.94918515736619 38.98525638276749,-76.93281099835939 38.98386611360585)"
6,10,0.93103077021264,"LINESTRING (-76.94918515736619 38.98525638276749,-76.95679046211451 38.9911945889552)"
6,11,0.6040353849778113,"LINESTRING (-76.94918515736619 38.98525638276749,-76.94939878151207 38.991512819518306)"
6,12,0.7734227852423622,"LINESTRING (-76.94918515736619 38.98525638276749,-76.94348046644811 38.99088718523098)"
6,13,1.1832359461733801,"LINESTRING (-76.94918515736619 38.98525638276749,-76.93804582130882 38.99038386195248)"
6,14,1.7315930577275274,"LINESTRING (-76.94918515736619 38.98525638276749,-76.93229361007478 38.99131678004122)"
6,15,1.2836625428740378,"LINESTRING (-76.94918515736619 38.98525638276749,-76.9564057308593 38.99642994930704)"
6,16,1.1674848599787,"LINESTRING (-76.94918515736619 38.98525638276749,-76.94883356408197 38.997350815863484)"
6,17,1.2155747159639565,"LINESTRING (-76.94918515736619 38.98525638276749,-76.94314368324747 38.99631118029311)"
6,18,1.4692495303366115,"LINESTRING (-76.94918515736619 38.98525638276749,-76.93814701133961 38.99574541006349)"
6,19,2.0230020464642955,"LINESTRING (-76.94918515736619 38.98525638276749,-76.93146902382163 38.996468367367)"
6,20,1.8571074742816214,"LINESTRING (-76.94918515736619 38.98525638276749,-76.95632289196739 39.003130542025964)"
6,21,1.6209476885118994,"LINESTRING (-76.94918515736619 38.98525638276749,-76.9493981599047 39.00205415855821)"
6,22,1.6954814948631494,"LINESTRING (-76.94918515736619 38.98525638276749,-76.9437501126586 39.00196627858609)"
6,23,1.8822200105840996,"LINESTRING (-76.94918515736619 38.98525638276749,-76.9376205466815 39.000965571665056)"
6,24,2.4176700804038687,"LINESTRING (-76.94918515736619 38.98525638276749,-76.93123840128628 39.0027413970488)"
7,0,1.2945436589723902,"LINESTRING (-76.94391753002535 38.985069739862865,-76.95614896113524 38.979556977077486)"
7,1,0.837650956466179,"LINESTRING (-76.94391753002535 38.985069739862865,-76.9503705959991 38.979262715910416)"
7,2,0.48745888151680605,"LINESTRING (-76.94391753002535 38.985069739862865,-76.94306724620641 38.98008989839545)"
7,3,0.8057500323225937,"LINESTRING (-76.94391753002535 38.985069739862865,-76.93748964696455 38.97973917233188)"
7,4,1.26685270851205,"LINESTRING (-76.94391753002535 38.985069739862865,-76.93217898394533 38.97918868236121)"
7,5,1.2184132327592276,"LINESTRING (-76.94391753002535 38.985069739862865,-76.95654038918376 38.98473290872155)"
7,6,0.5085923131369382,"LINESTRING (-76.94391753002535 38.985069739862865,-76.94918515736619 38.98525638276749)"
7,7,0.0,"LINESTRING (-76.94391753002535 38.985069739862865,-76.94391753002535 38.985069739862865)"
7,8,0.5876342521977657,"LINESTRING (-76.94391753002535 38.985069739862865,-76.93782936830148 38.98522358509069)"
7,9,1.077943863180329,"LINESTRING (-76.94391753002535 38.985069739862865,-76.93281099835939 38.98386611360585)"
7,10,1.375536467761317,"LINESTRING (-76.94391753002535 38.985069739862865,-76.95679046211451 38.9911945889552)"
7,11,0.8162243792063385,"LINESTRING (-76.94391753002535 38.985069739862865,-76.94939878151207 38.991512819518306)"
7,12,0.5629072715165285,"LINESTRING (-76.94391753002535 38.985069739862865,-76.94348046644811 38.99088718523098)"
7,13,0.7641426652139913,"LINESTRING (-76.94391753002535 38.985069739862865,-76.93804582130882 38.99038386195248)"
7,14,1.2733062061689968,"LINESTRING (-76.94391753002535 38.985069739862865,-76.93229361007478 38.99131678004122)"
7,15,1.628965883774912,"LINESTRING (-76.94391753002535 38.985069739862865,-76.9564057308593 38.99642994930704)"
7,16,1.2764143410264783,"LINESTRING (-76.94391753002535 38.985069739862865,-76.94883356408197 38.997350815863484)"
7,17,1.0872535920907216,"LINESTRING (-76.94391753002535 38.985069739862865,-76.94314368324747 38.99631118029311)"
7,18,1.1709482722161353,"LINESTRING (-76.94391753002535 38.985069739862865,-76.93814701133961 38.99574541006349)"
7,19,1.6286357728395235,"LINESTRING (-76.94391753002535 38.985069739862865,-76.93146902382163 38.996468367367)"
7,20,2.1141784272588118,"LINESTRING (-76.94391753002535 38.985069739862865,-76.95632289196739 39.003130542025964)"
7,21,1.7220364129400394,"LINESTRING (-76.94391753002535 38.985069739862865,-76.9493981599047 39.00205415855821)"
7,22,1.6304270499481404,"LINESTRING (-76.94391753002535 38.985069739862865,-76.9437501126586 39.00196627858609)"
7,23,1.6497517755596698,"LINESTRING (-76.94391753002535 38.985069739862865,-76.9376205466815 39.000965571665056)"
7,24,2.0986248335088766,"LINESTRING (-76.94391753002535 38.985069739862865,-76.93123840128628 39.0027413970488)"
8,0,1.8502896032541662,"LINESTRING (-76.93782936830148 38.98522358509069,-76.95614896113524 38.979556977077486)"
8,1,1.3398370615139106,"LINESTRING (-76.93782936830148 38.98522358509069,-76.9503705959991 38.979262715910416)"
8,2,0.7076744214317384,"LINESTRING (-76.93782936830148 38.98522358509069,-76.94306724620641 38.98008989839545)"
8,3,0.5302052530203817,"LINESTRING (-76.93782936830148 38.98522358509069,-76.93748964696455 38.97973917233188)"
8,4,0.7977038698787345,"LINESTRING (-76.93782936830148 38.98522358509069,-76.93217898394533 38.97918868236121)"
8,5,1.8060470888120612,"LINESTRING (-76.93782936830148 38.98522358509069,-76.95654038918376 38.98473290872155)"
8,6,1.0957246568963792,"LINESTRING (-76.93782936830148 38.98522358509069,-76.94918515736619 38.98525638276749)"
8,7,0.5876342521977657,"LINESTRING (-76.93782936830148 38.98522358509069,-76.94391753002535 38.985069739862865)"
8,8,0.0,"LINESTRING (-76.93782936830148 38.98522358509069,-76.93782936830148 38.98522358509069)"
8,9,0.5016251987368181,"LINESTRING (-76.93782936830148 38.98522358509069,-76.93281099835939 38.98386611360585)"
8,10,1.918127925044457,"LINESTRING (-76.93782936830148 38.98522358509069,-76.95679046211451 38.9911945889552)"
8,11,1.2706153737993693,"LINESTRING (-76.93782936830148 38.98522358509069,-76.94939878151207 38.991512819518306)"
8,12,0.7719880032288453,"LINESTRING (-76.93782936830148 38.98522358509069,-76.94348046644811 38.99088718523098)"
8,13,0.4983529546111104,"LINESTRING (-76.93782936830148 38.98522358509069,-76.93804582130882 38.99038386195248)"
8,14,0.794339787460827,"LINESTRING (-76.93782936830148 38.98522358509069,-76.93229361007478 38.99131678004122)"
8,15,2.0933301351812053,"LINESTRING (-76.93782936830148 38.98522358509069,-76.9564057308593 38.99642994930704)"
8,16,1.5800868752723085,"LINESTRING (-76.93782936830148 38.98522358509069,-76.94883356408197 38.997350815863484)"
8,17,1.1863825556919185,"LINESTRING (-76.93782936830148 38.98522358509069,-76.94314368324747 38.99631118029311)"
8,18,1.0157134227933036,"LINESTRING (-76.93782936830148 38.98522358509069,-76.93814701133961 38.99574541006349)"
8,19,1.2465488926263186,"LINESTRING (-76.93782936830148 38.98522358509069,-76.93146902382163 38.996468367367)"
8,20,2.4838811145881294,"LINESTRING (-76.93782936830148 38.98522358509069,-76.95632289196739 39.003130542025964)"
8,21,1.9706299477938947,"LINESTRING (-76.93782936830148 38.98522358509069,-76.9493981599047 39.00205415855821)"
8,22,1.7135412378076034,"LINESTRING (-76.93782936830148 38.98522358509069,-76.9437501126586 39.00196627858609)"
8,23,1.519077920906195,"LINESTRING (-76.93782936830148 38.98522358509069,-76.9376205466815 39.000965571665056)"
8,24,1.8059736692637838,"LINESTRING (-76.93782936830148 38.98522358509069,-76.93123840128628 39.0027413970488)"
9,0,2.289944062169767,"LINESTRING (-76.93281099835939 38.98386611360585,-76.95614896113524 38.979556977077486)"
9,1,1.7515811909726207,"LINESTRING (-76.93281099835939 38.98386611360585,-76.9503705959991 38.979262715910416)"
9,2,1.0545717887323722,"LINESTRING (-76.93281099835939 38.98386611360585,-76.94306724620641 38.98008989839545)"
9,3,0.6019723127095536,"LINESTRING (-76.93281099835939 38.98386611360585,-76.93748964696455 38.97973917233188)"
9,4,0.4554267209655361,"LINESTRING (-76.93281099835939 38.98386611360585,-76.93217898394533 38.97918868236121)"
9,5,2.291175972667578,"LINESTRING (-76.93281099835939 38.98386611360585,-76.95654038918376 38.98473290872155)"
9,6,1.5856273408877732,"LINESTRING (-76.93281099835939 38.98386611360585,-76.94918515736619 38.98525638276749)"
9,7,1.077943863180329,"LINESTRING (-76.93281099835939 38.98386611360585,-76.94391753002535 38.985069739862865)"
9,8,0.5016251987368181,"LINESTRING (-76.93281099835939 38.98386611360585,-76.93782936830148 38.98522358509069)"
9,9,0.0,"LINESTRING (-76.93281099835939 38.98386611360585,-76.93281099835939 38.98386611360585)"
9,10,2.4194205777913083,"LINESTRING (-76.93281099835939 38.98386611360585,-76.95679046211451 38.9911945889552)"
9,11,1.7624332639750526,"LINESTRING (-76.93281099835939 38.98386611360585,-76.94939878151207 38.991512819518306)"
9,12,1.2324043217242044,"LINESTRING (-76.93281099835939 38.98386611360585,-76.94348046644811 38.99088718523098)"
9,13,0.8066264761296307,"LINESTRING (-76.93281099835939 38.98386611360585,-76.93804582130882 38.99038386195248)"
9,14,0.720646086113235,"LINESTRING (-76.93281099835939 38.98386611360585,-76.93229361007478 38.99131678004122)"
9,15,2.579301277282349,"LINESTRING (-76.93281099835939 38.98386611360585,-76.9564057308593 38.99642994930704)"
9,16,2.020676171251572,"LINESTRING (-76.93281099835939 38.98386611360585,-76.94883356408197 38.997350815863484)"
9,17,1.5607658274252951,"LINESTRING (-76.93281099835939 38.98386611360585,-76.94314368324747 38.99631118029311)"
9,18,1.2565603362022866,"LINESTRING (-76.93281099835939 38.98386611360585,-76.93814701133961 38.99574541006349)"
9,19,1.2228663700583315,"LINESTRING (-76.93281099835939 38.98386611360585,-76.93146902382163 38.996468367367)"
9,20,2.932926749184652,"LINESTRING (-76.93281099835939 38.98386611360585,-76.95632289196739 39.003130542025964)"
9,21,2.3751810853467608,"LINESTRING (-76.93281099835939 38.98386611360585,-76.9493981599047 39.00205415855821)"
9,22,2.040666993947874,"LINESTRING (-76.93281099835939 38.98386611360585,-76.9437501126586 39.00196627858609)"
9,23,1.7139492951423971,"LINESTRING (-76.93281099835939 38.98386611360585,-76.9376205466815 39.000965571665056)"
9,24,1.8275862838678012,"LINESTRING (-76.93281099835939 38.98386611360585,-76.93123840128628 39.0027413970488)"
10,0,1.1246178920479766,"LINESTRING (-76.95679046211451 38.9911945889552,-76.95614896113524 38.979556977077486)"
10,1,1.3073746090308849,"LINESTRING (-76.95679046211451 38.9911945889552,-76.9503705959991 38.979262715910416)"
10,2,1.7033718537289795,"LINESTRING (-76.95679046211451 38.9911945889552,-76.94306724620641 38.98008989839545)"
10,3,2.165653587243868,"LINESTRING (-76.95679046211451 38.9911945889552,-76.93748964696455 38.97973917233188)"
10,4,2.642252552540643,"LINESTRING (-76.95679046211451 38.9911945889552,-76.93217898394533 38.97918868236121)"
10,5,0.62395426861293,"LINESTRING (-76.95679046211451 38.9911945889552,-76.95654038918376 38.98473290872155)"
10,6,0.93103077021264,"LINESTRING (-76.95679046211451 38.9911945889552,-76.94918515736619 38.98525638276749)"
10,7,1.375536467761317,"LINESTRING (-76.95679046211451 38.9911945889552,-76.94391753002535 38.985069739862865)"
10,8,1.918127925044457,"LINESTRING (-76.95679046211451 38.9911945889552,-76.93782936830148 38.98522358509069)"
10,9,2.4194205777913083,"LINESTRING (-76.95679046211451 38.9911945889552,-76.93281099835939 38.98386611360585)"
10,10,0.0,"LINESTRING (-76.95679046211451 38.9911945889552,-76.95679046211451 38.9911945889552)"
10,11,0.7138839422860563,"LINESTRING (-76.95679046211451 38.9911945889552,-76.94939878151207 38.991512819518306)"
10,12,1.284623961479435,"LINESTRING (-76.95679046211451 38.9911945889552,-76.94348046644811 38.99088718523098)"
10,13,1.8103613052732237,"LINESTRING (-76.95679046211451 38.9911945889552,-76.93804582130882 38.99038386195248)"
10,14,2.3637306581239135,"LINESTRING (-76.95679046211451 38.9911945889552,-76.93229361007478 38.99131678004122)"
10,15,0.5065221035446149,"LINESTRING (-76.95679046211451 38.9911945889552,-76.9564057308593 38.99642994930704)"
10,16,0.9707265951588894,"LINESTRING (-76.95679046211451 38.9911945889552,-76.94883356408197 38.997350815863484)"
10,17,1.406286984205652,"LINESTRING (-76.95679046211451 38.9911945889552,-76.94314368324747 38.99631118029311)"
10,18,1.8517238741851922,"LINESTRING (-76.95679046211451 38.9911945889552,-76.93814701133961 38.99574541006349)"
10,19,2.4956947327765127,"LINESTRING (-76.95679046211451 38.9911945889552,-76.93146902382163 38.996468367367)"
10,20,1.1525834402980537,"LINESTRING (-76.95679046211451 38.9911945889552,-76.95632289196739 39.003130542025964)"
10,21,1.2675730259160558,"LINESTRING (-76.95679046211451 38.9911945889552,-76.9493981599047 39.00205415855821)"
10,22,1.632022205940677,"LINESTRING (-76.95679046211451 38.9911945889552,-76.9437501126586 39.00196627858609)"
10,23,2.076122574912251,"LINESTRING (-76.95679046211451 38.9911945889552,-76.9376205466815 39.000965571665056)"
10,24,2.705570979410134,"LINESTRING (-76.95679046211451 38.9911945889552,-76.93123840128628 39.0027413970488)"
11,0,1.3247872964411433,"LINESTRING (-76.94939878151207 38.991512819518306,-76.95614896113524 38.979556977077486)"
11,1,1.1857261182492007,"LINESTRING (-76.94939878151207 38.991512819518306,-76.9503705959991 38.979262715910416)"
11,2,1.2601884586180183,"LINESTRING (-76.94939878151207 38.991512819518306,-76.94306724620641 38.98008989839545)"
11,3,1.6158726413854514,"LINESTRING (-76.94939878151207 38.991512819518306,-76.93748964696455 38.97973917233188)"
11,4,2.043233073383866,"LINESTRING (-76.94939878151207 38.991512819518306,-76.93217898394533 38.97918868236121)"
11,5,0.9501680996652739,"LINESTRING (-76.94939878151207 38.991512819518306,-76.95654038918376 38.98473290872155)"
11,6,0.6040353849778113,"LINESTRING (-76.94939878151207 38.991512819518306,-76.94918515736619 38.98525638276749)"
11,7,0.8162243792063385,"LINESTRING (-76.94939878151207 38.991512819518306,-76.94391753002535 38.985069739862865)"
11,8,1.2706153737993693,"LINESTRING (-76.94939878151207 38.991512819518306,-76.93782936830148 38.98522358509069)"
11,9,1.7624332639750526,"LINESTRING (-76.94939878151207 38.991512819518306,-76.93281099835939 38.98386611360585)"
11,10,0.7138839422860563,"LINESTRING (-76.94939878151207 38.991512819518306,-76.95679046211451 38.9911945889552)"
11,11,0.0,"LINESTRING (-76.94939878151207 38.991512819518306,-76.94939878151207 38.991512819518306)"
11,12,0.5742401244541421,"LINESTRING (-76.94939878151207 38.991512819518306,-76.94348046644811 38.99088718523098)"
11,13,1.1008500526001912,"LINESTRING (-76.94939878151207 38.991512819518306,-76.93804582130882 38.99038386195248)"
11,14,1.6505863840992723,"LINESTRING (-76.94939878151207 38.991512819518306,-76.93229361007478 38.99131678004122)"
11,15,0.8259651339575712,"LINESTRING (-76.94939878151207 38.991512819518306,-76.9564057308593 38.99642994930704)"
11,16,0.5659422045963173,"LINESTRING (-76.94939878151207 38.991512819518306,-76.94883356408197 38.997350815863484)"
11,17,0.7606847175661726,"LINESTRING (-76.94939878151207 38.991512819518306,-76.94314368324747 38.99631118029311)"
11,18,1.1599573141043262,"LINESTRING (-76.94939878151207 38.991512819518306,-76.93814701133961 38.99574541006349)"
11,19,1.7949050642003508,"LINESTRING (-76.94939878151207 38.991512819518306,-76.93146902382163 38.996468367367)"
11,20,1.3049885708925892,"LINESTRING (-76.94939878151207 38.991512819518306,-76.95632289196739 39.003130542025964)"
11,21,1.0171338057287342,"LINESTRING (-76.94939878151207 38.991512819518306,-76.9493981599047 39.00205415855821)"
11,22,1.146495569846365,"LINESTRING (-76.94939878151207 38.991512819518306,-76.9437501126586 39.00196627858609)"
11,23,1.4572269122325499,"LINESTRING (-76.94939878151207 38.991512819518306,-76.9376205466815 39.000965571665056)"
11,24,2.0601922506558075,"LINESTRING (-76.94939878151207 38.991512819518306,-76.93123840128628 39.0027413970488)"
12,0,1.639945057469208,"LINESTRING (-76.94348046644811 38.99088718523098,-76.95614896113524 38.979556977077486)"
12,1,1.3038729517365995,"LINESTRING (-76.94348046644811 38.99088718523098,-76.9503705959991 38.979262715910416)"
12,2,1.0425928859769227,"LINESTRING (-76.94348046644811 38.99088718523098,-76.94306724620641 38.98008989839545)"
12,3,1.2211537048877505,"LINESTRING (-76.94348046644811 38.99088718523098,-76.93748964696455 38.97973917233188)"
12,4,1.5694936459153455,"LINESTRING (-76.94348046644811 38.99088718523098,-76.93217898394533 38.97918868236121)"
12,5,1.3930586523568957,"LINESTRING (-76.94348046644811 38.99088718523098,-76.95654038918376 38.98473290872155)"
12,6,0.7734227852423622,"LINESTRING (-76.94348046644811 38.99088718523098,-76.94918515736619 38.98525638276749)"
12,7,0.5629072715165285,"LINESTRING (-76.94348046644811 38.99088718523098,-76.94391753002535 38.985069739862865)"
12,8,0.7719880032288453,"LINESTRING (-76.94348046644811 38.99088718523098,-76.93782936830148 38.98522358509069)"
12,9,1.2324043217242044,"LINESTRING (-76.94348046644811 38.99088718523098,-76.93281099835939 38.98386611360585)"
12,10,1.284623961479435,"LINESTRING (-76.94348046644811 38.99088718523098,-76.95679046211451 38.9911945889552)"
12,11,0.5742401244541421,"LINESTRING (-76.94348046644811 38.99088718523098,-76.94939878151207 38.991512819518306)"
12,12,0.0,"LINESTRING (-76.94348046644811 38.99088718523098,-76.94348046644811 38.99088718523098)"
12,13,0.5266330335561615,"LINESTRING (-76.94348046644811 38.99088718523098,-76.93804582130882 38.99038386195248)"
12,14,1.0802153852057232,"LINESTRING (-76.94348046644811 38.99088718523098,-76.93229361007478 38.99131678004122)"
12,15,1.3569962451118223,"LINESTRING (-76.94348046644811 38.99088718523098,-76.9564057308593 38.99642994930704)"
12,16,0.8097930089723525,"LINESTRING (-76.94348046644811 38.99088718523098,-76.94883356408197 38.997350815863484)"
12,17,0.5243691799154037,"LINESTRING (-76.94348046644811 38.99088718523098,-76.94314368324747 38.99631118029311)"
12,18,0.6961209638755333,"LINESTRING (-76.94348046644811 38.99088718523098,-76.93814701133961 38.99574541006349)"
12,19,1.2779893713390433,"LINESTRING (-76.94348046644811 38.99088718523098,-76.93146902382163 38.996468367367)"
12,20,1.7120591304695991,"LINESTRING (-76.94348046644811 38.99088718523098,-76.95632289196739 39.003130542025964)"
12,21,1.2194457549905136,"LINESTRING (-76.94348046644811 38.99088718523098,-76.9493981599047 39.00205415855821)"
12,22,1.0693382897846382,"LINESTRING (-76.94348046644811 38.99088718523098,-76.9437501126586 39.00196627858609)"
12,23,1.124895188822353,"LINESTRING (-76.94348046644811 38.99088718523098,-76.9376205466815 39.000965571665056)"
12,24,1.6442714141463493,"LINESTRING (-76.94348046644811 38.99088718523098,-76.93123840128628 39.0027413970488)"
13,0,2.03533323545545,"LINESTRING (-76.93804582130882 38.99038386195248,-76.95614896113524 38.979556977077486)"
13,1,1.6017920105255337,"LINESTRING (-76.93804582130882 38.99038386195248,-76.9503705959991 38.979262715910416)"
13,2,1.105138659325999,"LINESTRING (-76.93804582130882 38.99038386195248,-76.94306724620641 38.98008989839545)"
13,3,1.0285071239996164,"LINESTRING (-76.93804582130882 38.99038386195248,-76.93748964696455 38.97973917233188)"
13,4,1.2195657601864667,"LINESTRING (-76.93804582130882 38.99038386195248,-76.93217898394533 38.97918868236121)"
13,5,1.865983667814736,"LINESTRING (-76.93804582130882 38.99038386195248,-76.95654038918376 38.98473290872155)"
13,6,1.1832359461733801,"LINESTRING (-76.93804582130882 38.99038386195248,-76.94918515736619 38.98525638276749)"
13,7,0.7641426652139913,"LINESTRING (-76.93804582130882 38.99038386195248,-76.94391753002535 38.985069739862865)"
13,8,0.4983529546111104,"LINESTRING (-76.93804582130882 38.99038386195248,-76.93782936830148 38.98522358509069)"
13,9,0.8066264761296307,"LINESTRING (-76.93804582130882 38.99038386195248,-76.93281099835939 38.98386611360585)"
13,10,1.8103613052732237,"LINESTRING (-76.93804582130882 38.99038386195248,-76.95679046211451 38.9911945889552)"
13,11,1.1008500526001912,"LINESTRING (-76.93804582130882 38.99038386195248,-76.94939878151207 38.991512819518306)"
13,12,0.5266330335561615,"LINESTRING (-76.93804582130882 38.99038386195248,-76.94348046644811 38.99088718523098)"
13,13,0.0,"LINESTRING (-76.93804582130882 38.99038386195248,-76.93804582130882 38.99038386195248)"
13,14,0.5622831724218734,"LINESTRING (-76.93804582130882 38.99038386195248,-76.93229361007478 38.99131678004122)"
13,15,1.8651331082384,"LINESTRING (-76.93804582130882 38.99038386195248,-76.9564057308593 38.99642994930704)"
13,16,1.239112847181323,"LINESTRING (-76.93804582130882 38.99038386195248,-76.94883356408197 38.997350815863484)"
13,17,0.754359900277101,"LINESTRING (-76.93804582130882 38.99038386195248,-76.94314368324747 38.99631118029311)"
13,18,0.5174279067689092,"LINESTRING (-76.93804582130882 38.99038386195248,-76.93814701133961 38.99574541006349)"
13,19,0.8645173996112343,"LINESTRING (-76.93804582130882 38.99038386195248,-76.93146902382163 38.996468367367)"
13,20,2.1500803386958265,"LINESTRING (-76.93804582130882 38.99038386195248,-76.95632289196739 39.003130542025964)"
13,21,1.5709550337276978,"LINESTRING (-76.93804582130882 38.99038386195248,-76.9493981599047 39.00205415855821)"
13,22,1.2457726515707501,"LINESTRING (-76.93804582130882 38.99038386195248,-76.9437501126586 39.00196627858609)"
13,23,1.0218534224334144,"LINESTRING (-76.93804582130882 38.99038386195248,-76.9376205466815 39.000965571665056)"
13,24,1.3613287162500356,"LINESTRING (-76.93804582130882 38.99038386195248,-76.93123840128628 39.0027413970488)"
14,0,2.566290711987904,"LINESTRING (-76.93229361007478 38.99131678004122,-76.95614896113524 38.979556977077486)"
14,1,2.0964723215927004,"LINESTRING (-76.93229361007478 38.99131678004122,-76.9503705959991 38.979262715910416)"
14,2,1.5013859719455682,"LINESTRING (-76.93229361007478 38.99131678004122,-76.94306724620641 38.98008989839545)"
14,3,1.224472165222794,"LINESTRING (-76.93229361007478 38.99131678004122,-76.93748964696455 38.97973917233188)"
14,4,1.170292410893149,"LINESTRING (-76.93229361007478 38.99131678004122,-76.93217898394533 38.97918868236121)"
14,5,2.4242882722397563,"LINESTRING (-76.93229361007478 38.99131678004122,-76.95654038918376 38.98473290872155)"
14,6,1.7315930577275274,"LINESTRING (-76.93229361007478 38.99131678004122,-76.94918515736619 38.98525638276749)"
14,7,1.2733062061689968,"LINESTRING (-76.93229361007478 38.99131678004122,-76.94391753002535 38.985069739862865)"
14,8,0.794339787460827,"LINESTRING (-76.93229361007478 38.99131678004122,-76.93782936830148 38.98522358509069)"
14,9,0.720646086113235,"LINESTRING (-76.93229361007478 38.99131678004122,-76.93281099835939 38.98386611360585)"
14,10,2.3637306581239135,"LINESTRING (-76.93229361007478 38.99131678004122,-76.95679046211451 38.9911945889552)"
14,11,1.6505863840992723,"LINESTRING (-76.93229361007478 38.99131678004122,-76.94939878151207 38.991512819518306)"
14,12,1.0802153852057232,"LINESTRING (-76.93229361007478 38.99131678004122,-76.94348046644811 38.99088718523098)"
14,13,0.5622831724218734,"LINESTRING (-76.93229361007478 38.99131678004122,-76.93804582130882 38.99038386195248)"
14,14,0.0,"LINESTRING (-76.93229361007478 38.99131678004122,-76.93229361007478 38.99131678004122)"
14,15,2.37831481105731,"LINESTRING (-76.93229361007478 38.99131678004122,-76.9564057308593 38.99642994930704)"
14,16,1.6988260425945303,"LINESTRING (-76.93229361007478 38.99131678004122,-76.94883356408197 38.997350815863484)"
14,17,1.1525128551827912,"LINESTRING (-76.93229361007478 38.99131678004122,-76.94314368324747 38.99631118029311)"
14,18,0.7082331179467126,"LINESTRING (-76.93229361007478 38.99131678004122,-76.93814701133961 38.99574541006349)"
14,19,0.5034041012908702,"LINESTRING (-76.93229361007478 38.99131678004122,-76.93146902382163 38.996468367367)"
14,20,2.583647202860772,"LINESTRING (-76.93229361007478 38.99131678004122,-76.95632289196739 39.003130542025964)"
14,21,1.9486606943303206,"LINESTRING (-76.93229361007478 38.99131678004122,-76.9493981599047 39.00205415855821)"
14,22,1.5092691499620512,"LINESTRING (-76.93229361007478 38.99131678004122,-76.9437501126586 39.00196627858609)"
14,23,1.0634731634388535,"LINESTRING (-76.93229361007478 38.99131678004122,-76.9376205466815 39.000965571665056)"
14,24,1.1070533618072542,"LINESTRING (-76.93229361007478 38.99131678004122,-76.93123840128628 39.0027413970488)"
15,0,1.6282615955740842,"LINESTRING (-76.9564057308593 38.99642994930704,-76.95614896113524 38.979556977077486)"
15,1,1.755844295057529,"LINESTRING (-76.9564057308593 38.99642994930704,-76.9503705959991 38.979262715910416)"
15,2,2.035258509744197,"LINESTRING (-76.9564057308593 38.99642994930704,-76.94306724620641 38.98008989839545)"
15,3,2.434150814493491,"LINESTRING (-76.9564057308593 38.99642994930704,-76.93748964696455 38.97973917233188)"
15,4,2.869172865094131,"LINESTRING (-76.9564057308593 38.99642994930704,-76.93217898394533 38.97918868236121)"
15,5,1.128722233477739,"LINESTRING (-76.9564057308593 38.99642994930704,-76.95654038918376 38.98473290872155)"
15,6,1.2836625428740378,"LINESTRING (-76.9564057308593 38.99642994930704,-76.94918515736619 38.98525638276749)"
15,7,1.628965883774912,"LINESTRING (-76.9564057308593 38.99642994930704,-76.94391753002535 38.985069739862865)"
15,8,2.0933301351812053,"LINESTRING (-76.9564057308593 38.99642994930704,-76.93782936830148 38.98522358509069)"
15,9,2.579301277282349,"LINESTRING (-76.9564057308593 38.99642994930704,-76.93281099835939 38.98386611360585)"
15,10,0.5065221035446149,"LINESTRING (-76.9564057308593 38.99642994930704,-76.95679046211451 38.9911945889552)"
15,11,0.8259651339575712,"LINESTRING (-76.9564057308593 38.99642994930704,-76.94939878151207 38.991512819518306)"
15,12,1.3569962451118223,"LINESTRING (-76.9564057308593 38.99642994930704,-76.94348046644811 38.99088718523098)"
15,13,1.8651331082384,"LINESTRING (-76.9564057308593 38.99642994930704,-76.93804582130882 38.99038386195248)"
15,14,2.37831481105731,"LINESTRING (-76.9564057308593 38.99642994930704,-76.93229361007478 38.99131678004122)"
15,15,0.0,"LINESTRING (-76.9564057308593 38.99642994930704,-76.9564057308593 38.99642994930704)"
15,16,0.7360214249843847,"LINESTRING (-76.9564057308593 38.99642994930704,-76.94883356408197 38.997350815863484)"
15,17,1.2797062884735555,"LINESTRING (-76.9564057308593 38.99642994930704,-76.94314368324747 38.99631118029311)"
15,18,1.7630215771633497,"LINESTRING (-76.9564057308593 38.99642994930704,-76.93814701133961 38.99574541006349)"
15,19,2.406145717575386,"LINESTRING (-76.9564057308593 38.99642994930704,-76.93146902382163 38.996468367367)"
15,20,0.64658959874152,"LINESTRING (-76.9564057308593 38.99642994930704,-76.95632289196739 39.003130542025964)"
15,21,0.8670032177244604,"LINESTRING (-76.9564057308593 38.99642994930704,-76.9493981599047 39.00205415855821)"
15,22,1.3328745048751012,"LINESTRING (-76.9564057308593 38.99642994930704,-76.9437501126586 39.00196627858609)"
15,23,1.8646677265519007,"LINESTRING (-76.9564057308593 38.99642994930704,-76.9376205466815 39.000965571665056)"
15,24,2.503592638209433,"LINESTRING (-76.9564057308593 38.99642994930704,-76.93123840128628 39.0027413970488)"
16,0,1.8563626134770177,"LINESTRING (-76.94883356408197 38.997350815863484,-76.95614896113524 38.979556977077486)"
16,1,1.7516106576392938,"LINESTRING (-76.94883356408197 38.997350815863484,-76.9503705959991 38.979262715910416)"
16,2,1.7559846417279619,"LINESTRING (-76.94883356408197 38.997350815863484,-76.94306724620641 38.98008989839545)"
16,3,2.0213548292756767,"LINESTRING (-76.94883356408197 38.997350815863484,-76.93748964696455 38.97973917233188)"
16,4,2.3777260973577814,"LINESTRING (-76.94883356408197 38.997350815863484,-76.93217898394533 38.97918868236121)"
16,5,1.4266389408748488,"LINESTRING (-76.94883356408197 38.997350815863484,-76.95654038918376 38.98473290872155)"
16,6,1.1674848599787,"LINESTRING (-76.94883356408197 38.997350815863484,-76.94918515736619 38.98525638276749)"
16,7,1.2764143410264783,"LINESTRING (-76.94883356408197 38.997350815863484,-76.94391753002535 38.985069739862865)"
16,8,1.5800868752723085,"LINESTRING (-76.94883356408197 38.997350815863484,-76.93782936830148 38.98522358509069)"
16,9,2.020676171251572,"LINESTRING (-76.94883356408197 38.997350815863484,-76.93281099835939 38.98386611360585)"
16,10,0.9707265951588894,"LINESTRING (-76.94883356408197 38.997350815863484,-76.95679046211451 38.9911945889552)"
16,11,0.5659422045963173,"LINESTRING (-76.94883356408197 38.997350815863484,-76.94939878151207 38.991512819518306)"
16,12,0.8097930089723525,"LINESTRING (-76.94883356408197 38.997350815863484,-76.94348046644811 38.99088718523098)"
16,13,1.239112847181323,"LINESTRING (-76.94883356408197 38.997350815863484,-76.93804582130882 38.99038386195248)"
16,14,1.6988260425945303,"LINESTRING (-76.94883356408197 38.997350815863484,-76.93229361007478 38.99131678004122)"
16,15,0.7360214249843847,"LINESTRING (-76.94883356408197 38.997350815863484,-76.9564057308593 38.99642994930704)"
16,16,0.0,"LINESTRING (-76.94883356408197 38.997350815863484,-76.94883356408197 38.997350815863484)"
16,17,0.5581059174313013,"LINESTRING (-76.94883356408197 38.997350815863484,-76.94314368324747 38.99631118029311)"
16,18,1.042716037776625,"LINESTRING (-76.94883356408197 38.997350815863484,-76.93814701133961 38.99574541006349)"
16,19,1.6776666487223326,"LINESTRING (-76.94883356408197 38.997350815863484,-76.93146902382163 38.996468367367)"
16,20,0.912814099532896,"LINESTRING (-76.94883356408197 38.997350815863484,-76.95632289196739 39.003130542025964)"
16,21,0.4570836399671433,"LINESTRING (-76.94883356408197 38.997350815863484,-76.9493981599047 39.00205415855821)"
16,22,0.662514523269755,"LINESTRING (-76.94883356408197 38.997350815863484,-76.9437501126586 39.00196627858609)"
16,23,1.136774316066564,"LINESTRING (-76.94883356408197 38.997350815863484,-76.9376205466815 39.000965571665056)"
16,24,1.7756470347883457,"LINESTRING (-76.94883356408197 38.997350815863484,-76.93123840128628 39.0027413970488)"
17,0,2.0464993960929636,"LINESTRING (-76.94314368324747 38.99631118029311,-76.95614896113524 38.979556977077486)"
17,1,1.7867030286825805,"LINESTRING (-76.94314368324747 38.99631118029311,-76.9503705959991 38.979262715910416)"
17,2,1.565208867212018,"LINESTRING (-76.94314368324747 38.99631118029311,-76.94306724620641 38.98008989839545)"
17,3,1.6895384511495117,"LINESTRING (-76.94314368324747 38.99631118029311,-76.93748964696455 38.97973917233188)"
17,4,1.9618687117786031,"LINESTRING (-76.94314368324747 38.99631118029311,-76.93217898394533 38.97918868236121)"
17,5,1.708521874277255,"LINESTRING (-76.94314368324747 38.99631118029311,-76.95654038918376 38.98473290872155)"
17,6,1.2155747159639565,"LINESTRING (-76.94314368324747 38.99631118029311,-76.94918515736619 38.98525638276749)"
17,7,1.0872535920907216,"LINESTRING (-76.94314368324747 38.99631118029311,-76.94391753002535 38.985069739862865)"
17,8,1.1863825556919185,"LINESTRING (-76.94314368324747 38.99631118029311,-76.93782936830148 38.98522358509069)"
17,9,1.5607658274252951,"LINESTRING (-76.94314368324747 38.99631118029311,-76.93281099835939 38.98386611360585)"
17,10,1.406286984205652,"LINESTRING (-76.94314368324747 38.99631118029311,-76.95679046211451 38.9911945889552)"
17,11,0.7606847175661726,"LINESTRING (-76.94314368324747 38.99631118029311,-76.94939878151207 38.991512819518306)"
17,12,0.5243691799154037,"LINESTRING (-76.94314368324747 38.99631118029311,-76.94348046644811 38.99088718523098)"
17,13,0.754359900277101,"LINESTRING (-76.94314368324747 38.99631118029311,-76.93804582130882 38.99038386195248)"
17,14,1.1525128551827912,"LINESTRING (-76.94314368324747 38.99631118029311,-76.93229361007478 38.99131678004122)"
17,15,1.2797062884735555,"LINESTRING (-76.94314368324747 38.99631118029311,-76.9564057308593 38.99642994930704)"
17,16,0.5581059174313013,"LINESTRING (-76.94314368324747 38.99631118029311,-76.94883356408197 38.997350815863484)"
17,17,0.0,"LINESTRING (-76.94314368324747 38.99631118029311,-76.94314368324747 38.99631118029311)"
17,18,0.4852096921684195,"LINESTRING (-76.94314368324747 38.99631118029311,-76.93814701133961 38.99574541006349)"
17,19,1.126589987135335,"LINESTRING (-76.94314368324747 38.99631118029311,-76.93146902382163 38.996468367367)"
17,20,1.431812885918616,"LINESTRING (-76.94314368324747 38.99631118029311,-76.95632289196739 39.003130542025964)"
17,21,0.8193147526079205,"LINESTRING (-76.94314368324747 38.99631118029311,-76.9493981599047 39.00205415855821)"
17,22,0.5487888860931867,"LINESTRING (-76.94314368324747 38.99631118029311,-76.9437501126586 39.00196627858609)"
17,23,0.6969250111499912,"LINESTRING (-76.94314368324747 38.99631118029311,-76.9376205466815 39.000965571665056)"
17,24,1.305590020642497,"LINESTRING (-76.94314368324747 38.99631118029311,-76.93123840128628 39.0027413970488)"
18,0,2.336045735031778,"LINESTRING (-76.93814701133961 38.99574541006349,-76.95614896113524 38.979556977077486)"
18,1,1.9800331738771562,"LINESTRING (-76.93814701133961 38.99574541006349,-76.9503705959991 38.979262715910416)"
18,2,1.5834469297435831,"LINESTRING (-76.93814701133961 38.99574541006349,-76.94306724620641 38.98008989839545)"
18,3,1.5457438228980993,"LINESTRING (-76.93814701133961 38.99574541006349,-76.93748964696455 38.97973917233188)"
18,4,1.6981762564778162,"LINESTRING (-76.93814701133961 38.99574541006349,-76.93217898394533 38.97918868236121)"
18,5,2.068560924847543,"LINESTRING (-76.93814701133961 38.99574541006349,-76.95654038918376 38.98473290872155)"
18,6,1.4692495303366115,"LINESTRING (-76.93814701133961 38.99574541006349,-76.94918515736619 38.98525638276749)"
18,7,1.1709482722161353,"LINESTRING (-76.93814701133961 38.99574541006349,-76.94391753002535 38.985069739862865)"
18,8,1.0157134227933036,"LINESTRING (-76.93814701133961 38.99574541006349,-76.93782936830148 38.98522358509069)"
18,9,1.2565603362022866,"LINESTRING (-76.93814701133961 38.99574541006349,-76.93281099835939 38.98386611360585)"
18,10,1.8517238741851922,"LINESTRING (-76.93814701133961 38.99574541006349,-76.95679046211451 38.9911945889552)"
18,11,1.1599573141043262,"LINESTRING (-76.93814701133961 38.99574541006349,-76.94939878151207 38.991512819518306)"
18,12,0.6961209638755333,"LINESTRING (-76.93814701133961 38.99574541006349,-76.94348046644811 38.99088718523098)"
18,13,0.5174279067689092,"LINESTRING (-76.93814701133961 38.99574541006349,-76.93804582130882 38.99038386195248)"
18,14,0.7082331179467126,"LINESTRING (-76.93814701133961 38.99574541006349,-76.93229361007478 38.99131678004122)"
18,15,1.7630215771633497,"LINESTRING (-76.93814701133961 38.99574541006349,-76.9564057308593 38.99642994930704)"
18,16,1.042716037776625,"LINESTRING (-76.93814701133961 38.99574541006349,-76.94883356408197 38.997350815863484)"
18,17,0.4852096921684195,"LINESTRING (-76.93814701133961 38.99574541006349,-76.94314368324747 38.99631118029311)"
18,18,0.0,"LINESTRING (-76.93814701133961 38.99574541006349,-76.93814701133961 38.99574541006349)"
18,19,0.6481240163106106,"LINESTRING (-76.93814701133961 38.99574541006349,-76.93146902382163 38.996468367367)"
18,20,1.8930315303745238,"LINESTRING (-76.93814701133961 38.99574541006349,-76.95632289196739 39.003130542025964)"
18,21,1.244641156090871,"LINESTRING (-76.93814701133961 38.99574541006349,-76.9493981599047 39.00205415855821)"
18,22,0.8078348268898955,"LINESTRING (-76.93814701133961 38.99574541006349,-76.9437501126586 39.00196627858609)"
18,23,0.5062484857203491,"LINESTRING (-76.93814701133961 38.99574541006349,-76.9376205466815 39.000965571665056)"
18,24,0.9487117745374891,"LINESTRING (-76.93814701133961 38.99574541006349,-76.93123840128628 39.0027413970488)"
19,0,2.886800242162361,"LINESTRING (-76.93146902382163 38.996468367367,-76.95614896113524 38.979556977077486)"
19,1,2.466266039699663,"LINESTRING (-76.93146902382163 38.996468367367,-76.9503705959991 38.979262715910416)"
19,2,1.9364776361411045,"LINESTRING (-76.93146902382163 38.996468367367,-76.94306724620641 38.98008989839545)"
19,3,1.7155527720181774,"LINESTRING (-76.93146902382163 38.996468367367,-76.93748964696455 38.97973917233188)"
19,4,1.6687235053932963,"LINESTRING (-76.93146902382163 38.996468367367,-76.93217898394533 38.97918868236121)"
19,5,2.671038317997937,"LINESTRING (-76.93146902382163 38.996468367367,-76.95654038918376 38.98473290872155)"
19,6,2.0230020464642955,"LINESTRING (-76.93146902382163 38.996468367367,-76.94918515736619 38.98525638276749)"
19,7,1.6286357728395235,"LINESTRING (-76.93146902382163 38.996468367367,-76.94391753002535 38.985069739862865)"
19,8,1.2465488926263186,"LINESTRING (-76.93146902382163 38.996468367367,-76.93782936830148 38.98522358509069)"
19,9,1.2228663700583315,"LINESTRING (-76.93146902382163 38.996468367367,-76.93281099835939 38.98386611360585)"
19,10,2.4956947327765127,"LINESTRING (-76.93146902382163 38.996468367367,-76.95679046211451 38.9911945889552)"
19,11,1.7949050642003508,"LINESTRING (-76.93146902382163 38.996468367367,-76.94939878151207 38.991512819518306)"
19,12,1.2779893713390433,"LINESTRING (-76.93146902382163 38.996468367367,-76.94348046644811 38.99088718523098)"
19,13,0.8645173996112343,"LINESTRING (-76.93146902382163 38.996468367367,-76.93804582130882 38.99038386195248)"
19,14,0.5034041012908702,"LINESTRING (-76.93146902382163 38.996468367367,-76.93229361007478 38.99131678004122)"
19,15,2.406145717575386,"LINESTRING (-76.93146902382163 38.996468367367,-76.9564057308593 38.99642994930704)"
19,16,1.6776666487223326,"LINESTRING (-76.93146902382163 38.996468367367,-76.94883356408197 38.997350815863484)"
19,17,1.126589987135335,"LINESTRING (-76.93146902382163 38.996468367367,-76.94314368324747 38.99631118029311)"
19,18,0.6481240163106106,"LINESTRING (-76.93146902382163 38.996468367367,-76.93814701133961 38.99574541006349)"
19,19,0.0,"LINESTRING (-76.93146902382163 38.996468367367,-76.93146902382163 38.996468367367)"
19,20,2.482812261964675,"LINESTRING (-76.93146902382163 38.996468367367,-76.95632289196739 39.003130542025964)"
19,21,1.8119963535083308,"LINESTRING (-76.93146902382163 38.996468367367,-76.9493981599047 39.00205415855821)"
19,22,1.2983272564716353,"LINESTRING (-76.93146902382163 38.996468367367,-76.9437501126586 39.00196627858609)"
19,23,0.7352644365773668,"LINESTRING (-76.93146902382163 38.996468367367,-76.9376205466815 39.000965571665056)"
19,24,0.6056935478076858,"LINESTRING (-76.93146902382163 38.996468367367,-76.93123840128628 39.0027413970488)"
20,0,2.2746751938005128,"LINESTRING (-76.95632289196739 39.003130542025964,-76.95614896113524 38.979556977077486)"
20,1,2.3735421136310695,"LINESTRING (-76.95632289196739 39.003130542025964,-76.9503705959991 38.979262715910416)"
20,2,2.564862113926859,"LINESTRING (-76.95632289196739 39.003130542025964,-76.94306724620641 38.98008989839545)"
20,3,2.89766923299116,"LINESTRING (-76.95632289196739 39.003130542025964,-76.93748964696455 38.97973917233188)"
20,4,3.280859981894188,"LINESTRING (-76.95632289196739 39.003130542025964,-76.93217898394533 38.97918868236121)"
20,5,1.7753116834919056,"LINESTRING (-76.95632289196739 39.003130542025964,-76.95654038918376 38.98473290872155)"
20,6,1.8571074742816214,"LINESTRING (-76.95632289196739 39.003130542025964,-76.94918515736619 38.98525638276749)"
20,7,2.1141784272588118,"LINESTRING (-76.95632289196739 39.003130542025964,-76.94391753002535 38.985069739862865)"
20,8,2.4838811145881294,"LINESTRING (-76.95632289196739 39.003130542025964,-76.93782936830148 38.98522358509069)"
20,9,2.932926749184652,"LINESTRING (-76.95632289196739 39.003130542025964,-76.93281099835939 38.98386611360585)"
20,10,1.1525834402980537,"LINESTRING (-76.95632289196739 39.003130542025964,-76.95679046211451 38.9911945889552)"
20,11,1.3049885708925892,"LINESTRING (-76.95632289196739 39.003130542025964,-76.94939878151207 38.991512819518306)"
20,12,1.7120591304695991,"LINESTRING (-76.95632289196739 39.003130542025964,-76.94348046644811 38.99088718523098)"
20,13,2.1500803386958265,"LINESTRING (-76.95632289196739 39.003130542025964,-76.93804582130882 38.99038386195248)"
20,14,2.583647202860772,"LINESTRING (-76.95632289196739 39.003130542025964,-76.93229361007478 38.99131678004122)"
20,15,0.64658959874152,"LINESTRING (-76.95632289196739 39.003130542025964,-76.9564057308593 38.99642994930704)"
20,16,0.912814099532896,"LINESTRING (-76.95632289196739 39.003130542025964,-76.94883356408197 38.997350815863484)"
20,17,1.431812885918616,"LINESTRING (-76.95632289196739 39.003130542025964,-76.94314368324747 38.99631118029311)"
20,18,1.8930315303745238,"LINESTRING (-76.95632289196739 39.003130542025964,-76.93814701133961 38.99574541006349)"
20,19,2.482812261964675,"LINESTRING (-76.95632289196739 39.003130542025964,-76.93146902382163 38.996468367367)"
20,20,0.0,"LINESTRING (-76.95632289196739 39.003130542025964,-76.95632289196739 39.003130542025964)"
20,21,0.6761912596823446,"LINESTRING (-76.95632289196739 39.003130542025964,-76.9493981599047 39.00205415855821)"
20,22,1.2183378116676706,"LINESTRING (-76.95632289196739 39.003130542025964,-76.9437501126586 39.00196627858609)"
20,23,1.8166400028097796,"LINESTRING (-76.95632289196739 39.003130542025964,-76.9376205466815 39.000965571665056)"
20,24,2.420693740946253,"LINESTRING (-76.95632289196739 39.003130542025964,-76.93123840128628 39.0027413970488)"
21,0,2.266378374630353,"LINESTRING (-76.9493981599047 39.00205415855821,-76.95614896113524 38.979556977077486)"
21,1,2.201147107714856,"LINESTRING (-76.9493981599047 39.00205415855821,-76.9503705959991 38.979262715910416)"
21,2,2.2056128036715985,"LINESTRING (-76.9493981599047 39.00205415855821,-76.94306724620641 38.98008989839545)"
21,3,2.440589172199619,"LINESTRING (-76.9493981599047 39.00205415855821,-76.93748964696455 38.97973917233188)"
21,4,2.761924107648803,"LINESTRING (-76.9493981599047 39.00205415855821,-76.93217898394533 38.97918868236121)"
21,5,1.8078351953754574,"LINESTRING (-76.9493981599047 39.00205415855821,-76.95654038918376 38.98473290872155)"
21,6,1.6209476885118994,"LINESTRING (-76.9493981599047 39.00205415855821,-76.94918515736619 38.98525638276749)"
21,7,1.7220364129400394,"LINESTRING (-76.9493981599047 39.00205415855821,-76.94391753002535 38.985069739862865)"
21,8,1.9706299477938947,"LINESTRING (-76.9493981599047 39.00205415855821,-76.93782936830148 38.98522358509069)"
21,9,2.3751810853467608,"LINESTRING (-76.9493981599047 39.00205415855821,-76.93281099835939 38.98386611360585)"
21,10,1.2675730259160558,"LINESTRING (-76.9493981599047 39.00205415855821,-76.95679046211451 38.9911945889552)"
21,11,1.0171338057287342,"LINESTRING (-76.9493981599047 39.00205415855821,-76.94939878151207 38.991512819518306)"
21,12,1.2194457549905136,"LINESTRING (-76.9493981599047 39.00205415855821,-76.94348046644811 38.99088718523098)"
21,13,1.5709550337276978,"LINESTRING (-76.9493981599047 39.00205415855821,-76.93804582130882 38.99038386195248)"
21,14,1.9486606943303206,"LINESTRING (-76.9493981599047 39.00205415855821,-76.93229361007478 38.99131678004122)"
21,15,0.8670032177244604,"LINESTRING (-76.9493981599047 39.00205415855821,-76.9564057308593 38.99642994930704)"
21,16,0.4570836399671433,"LINESTRING (-76.9493981599047 39.00205415855821,-76.94883356408197 38.997350815863484)"
21,17,0.8193147526079205,"LINESTRING (-76.9493981599047 39.00205415855821,-76.94314368324747 38.99631118029311)"
21,18,1.244641156090871,"LINESTRING (-76.9493981599047 39.00205415855821,-76.93814701133961 38.99574541006349)"
21,19,1.8119963535083308,"LINESTRING (-76.9493981599047 39.00205415855821,-76.93146902382163 38.996468367367)"
21,20,0.6761912596823446,"LINESTRING (-76.9493981599047 39.00205415855821,-76.95632289196739 39.003130542025964)"
21,21,0.0,"LINESTRING (-76.9493981599047 39.00205415855821,-76.9493981599047 39.00205415855821)"
21,22,0.5450460428587547,"LINESTRING (-76.9493981599047 39.00205415855821,-76.9437501126586 39.00196627858609)"
21,23,1.1412658162628329,"LINESTRING (-76.9493981599047 39.00205415855821,-76.9376205466815 39.000965571665056)"
21,24,1.753489410117078,"LINESTRING (-76.9493981599047 39.00205415855821,-76.93123840128628 39.0027413970488)"
22,0,2.471176976411986,"LINESTRING (-76.9437501126586 39.00196627858609,-76.95614896113524 38.979556977077486)"
22,1,2.2819070182074324,"LINESTRING (-76.9437501126586 39.00196627858609,-76.9503705959991 38.979262715910416)"
22,2,2.1118800418579475,"LINESTRING (-76.9437501126586 39.00196627858609,-76.94306724620641 38.98008989839545)"
22,3,2.2281412700806067,"LINESTRING (-76.9437501126586 39.00196627858609,-76.93748964696455 38.97973917233188)"
22,4,2.4651446589856016,"LINESTRING (-76.9437501126586 39.00196627858609,-76.93217898394533 38.97918868236121)"
22,5,2.0707846800850804,"LINESTRING (-76.9437501126586 39.00196627858609,-76.95654038918376 38.98473290872155)"
22,6,1.6954814948631494,"LINESTRING (-76.9437501126586 39.00196627858609,-76.94918515736619 38.98525638276749)"
22,7,1.6304270499481404,"LINESTRING (-76.9437501126586 39.00196627858609,-76.94391753002535 38.985069739862865)"
22,8,1.7135412378076034,"LINESTRING (-76.9437501126586 39.00196627858609,-76.93782936830148 38.98522358509069)"
22,9,2.040666993947874,"LINESTRING (-76.9437501126586 39.00196627858609,-76.93281099835939 38.98386611360585)"
22,10,1.632022205940677,"LINESTRING (-76.9437501126586 39.00196627858609,-76.95679046211451 38.9911945889552)"
22,11,1.146495569846365,"LINESTRING (-76.9437501126586 39.00196627858609,-76.94939878151207 38.991512819518306)"
22,12,1.0693382897846382,"LINESTRING (-76.9437501126586 39.00196627858609,-76.94348046644811 38.99088718523098)"
22,13,1.2457726515707501,"LINESTRING (-76.9437501126586 39.00196627858609,-76.93804582130882 38.99038386195248)"
22,14,1.5092691499620512,"LINESTRING (-76.9437501126586 39.00196627858609,-76.93229361007478 38.99131678004122)"
22,15,1.3328745048751012,"LINESTRING (-76.9437501126586 39.00196627858609,-76.9564057308593 38.99642994930704)"
22,16,0.662514523269755,"LINESTRING (-76.9437501126586 39.00196627858609,-76.94883356408197 38.997350815863484)"
22,17,0.5487888860931867,"LINESTRING (-76.9437501126586 39.00196627858609,-76.94314368324747 38.99631118029311)"
22,18,0.8078348268898955,"LINESTRING (-76.9437501126586 39.00196627858609,-76.93814701133961 38.99574541006349)"
22,19,1.2983272564716353,"LINESTRING (-76.9437501126586 39.00196627858609,-76.93146902382163 38.996468367367)"
22,20,1.2183378116676706,"LINESTRING (-76.9437501126586 39.00196627858609,-76.95632289196739 39.003130542025964)"
22,21,0.5450460428587547,"LINESTRING (-76.9437501126586 39.00196627858609,-76.9493981599047 39.00205415855821)"
22,22,0.0,"LINESTRING (-76.9437501126586 39.00196627858609,-76.9437501126586 39.00196627858609)"
22,23,0.5992719882136064,"LINESTRING (-76.9437501126586 39.00196627858609,-76.9376205466815 39.000965571665056)"
22,24,1.2095695221434726,"LINESTRING (-76.9437501126586 39.00196627858609,-76.93123840128628 39.0027413970488)"
23,0,2.7319283484753445,"LINESTRING (-76.9376205466815 39.000965571665056,-76.95614896113524 38.979556977077486)"
23,1,2.428746846936326,"LINESTRING (-76.9376205466815 39.000965571665056,-76.9503705959991 38.979262715910416)"
23,2,2.0817262329982147,"LINESTRING (-76.9376205466815 39.000965571665056,-76.94306724620641 38.98008989839545)"
23,3,2.0481742164389063,"LINESTRING (-76.9376205466815 39.000965571665056,-76.93748964696455 38.97973917233188)"
23,4,2.1658588098342593,"LINESTRING (-76.9376205466815 39.000965571665056,-76.93217898394533 38.97918868236121)"
23,5,2.4054083940232047,"LINESTRING (-76.9376205466815 39.000965571665056,-76.95654038918376 38.98473290872155)"
23,6,1.8822200105840996,"LINESTRING (-76.9376205466815 39.000965571665056,-76.94918515736619 38.98525638276749)"
23,7,1.6497517755596698,"LINESTRING (-76.9376205466815 39.000965571665056,-76.94391753002535 38.985069739862865)"
23,8,1.519077920906195,"LINESTRING (-76.9376205466815 39.000965571665056,-76.93782936830148 38.98522358509069)"
23,9,1.7139492951423971,"LINESTRING (-76.9376205466815 39.000965571665056,-76.93281099835939 38.98386611360585)"
23,10,2.076122574912251,"LINESTRING (-76.9376205466815 39.000965571665056,-76.95679046211451 38.9911945889552)"
23,11,1.4572269122325499,"LINESTRING (-76.9376205466815 39.000965571665056,-76.94939878151207 38.991512819518306)"
23,12,1.124895188822353,"LINESTRING (-76.9376205466815 39.000965571665056,-76.94348046644811 38.99088718523098)"
23,13,1.0218534224334144,"LINESTRING (-76.9376205466815 39.000965571665056,-76.93804582130882 38.99038386195248)"
23,14,1.0634731634388535,"LINESTRING (-76.9376205466815 39.000965571665056,-76.93229361007478 38.99131678004122)"
23,15,1.8646677265519007,"LINESTRING (-76.9376205466815 39.000965571665056,-76.9564057308593 38.99642994930704)"
23,16,1.136774316066564,"LINESTRING (-76.9376205466815 39.000965571665056,-76.94883356408197 38.997350815863484)"
23,17,0.6969250111499912,"LINESTRING (-76.9376205466815 39.000965571665056,-76.94314368324747 38.99631118029311)"
23,18,0.5062484857203491,"LINESTRING (-76.9376205466815 39.000965571665056,-76.93814701133961 38.99574541006349)"
23,19,0.7352644365773668,"LINESTRING (-76.9376205466815 39.000965571665056,-76.93146902382163 38.996468367367)"
23,20,1.8166400028097796,"LINESTRING (-76.9376205466815 39.000965571665056,-76.95632289196739 39.003130542025964)"
23,21,1.1412658162628329,"LINESTRING (-76.9376205466815 39.000965571665056,-76.9493981599047 39.00205415855821)"
23,22,0.5992719882136064,"LINESTRING (-76.9376205466815 39.000965571665056,-76.9437501126586 39.00196627858609)"
23,23,0.0,"LINESTRING (-76.9376205466815 39.000965571665056,-76.9376205466815 39.000965571665056)"
23,24,0.6392077303176541,"LINESTRING (-76.9376205466815 39.000965571665056,-76.93123840128628 39.0027413970488)"
24,0,3.283572310008717,"LINESTRING (-76.93123840128628 39.0027413970488,-76.95614896113524 38.979556977077486)"
24,1,2.922371879697849,"LINESTRING (-76.93123840128628 39.0027413970488,-76.9503705959991 38.979262715910416)"
24,2,2.465714989260916,"LINESTRING (-76.93123840128628 39.0027413970488,-76.94306724620641 38.98008989839545)"
24,3,2.299987289780575,"LINESTRING (-76.93123840128628 39.0027413970488,-76.93748964696455 38.97973917233188)"
24,4,2.274412914697082,"LINESTRING (-76.93123840128628 39.0027413970488,-76.93217898394533 38.97918868236121)"
24,5,2.9966262298247135,"LINESTRING (-76.93123840128628 39.0027413970488,-76.95654038918376 38.98473290872155)"
24,6,2.4176700804038687,"LINESTRING (-76.93123840128628 39.0027413970488,-76.94918515736619 38.98525638276749)"
24,7,2.0986248335088766,"LINESTRING (-76.93123840128628 39.0027413970488,-76.94391753002535 38.985069739862865)"
24,8,1.8059736692637838,"LINESTRING (-76.93123840128628 39.0027413970488,-76.93782936830148 38.98522358509069)"
24,9,1.8275862838678012,"LINESTRING (-76.93123840128628 39.0027413970488,-76.93281099835939 38.98386611360585)"
24,10,2.705570979410134,"LINESTRING (-76.93123840128628 39.0027413970488,-76.95679046211451 38.9911945889552)"
24,11,2.0601922506558075,"LINESTRING (-76.93123840128628 39.0027413970488,-76.94939878151207 38.991512819518306)"
24,12,1.6442714141463493,"LINESTRING (-76.93123840128628 39.0027413970488,-76.94348046644811 38.99088718523098)"
24,13,1.3613287162500356,"LINESTRING (-76.93123840128628 39.0027413970488,-76.93804582130882 38.99038386195248)"
24,14,1.1070533618072542,"LINESTRING (-76.93123840128628 39.0027413970488,-76.93229361007478 38.99131678004122)"
24,15,2.503592638209433,"LINESTRING (-76.93123840128628 39.0027413970488,-76.9564057308593 38.99642994930704)"
24,16,1.7756470347883457,"LINESTRING (-76.93123840128628 39.0027413970488,-76.94883356408197 38.997350815863484)"
24,17,1.305590020642497,"LINESTRING (-76.93123840128628 39.0027413970488,-76.94314368324747 38.99631118029311)"
24,18,0.9487117745374891,"LINESTRING (-76.93123840128628 39.0027413970488,-76.93814701133961 38.99574541006349)"
24,19,0.6056935478076858,"LINESTRING (-76.93123840128628 39.0027413970488,-76.93146902382163 38.996468367367)"
24,20,2.420693740946253,"LINESTRING (-76.93123840128628 39.0027413970488,-76.95632289196739 39.003130542025964)"
24,21,1.753489410117078,"LINESTRING (-76.93123840128628 39.0027413970488,-76.9493981599047 39.00205415855821)"
24,22,1.2095695221434726,"LINESTRING (-76.93123840128628 39.0027413970488,-76.9437501126586 39.00196627858609)"
24,23,0.6392077303176541,"LINESTRING (-76.93123840128628 39.0027413970488,-76.9376205466815 39.000965571665056)"
24,24,0.0,"LINESTRING (-76.93123840128628 39.0027413970488,-76.93123840128628 39.0027413970488)"
