o_zone_id,d_zone_id,accessibility,volume,geometry
0,0,0.0,6.999963581539078,"LINESTRING (-76.95614896113524 38.979556977077486,-76.95614896113524 38.979556977077486)"
0,1,0.5582769421562637,5.178454564249683,"LINESTRING (-76.95614896113524 38.979556977077486,-76.9503705959991 38.979262715910416)"
0,2,1.2633016422890635,11.774614469677577,"LINESTRING (-76.95614896113524 38.979556977077486,-76.94306724620641 38.98008989839545)"
0,3,1.8005230506326615,29.295642426381868,"LINESTRING (-76.95614896113524 38.979556977077486,-76.93748964696455 38.97973917233188)"
0,4,2.3131360911274994,5.434955596678015,"LINESTRING (-76.95614896113524 38.979556977077486,-76.93217898394533 38.97918868236121)"
0,5,0.5008517379954796,13.620272068647754,"LINESTRING (-76.95614896113524 38.979556977077486,-76.95654038918376 38.98473290872155)"
0,6,0.8682909239969809,22.32429338095149,"LINESTRING (-76.95614896113524 38.979556977077486,-76.94918515736619 38.98525638276749)"
0,7,1.2945436589723902,16.730620043404876,"LINESTRING (-76.95614896113524 38.979556977077486,-76.94391753002535 38.985069739862865)"
0,8,1.8502896032541662,18.500374882249154,"LINESTRING (-76.95614896113524 38.979556977077486,-76.93782936830148 38.98522358509069)"
0,9,2.289944062169767,10.730525459585808,"LINESTRING (-76.95614896113524 38.979556977077486,-76.93281099835939 38.98386611360585)"
0,10,1.1246178920479766,4.977405429863816,"LINESTRING (-76.95614896113524 38.979556977077486,-76.95679046211451 38.9911945889552)"
0,11,1.3247872964411433,18.27888100232692,"LINESTRING (-76.95614896113524 38.979556977077486,-76.94939878151207 38.991512819518306)"
0,12,1.639945057469208,78.99235174815364,"LINESTRING (-76.95614896113524 38.979556977077486,-76.94348046644811 38.99088718523098)"
0,13,2.03533323545545,11.86694515667033,"LINESTRING (-76.95614896113524 38.979556977077486,-76.93804582130882 38.99038386195248)"
0,14,2.566290711987904,10.234239502558099,"LINESTRING (-76.95614896113524 38.979556977077486,-76.93229361007478 38.99131678004122)"
0,15,1.6282615955740842,4.541054122772966,"LINESTRING (-76.95614896113524 38.979556977077486,-76.9564057308593 38.99642994930704)"
0,16,1.8563626134770177,4.376128519901428,"LINESTRING (-76.95614896113524 38.979556977077486,-76.94883356408197 38.997350815863484)"
0,17,2.0464993960929636,19.87373537200126,"LINESTRING (-76.95614896113524 38.979556977077486,-76.94314368324747 38.99631118029311)"
0,18,2.336045735031778,24.04380481836041,"LINESTRING (-76.95614896113524 38.979556977077486,-76.93814701133961 38.99574541006349)"
0,19,2.886800242162361,10.320287125207694,"LINESTRING (-76.95614896113524 38.979556977077486,-76.93146902382163 38.996468367367)"
0,20,2.2746751938005128,4.646507537629237,"LINESTRING (-76.95614896113524 38.979556977077486,-76.95632289196739 39.003130542025964)"
0,21,2.266378374630353,5.655442987910314,"LINESTRING (-76.95614896113524 38.979556977077486,-76.9493981599047 39.00205415855821)"
0,22,2.471176976411986,22.29546676763858,"LINESTRING (-76.95614896113524 38.979556977077486,-76.9437501126586 39.00196627858609)"
0,23,2.7319283484753445,1.5464306739153217,"LINESTRING (-76.95614896113524 38.979556977077486,-76.9376205466815 39.000965571665056)"
0,24,3.283572310008717,6.7616027617247285,"LINESTRING (-76.95614896113524 38.979556977077486,-76.93123840128628 39.0027413970488)"
1,0,0.5582769421562637,3.9310774383954463,"LINESTRING (-76.9503705959991 38.979262715910416,-76.95614896113524 38.979556977077486)"
1,1,0.0,3.2516763155675514,"LINESTRING (-76.9503705959991 38.979262715910416,-76.9503705959991 38.979262715910416)"
1,2,0.7092057603684062,7.390473305048211,"LINESTRING (-76.9503705959991 38.979262715910416,-76.94306724620641 38.98008989839545)"
1,3,1.2437327398896523,18.392704783864236,"LINESTRING (-76.9503705959991 38.979262715910416,-76.93748964696455 38.97973917233188)"
1,4,1.7553231827854674,3.4125811312717595,"LINESTRING (-76.9503705959991 38.979262715910416,-76.93217898394533 38.97918868236121)"
1,5,0.7956146555698299,7.853185753241399,"LINESTRING (-76.9503705959991 38.979262715910416,-76.95654038918376 38.98473290872155)"
1,6,0.5895318470111025,13.631559773592267,"LINESTRING (-76.9503705959991 38.979262715910416,-76.94918515736619 38.98525638276749)"
1,7,0.837650956466179,10.399587478197695,"LINESTRING (-76.9503705959991 38.979262715910416,-76.94391753002535 38.985069739862865)"
1,8,1.3398370615139106,11.561406708517502,"LINESTRING (-76.9503705959991 38.979262715910416,-76.93782936830148 38.98522358509069)"
1,9,1.7515811909726207,6.724550661382339,"LINESTRING (-76.9503705959991 38.979262715910416,-76.93281099835939 38.98386611360585)"
1,10,1.3073746090308849,2.902200896629133,"LINESTRING (-76.9503705959991 38.979262715910416,-76.95679046211451 38.9911945889552)"
1,11,1.1857261182492007,11.006530309258455,"LINESTRING (-76.9503705959991 38.979262715910416,-76.94939878151207 38.991512819518306)"
1,12,1.3038729517365995,48.5111922086586,"LINESTRING (-76.9503705959991 38.979262715910416,-76.94348046644811 38.99088718523098)"
1,13,1.6017920105255337,7.359170577653258,"LINESTRING (-76.9503705959991 38.979262715910416,-76.93804582130882 38.99038386195248)"
1,14,2.0964723215927004,6.3697297627454414,"LINESTRING (-76.9503705959991 38.979262715910416,-76.93229361007478 38.99131678004122)"
1,15,1.755844295057529,2.6624245543970715,"LINESTRING (-76.9503705959991 38.979262715910416,-76.9564057308593 38.99642994930704)"
1,16,1.7516106576392938,2.626037150617335,"LINESTRING (-76.9503705959991 38.979262715910416,-76.94883356408197 38.997350815863484)"
1,17,1.7867030286825805,12.112221202879871,"LINESTRING (-76.9503705959991 38.979262715910416,-76.94314368324747 38.99631118029311)"
1,18,1.9800331738771562,14.795379218344442,"LINESTRING (-76.9503705959991 38.979262715910416,-76.93814701133961 38.99574541006349)"
1,19,2.466266039699663,6.391706531667477,"LINESTRING (-76.9503705959991 38.979262715910416,-76.93146902382163 38.996468367367)"
1,20,2.3735421136310695,2.7320861413438626,"LINESTRING (-76.9503705959991 38.979262715910416,-76.95632289196739 39.003130542025964)"
1,21,2.201147107714856,3.380345294044367,"LINESTRING (-76.9503705959991 38.979262715910416,-76.9493981599047 39.00205415855821)"
1,22,2.2819070182074324,13.492671188786009,"LINESTRING (-76.9503705959991 38.979262715910416,-76.9437501126586 39.00196627858609)"
1,23,2.428746846936326,0.9465835194043959,"LINESTRING (-76.9503705959991 38.979262715910416,-76.9376205466815 39.000965571665056)"
1,24,2.922371879697849,4.16291809449185,"LINESTRING (-76.9503705959991 38.979262715910416,-76.93123840128628 39.0027413970488)"
2,0,1.2633016422890635,5.227470356308287,"LINESTRING (-76.94306724620641 38.98008989839545,-76.95614896113524 38.979556977077486)"
2,1,0.7092057603684062,4.3222084317025535,"LINESTRING (-76.94306724620641 38.98008989839545,-76.9503705959991 38.979262715910416)"
2,2,0.0,11.32065305605396,"LINESTRING (-76.94306724620641 38.98008989839545,-76.94306724620641 38.98008989839545)"
2,3,0.5392454998195111,28.160470431190088,"LINESTRING (-76.94306724620641 38.98008989839545,-76.93748964696455 38.97973917233188)"
2,4,1.0542010320295916,5.223133744563162,"LINESTRING (-76.94306724620641 38.98008989839545,-76.93217898394533 38.97918868236121)"
2,5,1.3750523318528818,10.574991447829976,"LINESTRING (-76.94306724620641 38.98008989839545,-76.95654038918376 38.98473290872155)"
2,6,0.7726517573159387,19.098161824552335,"LINESTRING (-76.94306724620641 38.98008989839545,-76.94918515736619 38.98525638276749)"
2,7,0.48745888151680605,15.368220190735256,"LINESTRING (-76.94306724620641 38.98008989839545,-76.94391753002535 38.985069739862865)"
2,8,0.7076744214317384,17.573730703383013,"LINESTRING (-76.94306724620641 38.98008989839545,-76.93782936830148 38.98522358509069)"
2,9,1.0545717887323722,10.288044092105453,"LINESTRING (-76.94306724620641 38.98008989839545,-76.93281099835939 38.98386611360585)"
2,10,1.7033718537289795,3.9804149015790173,"LINESTRING (-76.94306724620641 38.98008989839545,-76.95679046211451 38.9911945889552)"
2,11,1.2601884586180183,15.588897045872928,"LINESTRING (-76.94306724620641 38.98008989839545,-76.94939878151207 38.991512819518306)"
2,12,1.0425928859769227,71.05391471277028,"LINESTRING (-76.94306724620641 38.98008989839545,-76.94348046644811 38.99088718523098)"
2,13,1.105138659325999,11.035628289937396,"LINESTRING (-76.94306724620641 38.98008989839545,-76.93804582130882 38.99038386195248)"
2,14,1.5013859719455682,9.646373929702367,"LINESTRING (-76.94306724620641 38.98008989839545,-76.93229361007478 38.99131678004122)"
2,15,2.035258509744197,3.6943779042604006,"LINESTRING (-76.94306724620641 38.98008989839545,-76.9564057308593 38.99642994930704)"
2,16,1.7559846417279619,3.745499292589087,"LINESTRING (-76.94306724620641 38.98008989839545,-76.94883356408197 38.997350815863484)"
2,17,1.565208867212018,17.670220795083125,"LINESTRING (-76.94306724620641 38.98008989839545,-76.94314368324747 38.99631118029311)"
2,18,1.5834469297435831,21.9658713681211,"LINESTRING (-76.94306724620641 38.98008989839545,-76.93814701133961 38.99574541006349)"
2,19,1.9364776361411045,9.616655488269233,"LINESTRING (-76.94306724620641 38.98008989839545,-76.93146902382163 38.996468367367)"
2,20,2.564862113926859,3.824584667131102,"LINESTRING (-76.94306724620641 38.98008989839545,-76.95632289196739 39.003130542025964)"
2,21,2.2056128036715985,4.821319754736879,"LINESTRING (-76.94306724620641 38.98008989839545,-76.9493981599047 39.00205415855821)"
2,22,2.1118800418579475,19.583076839295845,"LINESTRING (-76.94306724620641 38.98008989839545,-76.9437501126586 39.00196627858609)"
2,23,2.0817262329982147,1.3983911473799648,"LINESTRING (-76.94306724620641 38.98008989839545,-76.9376205466815 39.000965571665056)"
2,24,2.465714989260916,6.217689584847222,"LINESTRING (-76.94306724620641 38.98008989839545,-76.93123840128628 39.0027413970488)"
3,0,1.8005230506326615,10.059066912088444,"LINESTRING (-76.93748964696455 38.97973917233188,-76.95614896113524 38.979556977077486)"
3,1,1.2437327398896523,8.319339395196462,"LINESTRING (-76.93748964696455 38.97973917233188,-76.9503705959991 38.979262715910416)"
3,2,0.5392454998195111,21.779589699833213,"LINESTRING (-76.93748964696455 38.97973917233188,-76.94306724620641 38.98008989839545)"
3,3,0.0,60.34709763216509,"LINESTRING (-76.93748964696455 38.97973917233188,-76.93748964696455 38.97973917233188)"
3,4,0.5151714948581464,11.192787269276792,"LINESTRING (-76.93748964696455 38.97973917233188,-76.93217898394533 38.97918868236121)"
3,5,1.900309694019983,20.373504289787252,"LINESTRING (-76.93748964696455 38.97973917233188,-76.95654038918376 38.98473290872155)"
3,6,1.2477637266748316,36.97899176576168,"LINESTRING (-76.93748964696455 38.97973917233188,-76.94918515736619 38.98525638276749)"
3,7,0.8057500323225937,30.227185618446015,"LINESTRING (-76.93748964696455 38.97973917233188,-76.94391753002535 38.985069739862865)"
3,8,0.5302052530203817,36.32191207407915,"LINESTRING (-76.93748964696455 38.97973917233188,-76.93782936830148 38.98522358509069)"
3,9,0.6019723127095536,21.85678649843692,"LINESTRING (-76.93748964696455 38.97973917233188,-76.93281099835939 38.98386611360585)"
3,10,2.165653587243868,7.717009777496675,"LINESTRING (-76.93748964696455 38.97973917233188,-76.95679046211451 38.9911945889552)"
3,11,1.6158726413854514,30.546789256095813,"LINESTRING (-76.93748964696455 38.97973917233188,-76.94939878151207 38.991512819518306)"
3,12,1.2211537048877505,141.7198095961587,"LINESTRING (-76.93748964696455 38.97973917233188,-76.94348046644811 38.99088718523098)"
3,13,1.0285071239996164,22.57992404887479,"LINESTRING (-76.93748964696455 38.97973917233188,-76.93804582130882 38.99038386195248)"
3,14,1.224472165222794,20.136670063487202,"LINESTRING (-76.93748964696455 38.97973917233188,-76.93229361007478 38.99131678004122)"
3,15,2.434150814493491,7.208003570038833,"LINESTRING (-76.93748964696455 38.97973917233188,-76.9564057308593 38.99642994930704)"
3,16,2.0213548292756767,7.405974054107408,"LINESTRING (-76.93748964696455 38.97973917233188,-76.94883356408197 38.997350815863484)"
3,17,1.6895384511495117,35.435597383060035,"LINESTRING (-76.93748964696455 38.97973917233188,-76.94314368324747 38.99631118029311)"
3,18,1.5457438228980993,44.769599452198115,"LINESTRING (-76.93748964696455 38.97973917233188,-76.93814701133961 38.99574541006349)"
3,19,1.7155527720181774,19.9625515452543,"LINESTRING (-76.93748964696455 38.97973917233188,-76.93146902382163 38.996468367367)"
3,20,2.89766923299116,7.51152293671724,"LINESTRING (-76.93748964696455 38.97973917233188,-76.95632289196739 39.003130542025964)"
3,21,2.440589172199619,9.562212459545217,"LINESTRING (-76.93748964696455 38.97973917233188,-76.9493981599047 39.00205415855821)"
3,22,2.2281412700806067,39.30330889855539,"LINESTRING (-76.93748964696455 38.97973917233188,-76.9437501126586 39.00196627858609)"
3,23,2.0481742164389063,2.848939057256984,"LINESTRING (-76.93748964696455 38.97973917233188,-76.9376205466815 39.000965571665056)"
3,24,2.299987289780575,12.835826746082382,"LINESTRING (-76.93748964696455 38.97973917233188,-76.93123840128628 39.0027413970488)"
4,0,2.3131360911274994,4.148286012758093,"LINESTRING (-76.93217898394533 38.97918868236121,-76.95614896113524 38.979556977077486)"
4,1,1.7553231827854674,3.4311858959749246,"LINESTRING (-76.93217898394533 38.97918868236121,-76.9503705959991 38.979262715910416)"
4,2,1.0542010320295916,8.979640621438724,"LINESTRING (-76.93217898394533 38.97918868236121,-76.94306724620641 38.98008989839545)"
4,3,0.5151714948581464,24.880337690702024,"LINESTRING (-76.93217898394533 38.97918868236121,-76.93748964696455 38.97973917233188)"
4,4,0.0,5.115467854792354,"LINESTRING (-76.93217898394533 38.97918868236121,-76.93217898394533 38.97918868236121)"
4,5,2.410737549025571,8.403721115979184,"LINESTRING (-76.93217898394533 38.97918868236121,-76.95654038918376 38.98473290872155)"
4,6,1.742244245506535,15.277544114147723,"LINESTRING (-76.93217898394533 38.97918868236121,-76.94918515736619 38.98525638276749)"
4,7,1.26685270851205,12.52984719613814,"LINESTRING (-76.93217898394533 38.97918868236121,-76.94391753002535 38.985069739862865)"
4,8,0.7977038698787345,15.350583276603393,"LINESTRING (-76.93217898394533 38.97918868236121,-76.93782936830148 38.98522358509069)"
4,9,0.4554267209655361,9.62773661405379,"LINESTRING (-76.93217898394533 38.97918868236121,-76.93281099835939 38.98386611360585)"
4,10,2.642252552540643,3.193920611158157,"LINESTRING (-76.93217898394533 38.97918868236121,-76.95679046211451 38.9911945889552)"
4,11,2.043233073383866,12.705127787995277,"LINESTRING (-76.93217898394533 38.97918868236121,-76.94939878151207 38.991512819518306)"
4,12,1.5694936459153455,59.412228862540815,"LINESTRING (-76.93217898394533 38.97918868236121,-76.94348046644811 38.99088718523098)"
4,13,1.2195657601864667,9.616087405726242,"LINESTRING (-76.93217898394533 38.97918868236121,-76.93804582130882 38.99038386195248)"
4,14,1.170292410893149,8.78848766839934,"LINESTRING (-76.93217898394533 38.97918868236121,-76.93229361007478 38.99131678004122)"
4,15,2.869172865094131,2.9956820837257765,"LINESTRING (-76.93217898394533 38.97918868236121,-76.9564057308593 38.99642994930704)"
4,16,2.3777260973577814,3.1022634438076966,"LINESTRING (-76.93217898394533 38.97918868236121,-76.94883356408197 38.997350815863484)"
4,17,1.9618687117786031,14.96876954799874,"LINESTRING (-76.93217898394533 38.97918868236121,-76.94314368324747 38.99631118029311)"
4,18,1.6981762564778162,19.139767105013906,"LINESTRING (-76.93217898394533 38.97918868236121,-76.93814701133961 38.99574541006349)"
4,19,1.6687235053932963,8.70609328605971,"LINESTRING (-76.93217898394533 38.97918868236121,-76.93146902382163 38.996468367367)"
4,20,3.280859981894188,3.1380490779992787,"LINESTRING (-76.93217898394533 38.97918868236121,-76.95632289196739 39.003130542025964)"
4,21,2.761924107648803,4.019541218953121,"LINESTRING (-76.93217898394533 38.97918868236121,-76.9493981599047 39.00205415855821)"
4,22,2.4651446589856016,16.66133071246284,"LINESTRING (-76.93217898394533 38.97918868236121,-76.9437501126586 39.00196627858609)"
4,23,2.1658588098342593,1.222209566757435,"LINESTRING (-76.93217898394533 38.97918868236121,-76.9376205466815 39.000965571665056)"
4,24,2.274412914697082,5.586091228813336,"LINESTRING (-76.93217898394533 38.97918868236121,-76.93123840128628 39.0027413970488)"
5,0,0.5008517379954796,24.668000589050173,"LINESTRING (-76.95654038918376 38.98473290872155,-76.95614896113524 38.979556977077486)"
5,1,0.7956146555698299,18.736247228657955,"LINESTRING (-76.95654038918376 38.98473290872155,-76.9503705959991 38.979262715910416)"
5,2,1.3750523318528818,43.14031476887244,"LINESTRING (-76.95654038918376 38.98473290872155,-76.94306724620641 38.98008989839545)"
5,3,1.900309694019983,107.46306706797083,"LINESTRING (-76.95654038918376 38.98473290872155,-76.93748964696455 38.97973917233188)"
5,4,2.410737549025571,19.94100796725661,"LINESTRING (-76.95654038918376 38.98473290872155,-76.93217898394533 38.97918868236121)"
5,5,0.0,53.055129829505525,"LINESTRING (-76.95654038918376 38.98473290872155,-76.95654038918376 38.98473290872155)"
5,6,0.711501454038626,84.01887955460329,"LINESTRING (-76.95654038918376 38.98473290872155,-76.94918515736619 38.98525638276749)"
5,7,1.2184132327592276,62.46089788465138,"LINESTRING (-76.95654038918376 38.98473290872155,-76.94391753002535 38.985069739862865)"
5,8,1.8060470888120612,68.84808120872218,"LINESTRING (-76.95654038918376 38.98473290872155,-76.93782936830148 38.98522358509069)"
5,9,2.291175972667578,39.75185250316536,"LINESTRING (-76.95654038918376 38.98473290872155,-76.93281099835939 38.98386611360585)"
5,10,0.62395426861293,19.38815335996586,"LINESTRING (-76.95654038918376 38.98473290872155,-76.95679046211451 38.9911945889552)"
5,11,0.9501680996652739,70.30868814769556,"LINESTRING (-76.95654038918376 38.98473290872155,-76.94939878151207 38.991512819518306)"
5,12,1.3930586523568957,299.9832930824911,"LINESTRING (-76.95654038918376 38.98473290872155,-76.94348046644811 38.99088718523098)"
5,13,1.865983667814736,44.71812419158811,"LINESTRING (-76.95654038918376 38.98473290872155,-76.93804582130882 38.99038386195248)"
5,14,2.4242882722397563,38.46028941108222,"LINESTRING (-76.95654038918376 38.98473290872155,-76.93229361007478 38.99131678004122)"
5,15,1.128722233477739,17.686474861231513,"LINESTRING (-76.95654038918376 38.98473290872155,-76.9564057308593 38.99642994930704)"
5,16,1.4266389408748488,16.925543145812902,"LINESTRING (-76.95654038918376 38.98473290872155,-76.94883356408197 38.997350815863484)"
5,17,1.708521874277255,76.16361765059116,"LINESTRING (-76.95654038918376 38.98473290872155,-76.94314368324747 38.99631118029311)"
5,18,2.068560924847543,91.49761962172002,"LINESTRING (-76.95654038918376 38.98473290872155,-76.93814701133961 38.99574541006349)"
5,19,2.671038317997937,39.07078037749051,"LINESTRING (-76.95654038918376 38.98473290872155,-76.93146902382163 38.996468367367)"
5,20,1.7753116834919056,18.09687605383088,"LINESTRING (-76.95654038918376 38.98473290872155,-76.95632289196739 39.003130542025964)"
5,21,1.8078351953754574,21.93667444640413,"LINESTRING (-76.95654038918376 38.98473290872155,-76.9493981599047 39.00205415855821)"
5,22,2.0707846800850804,85.97957017043083,"LINESTRING (-76.95654038918376 38.98473290872155,-76.9437501126586 39.00196627858609)"
5,23,2.4054083940232047,5.919716671795852,"LINESTRING (-76.95654038918376 38.98473290872155,-76.9376205466815 39.000965571665056)"
5,24,2.9966262298247135,25.781100205413644,"LINESTRING (-76.95654038918376 38.98473290872155,-76.93123840128628 39.0027413970488)"
6,0,0.8682909239969809,7.224626553684123,"LINESTRING (-76.94918515736619 38.98525638276749,-76.95614896113524 38.979556977077486)"
6,1,0.5895318470111025,5.811280051013188,"LINESTRING (-76.94918515736619 38.98525638276749,-76.9503705959991 38.979262715910416)"
6,2,0.7726517573159387,13.921446671013742,"LINESTRING (-76.94918515736619 38.98525638276749,-76.94306724620641 38.98008989839545)"
6,3,1.2477637266748316,34.85283230799839,"LINESTRING (-76.94918515736619 38.98525638276749,-76.93748964696455 38.97973917233188)"
6,4,1.742244245506535,6.477665776566677,"LINESTRING (-76.94918515736619 38.98525638276749,-76.93217898394533 38.97918868236121)"
6,5,0.711501454038626,15.012962508763904,"LINESTRING (-76.94918515736619 38.98525638276749,-76.95654038918376 38.98473290872155)"
6,6,0.0,27.410448087648664,"LINESTRING (-76.94918515736619 38.98525638276749,-76.94918515736619 38.98525638276749)"
6,7,0.5085923131369382,20.373914899683278,"LINESTRING (-76.94918515736619 38.98525638276749,-76.94391753002535 38.985069739862865)"
6,8,1.0957246568963792,22.458455517003518,"LINESTRING (-76.94918515736619 38.98525638276749,-76.93782936830148 38.98522358509069)"
6,9,1.5856273408877732,12.960987567651147,"LINESTRING (-76.94918515736619 38.98525638276749,-76.93281099835939 38.98386611360585)"
6,10,0.93103077021264,5.712673684349216,"LINESTRING (-76.94918515736619 38.98525638276749,-76.95679046211451 38.9911945889552)"
6,11,0.6040353849778113,22.11467093677843,"LINESTRING (-76.94918515736619 38.98525638276749,-76.94939878151207 38.991512819518306)"
6,12,0.7734227852423622,96.97206547896734,"LINESTRING (-76.94918515736619 38.98525638276749,-76.94348046644811 38.99088718523098)"
6,13,1.1832359461733801,14.547021091660117,"LINESTRING (-76.94918515736619 38.98525638276749,-76.93804582130882 38.99038386195248)"
6,14,1.7315930577275274,12.523769125839108,"LINESTRING (-76.94918515736619 38.98525638276749,-76.93229361007478 38.99131678004122)"
6,15,1.2836625428740378,5.291166683250212,"LINESTRING (-76.94918515736619 38.98525638276749,-76.9564057308593 38.99642994930704)"
6,16,1.1674848599787,5.277602380000896,"LINESTRING (-76.94918515736619 38.98525638276749,-76.94883356408197 38.997350815863484)"
6,17,1.2155747159639565,24.31056885349773,"LINESTRING (-76.94918515736619 38.98525638276749,-76.94314368324747 38.99631118029311)"
6,18,1.4692495303366115,29.51730432072498,"LINESTRING (-76.94918515736619 38.98525638276749,-76.93814701133961 38.99574541006349)"
6,19,2.0230020464642955,12.665871490635894,"LINESTRING (-76.94918515736619 38.98525638276749,-76.93146902382163 38.996468367367)"
6,20,1.8571074742816214,5.453689394520667,"LINESTRING (-76.94918515736619 38.98525638276749,-76.95632289196739 39.003130542025964)"
6,21,1.6209476885118994,6.79088452126918,"LINESTRING (-76.94918515736619 38.98525638276749,-76.9493981599047 39.00205415855821)"
6,22,1.6954814948631494,27.122743313391428,"LINESTRING (-76.94918515736619 38.98525638276749,-76.9437501126586 39.00196627858609)"
6,23,1.8822200105840996,1.895229631534192,"LINESTRING (-76.94918515736619 38.98525638276749,-76.9376205466815 39.000965571665056)"
6,24,2.4176700804038687,8.300119152553966,"LINESTRING (-76.94918515736619 38.98525638276749,-76.93123840128628 39.0027413970488)"
7,0,1.2945436589723902,15.225422983821936,"LINESTRING (-76.94391753002535 38.985069739862865,-76.95614896113524 38.979556977077486)"
7,1,0.837650956466179,12.467001560679062,"LINESTRING (-76.94391753002535 38.985069739862865,-76.9503705959991 38.979262715910416)"
7,2,0.48745888151680605,31.5018473110236,"LINESTRING (-76.94391753002535 38.985069739862865,-76.94306724620641 38.98008989839545)"
7,3,0.8057500323225937,80.11251619920579,"LINESTRING (-76.94391753002535 38.985069739862865,-76.93748964696455 38.97973917233188)"
7,4,1.26685270851205,14.939305666243289,"LINESTRING (-76.94391753002535 38.985069739862865,-76.93217898394533 38.97918868236121)"
7,5,1.2184132327592276,31.3846569587729,"LINESTRING (-76.94391753002535 38.985069739862865,-76.95654038918376 38.98473290872155)"
7,6,0.5085923131369382,57.29202021561763,"LINESTRING (-76.94391753002535 38.985069739862865,-76.94918515736619 38.98525638276749)"
7,7,0.0,47.144198445286484,"LINESTRING (-76.94391753002535 38.985069739862865,-76.94391753002535 38.985069739862865)"
7,8,0.5876342521977657,51.96511072407368,"LINESTRING (-76.94391753002535 38.985069739862865,-76.93782936830148 38.98522358509069)"
7,9,1.077943863180329,29.98833765669119,"LINESTRING (-76.94391753002535 38.985069739862865,-76.93281099835939 38.98386611360585)"
7,10,1.375536467761317,12.017127388584516,"LINESTRING (-76.94391753002535 38.985069739862865,-76.95679046211451 38.9911945889552)"
7,11,0.8162243792063385,47.61361055774401,"LINESTRING (-76.94391753002535 38.985069739862865,-76.94939878151207 38.991512819518306)"
7,12,0.5629072715165285,217.798609885834,"LINESTRING (-76.94391753002535 38.985069739862865,-76.94348046644811 38.99088718523098)"
7,13,0.7641426652139913,33.361144654554806,"LINESTRING (-76.94391753002535 38.985069739862865,-76.93804582130882 38.99038386195248)"
7,14,1.2733062061689968,28.833946133144888,"LINESTRING (-76.94391753002535 38.985069739862865,-76.93229361007478 38.99131678004122)"
7,15,1.628965883774912,11.2414153438149,"LINESTRING (-76.94391753002535 38.985069739862865,-76.9564057308593 38.99642994930704)"
7,16,1.2764143410264783,11.480790829310367,"LINESTRING (-76.94391753002535 38.985069739862865,-76.94883356408197 38.997350815863484)"
7,17,1.0872535920907216,54.154421597265404,"LINESTRING (-76.94391753002535 38.985069739862865,-76.94314368324747 38.99631118029311)"
7,18,1.1709482722161353,66.88021133140971,"LINESTRING (-76.94391753002535 38.985069739862865,-76.93814701133961 38.99574541006349)"
7,19,1.6286357728395235,28.975308715037784,"LINESTRING (-76.94391753002535 38.985069739862865,-76.93146902382163 38.996468367367)"
7,20,2.1141784272588118,11.68938963768945,"LINESTRING (-76.94391753002535 38.985069739862865,-76.95632289196739 39.003130542025964)"
7,21,1.7220364129400394,14.78434208025133,"LINESTRING (-76.94391753002535 38.985069739862865,-76.9493981599047 39.00205415855821)"
7,22,1.6304270499481404,60.03780105192688,"LINESTRING (-76.94391753002535 38.985069739862865,-76.9437501126586 39.00196627858609)"
7,23,1.6497517755596698,4.26602788497872,"LINESTRING (-76.94391753002535 38.985069739862865,-76.9376205466815 39.000965571665056)"
7,24,2.0986248335088766,18.845435187037346,"LINESTRING (-76.94391753002535 38.985069739862865,-76.93123840128628 39.0027413970488)"
8,0,1.8502896032541662,5.339679074626326,"LINESTRING (-76.93782936830148 38.98522358509069,-76.95614896113524 38.979556977077486)"
8,1,1.3398370615139106,4.3957590324464935,"LINESTRING (-76.93782936830148 38.98522358509069,-76.9503705959991 38.979262715910416)"
8,2,0.7076744214317384,11.424934305818827,"LINESTRING (-76.93782936830148 38.98522358509069,-76.94306724620641 38.98008989839545)"
8,3,0.5302052530203817,30.531536370248148,"LINESTRING (-76.93782936830148 38.98522358509069,-76.93748964696455 38.97973917233188)"
8,4,0.7977038698787345,5.804794067404854,"LINESTRING (-76.93782936830148 38.98522358509069,-76.93217898394533 38.97918868236121)"
8,5,1.8060470888120612,10.971810567190882,"LINESTRING (-76.93782936830148 38.98522358509069,-76.95654038918376 38.98473290872155)"
8,6,1.0957246568963792,20.029810087001973,"LINESTRING (-76.93782936830148 38.98522358509069,-76.94918515736619 38.98525638276749)"
8,7,0.5876342521977657,16.48121229657946,"LINESTRING (-76.93782936830148 38.98522358509069,-76.94391753002535 38.985069739862865)"
8,8,0.0,20.432147591534843,"LINESTRING (-76.93782936830148 38.98522358509069,-76.93782936830148 38.98522358509069)"
8,9,0.5016251987368181,11.777771450567643,"LINESTRING (-76.93782936830148 38.98522358509069,-76.93281099835939 38.98386611360585)"
8,10,1.918127925044457,4.220051453108901,"LINESTRING (-76.93782936830148 38.98522358509069,-76.95679046211451 38.9911945889552)"
8,11,1.2706153737993693,16.868586559811465,"LINESTRING (-76.93782936830148 38.98522358509069,-76.94939878151207 38.991512819518306)"
8,12,0.7719880032288453,79.07812648175651,"LINESTRING (-76.93782936830148 38.98522358509069,-76.94348046644811 38.99088718523098)"
8,13,0.4983529546111104,12.701808843697151,"LINESTRING (-76.93782936830148 38.98522358509069,-76.93804582130882 38.99038386195248)"
8,14,0.794339787460827,11.214679299617973,"LINESTRING (-76.93782936830148 38.98522358509069,-76.93229361007478 38.99131678004122)"
8,15,2.0933301351812053,3.978647285369691,"LINESTRING (-76.93782936830148 38.98522358509069,-76.9564057308593 38.99642994930704)"
8,16,1.5800868752723085,4.129191290975264,"LINESTRING (-76.93782936830148 38.98522358509069,-76.94883356408197 38.997350815863484)"
8,17,1.1863825556919185,19.879723251420717,"LINESTRING (-76.93782936830148 38.98522358509069,-76.94314368324747 38.99631118029311)"
8,18,1.0157134227933036,25.183780727628605,"LINESTRING (-76.93782936830148 38.98522358509069,-76.93814701133961 38.99574541006349)"
8,19,1.2465488926263186,11.16100809015325,"LINESTRING (-76.93782936830148 38.98522358509069,-76.93146902382163 38.996468367367)"
8,20,2.4838811145881294,4.176547067918204,"LINESTRING (-76.93782936830148 38.98522358509069,-76.95632289196739 39.003130542025964)"
8,21,1.9706299477938947,5.346717661984539,"LINESTRING (-76.93782936830148 38.98522358509069,-76.9493981599047 39.00205415855821)"
8,22,1.7135412378076034,22.074796202588388,"LINESTRING (-76.93782936830148 38.98522358509069,-76.9437501126586 39.00196627858609)"
8,23,1.519077920906195,1.60243459378251,"LINESTRING (-76.93782936830148 38.98522358509069,-76.9376205466815 39.000965571665056)"
8,24,1.8059736692637838,7.194446346767483,"LINESTRING (-76.93782936830148 38.98522358509069,-76.93123840128628 39.0027413970488)"
9,0,2.289944062169767,10.800999754088949,"LINESTRING (-76.93281099835939 38.98386611360585,-76.95614896113524 38.979556977077486)"
9,1,1.7515811909726207,8.916508085276622,"LINESTRING (-76.93281099835939 38.98386611360585,-76.9503705959991 38.979262715910416)"
9,2,1.0545717887323722,23.32549673545605,"LINESTRING (-76.93281099835939 38.98386611360585,-76.94306724620641 38.98008989839545)"
9,3,0.6019723127095536,64.0729331876642,"LINESTRING (-76.93281099835939 38.98386611360585,-76.93748964696455 38.97973917233188)"
9,4,0.4554267209655361,12.696805763608394,"LINESTRING (-76.93281099835939 38.98386611360585,-76.93217898394533 38.97918868236121)"
9,5,2.291175972667578,22.092871771247378,"LINESTRING (-76.93281099835939 38.98386611360585,-76.95654038918376 38.98473290872155)"
9,6,1.5856273408877732,40.31283854695799,"LINESTRING (-76.93281099835939 38.98386611360585,-76.94918515736619 38.98525638276749)"
9,7,1.077943863180329,33.16943154348616,"LINESTRING (-76.93281099835939 38.98386611360585,-76.94391753002535 38.985069739862865)"
9,8,0.5016251987368181,41.07442215250757,"LINESTRING (-76.93281099835939 38.98386611360585,-76.93782936830148 38.98522358509069)"
9,9,0.0,26.17527053195237,"LINESTRING (-76.93281099835939 38.98386611360585,-76.93281099835939 38.98386611360585)"
9,10,2.4194205777913083,8.483784606320423,"LINESTRING (-76.93281099835939 38.98386611360585,-76.95679046211451 38.9911945889552)"
9,11,1.7624332639750526,33.943925481649956,"LINESTRING (-76.93281099835939 38.98386611360585,-76.94939878151207 38.991512819518306)"
9,12,1.2324043217242044,159.6259502774256,"LINESTRING (-76.93281099835939 38.98386611360585,-76.94348046644811 38.99088718523098)"
9,13,0.8066264761296307,26.032757597164586,"LINESTRING (-76.93281099835939 38.98386611360585,-76.93804582130882 38.99038386195248)"
9,14,0.720646086113235,23.87976708248555,"LINESTRING (-76.93281099835939 38.98386611360585,-76.93229361007478 38.99131678004122)"
9,15,2.579301277282349,8.010741768076837,"LINESTRING (-76.93281099835939 38.98386611360585,-76.9564057308593 38.99642994930704)"
9,16,2.020676171251572,8.351667651438865,"LINESTRING (-76.93281099835939 38.98386611360585,-76.94883356408197 38.997350815863484)"
9,17,1.5607658274252951,40.4756494759137,"LINESTRING (-76.93281099835939 38.98386611360585,-76.94314368324747 38.99631118029311)"
9,18,1.2565603362022866,51.9641504717965,"LINESTRING (-76.93281099835939 38.98386611360585,-76.93814701133961 38.99574541006349)"
9,19,1.2228663700583315,23.64692602214782,"LINESTRING (-76.93281099835939 38.98386611360585,-76.93146902382163 38.996468367367)"
9,20,2.932926749184652,8.440308619015997,"LINESTRING (-76.93281099835939 38.98386611360585,-76.95632289196739 39.003130542025964)"
9,21,2.3751810853467608,10.853269060733087,"LINESTRING (-76.93281099835939 38.98386611360585,-76.9493981599047 39.00205415855821)"
9,22,2.040666993947874,45.157777834265666,"LINESTRING (-76.93281099835939 38.98386611360585,-76.9437501126586 39.00196627858609)"
9,23,1.7139492951423971,3.3216961772353355,"LINESTRING (-76.93281099835939 38.98386611360585,-76.9376205466815 39.000965571665056)"
9,24,1.8275862838678012,15.174049802084275,"LINESTRING (-76.93281099835939 38.98386611360585,-76.93123840128628 39.0027413970488)"
10,0,1.1246178920479766,1.87003493832351,"LINESTRING (-76.95679046211451 38.9911945889552,-76.95614896113524 38.979556977077486)"
10,1,1.3073746090308849,1.4363581613191796,"LINESTRING (-76.95679046211451 38.9911945889552,-76.9503705959991 38.979262715910416)"
10,2,1.7033718537289795,3.3684504580257872,"LINESTRING (-76.95679046211451 38.9911945889552,-76.94306724620641 38.98008989839545)"
10,3,2.165653587243868,8.443861145929683,"LINESTRING (-76.95679046211451 38.9911945889552,-76.93748964696455 38.97973917233188)"
10,4,2.642252552540643,1.5721650177195232,"LINESTRING (-76.95679046211451 38.9911945889552,-76.93217898394533 38.97918868236121)"
10,5,0.62395426861293,4.0219343971661585,"LINESTRING (-76.95679046211451 38.9911945889552,-76.95654038918376 38.98473290872155)"
10,6,0.93103077021264,6.63205988342132,"LINESTRING (-76.95679046211451 38.9911945889552,-76.94918515736619 38.98525638276749)"
10,7,1.375536467761317,4.961237731713185,"LINESTRING (-76.95679046211451 38.9911945889552,-76.94391753002535 38.985069739862865)"
10,8,1.918127925044457,5.493255794820242,"LINESTRING (-76.95679046211451 38.9911945889552,-76.93782936830148 38.98522358509069)"
10,9,2.4194205777913083,3.166601187330708,"LINESTRING (-76.95679046211451 38.9911945889552,-76.93281099835939 38.98386611360585)"
10,10,0.0,1.6650988708198053,"LINESTRING (-76.95679046211451 38.9911945889552,-76.95679046211451 38.9911945889552)"
10,11,0.7138839422860563,5.808664268848667,"LINESTRING (-76.95679046211451 38.9911945889552,-76.94939878151207 38.991512819518306)"
10,12,1.284623961479435,24.468757535431948,"LINESTRING (-76.95679046211451 38.9911945889552,-76.94348046644811 38.99088718523098)"
10,13,1.8103613052732237,3.6283135998281515,"LINESTRING (-76.95679046211451 38.9911945889552,-76.93804582130882 38.99038386195248)"
10,14,2.3637306581239135,3.1221094377715075,"LINESTRING (-76.95679046211451 38.9911945889552,-76.93229361007478 38.99131678004122)"
10,15,0.5065221035446149,1.5186884142945645,"LINESTRING (-76.95679046211451 38.9911945889552,-76.9564057308593 38.99642994930704)"
10,16,0.9707265951588894,1.4293817281947683,"LINESTRING (-76.95679046211451 38.9911945889552,-76.94883356408197 38.997350815863484)"
10,17,1.406286984205652,6.334014438966607,"LINESTRING (-76.95679046211451 38.9911945889552,-76.94314368324747 38.99631118029311)"
10,18,1.8517238741851922,7.544535381214351,"LINESTRING (-76.95679046211451 38.9911945889552,-76.93814701133961 38.99574541006349)"
10,19,2.4956947327765127,3.208283599409162,"LINESTRING (-76.95679046211451 38.9911945889552,-76.93146902382163 38.996468367367)"
10,20,1.1525834402980537,1.5540104906589531,"LINESTRING (-76.95679046211451 38.9911945889552,-76.95632289196739 39.003130542025964)"
10,21,1.2675730259160558,1.8682701216227127,"LINESTRING (-76.95679046211451 38.9911945889552,-76.9493981599047 39.00205415855821)"
10,22,1.632022205940677,7.248632337541663,"LINESTRING (-76.95679046211451 38.9911945889552,-76.9437501126586 39.00196627858609)"
10,23,2.076122574912251,0.4936364414850906,"LINESTRING (-76.95679046211451 38.9911945889552,-76.9376205466815 39.000965571665056)"
10,24,2.705570979410134,2.1416446181427893,"LINESTRING (-76.95679046211451 38.9911945889552,-76.93123840128628 39.0027413970488)"
11,0,1.3247872964411433,11.363074102258784,"LINESTRING (-76.94939878151207 38.991512819518306,-76.95614896113524 38.979556977077486)"
11,1,1.1857261182492007,9.013329299772604,"LINESTRING (-76.94939878151207 38.991512819518306,-76.9503705959991 38.979262715910416)"
11,2,1.2601884586180183,21.828140452698634,"LINESTRING (-76.94939878151207 38.991512819518306,-76.94306724620641 38.98008989839545)"
11,3,1.6158726413854514,55.304074777339565,"LINESTRING (-76.94939878151207 38.991512819518306,-76.93748964696455 38.97973917233188)"
11,4,2.043233073383866,10.347908478803081,"LINESTRING (-76.94939878151207 38.991512819518306,-76.93217898394533 38.97918868236121)"
11,5,0.9501680996652739,24.132763716672645,"LINESTRING (-76.94939878151207 38.991512819518306,-76.95654038918376 38.98473290872155)"
11,6,0.6040353849778113,42.48044261327465,"LINESTRING (-76.94939878151207 38.991512819518306,-76.94918515736619 38.98525638276749)"
11,7,0.8162243792063385,32.5252031900911,"LINESTRING (-76.94939878151207 38.991512819518306,-76.94391753002535 38.985069739862865)"
11,8,1.2706153737993693,36.33208322246618,"LINESTRING (-76.94939878151207 38.991512819518306,-76.93782936830148 38.98522358509069)"
11,9,1.7624332639750526,20.963574286524235,"LINESTRING (-76.94939878151207 38.991512819518306,-76.93281099835939 38.98386611360585)"
11,10,0.7138839422860563,9.61115996589115,"LINESTRING (-76.94939878151207 38.991512819518306,-76.95679046211451 38.9911945889552)"
11,11,0.0,38.67401188728768,"LINESTRING (-76.94939878151207 38.991512819518306,-76.94939878151207 38.991512819518306)"
11,12,0.5742401244541421,162.85566134467894,"LINESTRING (-76.94939878151207 38.991512819518306,-76.94348046644811 38.99088718523098)"
11,13,1.1008500526001912,24.14670430241132,"LINESTRING (-76.94939878151207 38.991512819518306,-76.93804582130882 38.99038386195248)"
11,14,1.6505863840992723,20.785426935469687,"LINESTRING (-76.94939878151207 38.991512819518306,-76.93229361007478 38.99131678004122)"
11,15,0.8259651339575712,9.118739523711552,"LINESTRING (-76.94939878151207 38.991512819518306,-76.9564057308593 38.99642994930704)"
11,16,0.5659422045963173,9.227140932085119,"LINESTRING (-76.94939878151207 38.991512819518306,-76.94883356408197 38.997350815863484)"
11,17,0.7606847175661726,41.884811400620436,"LINESTRING (-76.94939878151207 38.991512819518306,-76.94314368324747 38.99631118029311)"
11,18,1.1599573141043262,50.12044341566334,"LINESTRING (-76.94939878151207 38.991512819518306,-76.93814701133961 38.99574541006349)"
11,19,1.7949050642003508,21.332758887718427,"LINESTRING (-76.94939878151207 38.991512819518306,-76.93146902382163 38.996468367367)"
11,20,1.3049885708925892,9.487994855457016,"LINESTRING (-76.94939878151207 38.991512819518306,-76.95632289196739 39.003130542025964)"
11,21,1.0171338057287342,11.875597524704814,"LINESTRING (-76.94939878151207 38.991512819518306,-76.9493981599047 39.00205415855821)"
11,22,1.146495569846365,47.17170686399466,"LINESTRING (-76.94939878151207 38.991512819518306,-76.9437501126586 39.00196627858609)"
11,23,1.4572269122325499,3.255553787345661,"LINESTRING (-76.94939878151207 38.991512819518306,-76.9376205466815 39.000965571665056)"
11,24,2.0601922506558075,14.161694233058668,"LINESTRING (-76.94939878151207 38.991512819518306,-76.93123840128628 39.0027413970488)"
12,0,1.639945057469208,677.9611809836871,"LINESTRING (-76.94348046644811 38.99088718523098,-76.95614896113524 38.979556977077486)"
12,1,1.3038729517365995,548.4667481248538,"LINESTRING (-76.94348046644811 38.99088718523098,-76.9503705959991 38.979262715910416)"
12,2,1.0425928859769227,1373.6083164082588,"LINESTRING (-76.94348046644811 38.99088718523098,-76.94306724620641 38.98008989839545)"
12,3,1.2211537048877505,3542.3842888927793,"LINESTRING (-76.94348046644811 38.99088718523098,-76.93748964696455 38.97973917233188)"
12,4,1.5694936459153455,668.071487905955,"LINESTRING (-76.94348046644811 38.99088718523098,-76.93217898394533 38.97918868236121)"
12,5,1.3930586523568957,1421.5714238160936,"LINESTRING (-76.94348046644811 38.99088718523098,-76.95654038918376 38.98473290872155)"
12,6,0.7734227852423622,2571.7499977219363,"LINESTRING (-76.94348046644811 38.99088718523098,-76.94918515736619 38.98525638276749)"
12,7,0.5629072715165285,2054.080959586438,"LINESTRING (-76.94348046644811 38.99088718523098,-76.94391753002535 38.985069739862865)"
12,8,0.7719880032288453,2351.481293560642,"LINESTRING (-76.94348046644811 38.99088718523098,-76.93782936830148 38.98522358509069)"
12,9,1.2324043217242044,1361.0695330401807,"LINESTRING (-76.94348046644811 38.99088718523098,-76.93281099835939 38.98386611360585)"
12,10,1.284623961479435,558.9654926589685,"LINESTRING (-76.94348046644811 38.99088718523098,-76.95679046211451 38.9911945889552)"
12,11,0.5742401244541421,2248.414673928658,"LINESTRING (-76.94348046644811 38.99088718523098,-76.94939878151207 38.991512819518306)"
12,12,0.0,10620.327482032635,"LINESTRING (-76.94348046644811 38.99088718523098,-76.94348046644811 38.99088718523098)"
12,13,0.5266330335561615,1574.6785383932993,"LINESTRING (-76.94348046644811 38.99088718523098,-76.93804582130882 38.99038386195248)"
12,14,1.0802153852057232,1354.9584056140234,"LINESTRING (-76.94348046644811 38.99088718523098,-76.93229361007478 38.99131678004122)"
12,15,1.3569962451118223,532.4373809659917,"LINESTRING (-76.94348046644811 38.99088718523098,-76.9564057308593 38.99642994930704)"
12,16,0.8097930089723525,554.4635029411587,"LINESTRING (-76.94348046644811 38.99088718523098,-76.94883356408197 38.997350815863484)"
12,17,0.5243691799154037,2640.679743268902,"LINESTRING (-76.94348046644811 38.99088718523098,-76.94314368324747 38.99631118029311)"
12,18,0.6961209638755333,3232.623885948602,"LINESTRING (-76.94348046644811 38.99088718523098,-76.93814701133961 38.99574541006349)"
12,19,1.2779893713390433,1383.223964212674,"LINESTRING (-76.94348046644811 38.99088718523098,-76.93146902382163 38.996468367367)"
12,20,1.7120591304695991,560.908094129591,"LINESTRING (-76.94348046644811 38.99088718523098,-76.95632289196739 39.003130542025964)"
12,21,1.2194457549905136,716.5810029470626,"LINESTRING (-76.94348046644811 38.99088718523098,-76.9493981599047 39.00205415855821)"
12,22,1.0693382897846382,2927.0396501917994,"LINESTRING (-76.94348046644811 38.99088718523098,-76.9437501126586 39.00196627858609)"
12,23,1.124895188822353,207.23064309398475,"LINESTRING (-76.94348046644811 38.99088718523098,-76.9376205466815 39.000965571665056)"
12,24,1.6442714141463493,909.0223096318203,"LINESTRING (-76.94348046644811 38.99088718523098,-76.93123840128628 39.0027413970488)"
13,0,2.03533323545545,18.33699450460773,"LINESTRING (-76.93804582130882 38.99038386195248,-76.95614896113524 38.979556977077486)"
13,1,1.6017920105255337,14.97982225107869,"LINESTRING (-76.93804582130882 38.99038386195248,-76.9503705959991 38.979262715910416)"
13,2,1.105138659325999,38.40974295712997,"LINESTRING (-76.93804582130882 38.99038386195248,-76.94306724620641 38.98008989839545)"
13,3,1.0285071239996164,101.61481373519675,"LINESTRING (-76.93804582130882 38.99038386195248,-76.93748964696455 38.97973917233188)"
13,4,1.2195657601864667,19.467712767305375,"LINESTRING (-76.93804582130882 38.99038386195248,-76.93217898394533 38.97918868236121)"
13,5,1.865983667814736,38.15264310449552,"LINESTRING (-76.93804582130882 38.99038386195248,-76.95654038918376 38.98473290872155)"
13,6,1.1832359461733801,69.45853297015825,"LINESTRING (-76.93804582130882 38.99038386195248,-76.94918515736619 38.98525638276749)"
13,7,0.7641426652139913,56.64646752958993,"LINESTRING (-76.93804582130882 38.99038386195248,-76.94391753002535 38.985069739862865)"
13,8,0.4983529546111104,68.00176186826812,"LINESTRING (-76.93804582130882 38.99038386195248,-76.93782936830148 38.98522358509069)"
13,9,0.8066264761296307,39.96376782048624,"LINESTRING (-76.93804582130882 38.99038386195248,-76.93281099835939 38.98386611360585)"
13,10,1.8103613052732237,14.922697409367824,"LINESTRING (-76.93804582130882 38.99038386195248,-76.95679046211451 38.9911945889552)"
13,11,1.1008500526001912,60.02067152124771,"LINESTRING (-76.93804582130882 38.99038386195248,-76.94939878151207 38.991512819518306)"
13,12,0.5266330335561615,283.5054057469222,"LINESTRING (-76.93804582130882 38.99038386195248,-76.94348046644811 38.99088718523098)"
13,13,0.0,46.704433444382616,"LINESTRING (-76.93804582130882 38.99038386195248,-76.93804582130882 38.99038386195248)"
13,14,0.5622831724218734,40.15265722803035,"LINESTRING (-76.93804582130882 38.99038386195248,-76.93229361007478 38.99131678004122)"
13,15,1.8651331082384,14.239516809457584,"LINESTRING (-76.93804582130882 38.99038386195248,-76.9564057308593 38.99642994930704)"
13,16,1.239112847181323,14.945920175027137,"LINESTRING (-76.93804582130882 38.99038386195248,-76.94883356408197 38.997350815863484)"
13,17,0.754359900277101,72.61430442245957,"LINESTRING (-76.93804582130882 38.99038386195248,-76.94314368324747 38.99631118029311)"
13,18,0.5174279067689092,92.59990394158048,"LINESTRING (-76.93804582130882 38.99038386195248,-76.93814701133961 38.99574541006349)"
13,19,0.8645173996112343,40.564318282662406,"LINESTRING (-76.93804582130882 38.99038386195248,-76.93146902382163 38.996468367367)"
13,20,2.1500803386958265,15.106487839062217,"LINESTRING (-76.93804582130882 38.99038386195248,-76.95632289196739 39.003130542025964)"
13,21,1.5709550337276978,19.46678597939678,"LINESTRING (-76.93804582130882 38.99038386195248,-76.9493981599047 39.00205415855821)"
13,22,1.2457726515707501,80.9209506571883,"LINESTRING (-76.93804582130882 38.99038386195248,-76.9437501126586 39.00196627858609)"
13,23,1.0218534224334144,5.891472291517436,"LINESTRING (-76.93804582130882 38.99038386195248,-76.9376205466815 39.000965571665056)"
13,24,1.3613287162500356,26.31221474338074,"LINESTRING (-76.93804582130882 38.99038386195248,-76.93123840128628 39.0027413970488)"
14,0,2.566290711987904,3.7809865281171877,"LINESTRING (-76.93229361007478 38.99131678004122,-76.95614896113524 38.979556977077486)"
14,1,2.0964723215927004,3.0999817171890505,"LINESTRING (-76.93229361007478 38.99131678004122,-76.9503705959991 38.979262715910416)"
14,2,1.5013859719455682,8.027286508585009,"LINESTRING (-76.93229361007478 38.99131678004122,-76.94306724620641 38.98008989839545)"
14,3,1.224472165222794,21.66618949124035,"LINESTRING (-76.93229361007478 38.99131678004122,-76.93748964696455 38.97973917233188)"
14,4,1.170292410893149,4.2539365671642795,"LINESTRING (-76.93229361007478 38.99131678004122,-76.93217898394533 38.97918868236121)"
14,5,2.4242882722397563,7.845379104924557,"LINESTRING (-76.93229361007478 38.99131678004122,-76.95654038918376 38.98473290872155)"
14,6,1.7315930577275274,14.297066095492616,"LINESTRING (-76.93229361007478 38.99131678004122,-76.94918515736619 38.98525638276749)"
14,7,1.2733062061689968,11.70567079845352,"LINESTRING (-76.93229361007478 38.99131678004122,-76.94391753002535 38.985069739862865)"
14,8,0.794339787460827,14.354953352639294,"LINESTRING (-76.93229361007478 38.99131678004122,-76.93782936830148 38.98522358509069)"
14,9,0.720646086113235,8.764692287249295,"LINESTRING (-76.93229361007478 38.99131678004122,-76.93281099835939 38.98386611360585)"
14,10,2.3637306581239135,3.0700890487692667,"LINESTRING (-76.93229361007478 38.99131678004122,-76.95679046211451 38.9911945889552)"
14,11,1.6505863840992723,12.352710685829287,"LINESTRING (-76.93229361007478 38.99131678004122,-76.94939878151207 38.991512819518306)"
14,12,1.0802153852057232,58.32513242320351,"LINESTRING (-76.93229361007478 38.99131678004122,-76.94348046644811 38.99088718523098)"
14,13,0.5622831724218734,9.600074992151907,"LINESTRING (-76.93229361007478 38.99131678004122,-76.93804582130882 38.99038386195248)"
14,14,0.0,9.235706106833911,"LINESTRING (-76.93229361007478 38.99131678004122,-76.93229361007478 38.99131678004122)"
14,15,2.37831481105731,2.9413331643623226,"LINESTRING (-76.93229361007478 38.99131678004122,-76.9564057308593 38.99642994930704)"
14,16,1.6988260425945303,3.103800032387981,"LINESTRING (-76.93229361007478 38.99131678004122,-76.94883356408197 38.997350815863484)"
14,17,1.1525128551827912,15.172836703459538,"LINESTRING (-76.93229361007478 38.99131678004122,-76.94314368324747 38.99631118029311)"
14,18,0.7082331179467126,19.754231386472462,"LINESTRING (-76.93229361007478 38.99131678004122,-76.93814701133961 38.99574541006349)"
14,19,0.5034041012908702,9.144570202141178,"LINESTRING (-76.93229361007478 38.99131678004122,-76.93146902382163 38.996468367367)"
14,20,2.583647202860772,3.1453581283967242,"LINESTRING (-76.93229361007478 38.99131678004122,-76.95632289196739 39.003130542025964)"
14,21,1.9486606943303206,4.0759314481056785,"LINESTRING (-76.93229361007478 38.99131678004122,-76.9493981599047 39.00205415855821)"
14,22,1.5092691499620512,17.137743324141297,"LINESTRING (-76.93229361007478 38.99131678004122,-76.9437501126586 39.00196627858609)"
14,23,1.0634731634388535,1.2757115349299704,"LINESTRING (-76.93229361007478 38.99131678004122,-76.9376205466815 39.000965571665056)"
14,24,1.1070533618072542,5.868628367759843,"LINESTRING (-76.93229361007478 38.99131678004122,-76.93123840128628 39.0027413970488)"
15,0,1.6282615955740842,1.5855145948602134,"LINESTRING (-76.9564057308593 38.99642994930704,-76.95614896113524 38.979556977077486)"
15,1,1.755844295057529,1.224558245589368,"LINESTRING (-76.9564057308593 38.99642994930704,-76.9503705959991 38.979262715910416)"
15,2,2.035258509744197,2.9054272238775027,"LINESTRING (-76.9564057308593 38.99642994930704,-76.94306724620641 38.98008989839545)"
15,3,2.434150814493491,7.32949221971236,"LINESTRING (-76.9564057308593 38.99642994930704,-76.93748964696455 38.97973917233188)"
15,4,2.869172865094131,1.3703660673256908,"LINESTRING (-76.9564057308593 38.99642994930704,-76.93217898394533 38.97918868236121)"
15,5,1.128722233477739,3.409625495719271,"LINESTRING (-76.9564057308593 38.99642994930704,-76.95654038918376 38.98473290872155)"
15,6,1.2836625428740378,5.708569952885408,"LINESTRING (-76.9564057308593 38.99642994930704,-76.94918515736619 38.98525638276749)"
15,7,1.628965883774912,4.312977871141595,"LINESTRING (-76.9564057308593 38.99642994930704,-76.94391753002535 38.985069739862865)"
15,8,2.0933301351812053,4.812983566459734,"LINESTRING (-76.9564057308593 38.99642994930704,-76.93782936830148 38.98522358509069)"
15,9,2.579301277282349,2.778710686587356,"LINESTRING (-76.9564057308593 38.99642994930704,-76.93281099835939 38.98386611360585)"
15,10,0.5065221035446149,1.4113526480886511,"LINESTRING (-76.9564057308593 38.99642994930704,-76.95679046211451 38.9911945889552)"
15,11,0.8259651339575712,5.121558562168379,"LINESTRING (-76.9564057308593 38.99642994930704,-76.94939878151207 38.991512819518306)"
15,12,1.3569962451118223,21.66019293612538,"LINESTRING (-76.9564057308593 38.99642994930704,-76.94348046644811 38.99088718523098)"
15,13,1.8651331082384,3.2175077307719686,"LINESTRING (-76.9564057308593 38.99642994930704,-76.93804582130882 38.99038386195248)"
15,14,2.37831481105731,2.779765957344443,"LINESTRING (-76.9564057308593 38.99642994930704,-76.93229361007478 38.99131678004122)"
15,15,0.0,1.4244924340068426,"LINESTRING (-76.9564057308593 38.99642994930704,-76.9564057308593 38.99642994930704)"
15,16,0.7360214249843847,1.3047726174859366,"LINESTRING (-76.9564057308593 38.99642994930704,-76.94883356408197 38.997350815863484)"
15,17,1.2797062884735555,5.719655484028589,"LINESTRING (-76.9564057308593 38.99642994930704,-76.94314368324747 38.99631118029311)"
15,18,1.7630215771633497,6.78700677913009,"LINESTRING (-76.9564057308593 38.99642994930704,-76.93814701133961 38.99574541006349)"
15,19,2.406145717575386,2.8863919664834428,"LINESTRING (-76.9564057308593 38.99642994930704,-76.93146902382163 38.996468367367)"
15,20,0.64658959874152,1.4575466754512156,"LINESTRING (-76.9564057308593 38.99642994930704,-76.95632289196739 39.003130542025964)"
15,21,0.8670032177244604,1.7339225140662229,"LINESTRING (-76.9564057308593 38.99642994930704,-76.9493981599047 39.00205415855821)"
15,22,1.3328745048751012,6.659496321626728,"LINESTRING (-76.9564057308593 38.99642994930704,-76.9437501126586 39.00196627858609)"
15,23,1.8646677265519007,0.4495562831652736,"LINESTRING (-76.9564057308593 38.99642994930704,-76.9376205466815 39.000965571665056)"
15,24,2.503592638209433,1.9485551658983533,"LINESTRING (-76.9564057308593 38.99642994930704,-76.93123840128628 39.0027413970488)"
16,0,1.8563626134770177,0.919644300250539,"LINESTRING (-76.94883356408197 38.997350815863484,-76.95614896113524 38.979556977077486)"
16,1,1.7516106576392938,0.7269746252846523,"LINESTRING (-76.94883356408197 38.997350815863484,-76.9503705959991 38.979262715910416)"
16,2,1.7559846417279619,1.7729425060577684,"LINESTRING (-76.94883356408197 38.997350815863484,-76.94306724620641 38.98008989839545)"
16,3,2.0213548292756767,4.532703703664047,"LINESTRING (-76.94883356408197 38.997350815863484,-76.93748964696455 38.97973917233188)"
16,4,2.3777260973577814,0.8541532523551695,"LINESTRING (-76.94883356408197 38.997350815863484,-76.93217898394533 38.97918868236121)"
16,5,1.4266389408748488,1.9639221231586035,"LINESTRING (-76.94883356408197 38.997350815863484,-76.95654038918376 38.98473290872155)"
16,6,1.1674848599787,3.427115969527147,"LINESTRING (-76.94883356408197 38.997350815863484,-76.94918515736619 38.98525638276749)"
16,7,1.2764143410264783,2.6512109793496363,"LINESTRING (-76.94883356408197 38.997350815863484,-76.94391753002535 38.985069739862865)"
16,8,1.5800868752723085,3.006492959284337,"LINESTRING (-76.94883356408197 38.997350815863484,-76.93782936830148 38.98522358509069)"
16,9,2.020676171251572,1.743652963185653,"LINESTRING (-76.94883356408197 38.997350815863484,-76.93281099835939 38.98386611360585)"
16,10,0.9707265951588894,0.7995236933166141,"LINESTRING (-76.94883356408197 38.997350815863484,-76.95679046211451 38.9911945889552)"
16,11,0.5659422045963173,3.119253967046196,"LINESTRING (-76.94883356408197 38.997350815863484,-76.94939878151207 38.991512819518306)"
16,12,0.8097930089723525,13.576349076906334,"LINESTRING (-76.94883356408197 38.997350815863484,-76.94348046644811 38.99088718523098)"
16,13,1.239112847181323,2.0326530421210043,"LINESTRING (-76.94883356408197 38.997350815863484,-76.93804582130882 38.99038386195248)"
16,14,1.6988260425945303,1.7655255017321998,"LINESTRING (-76.94883356408197 38.997350815863484,-76.93229361007478 38.99131678004122)"
16,15,0.7360214249843847,0.7853280023154682,"LINESTRING (-76.94883356408197 38.997350815863484,-76.9564057308593 38.99642994930704)"
16,16,0.0,0.8334043806747454,"LINESTRING (-76.94883356408197 38.997350815863484,-76.94883356408197 38.997350815863484)"
16,17,0.5581059174313013,3.6480813738133175,"LINESTRING (-76.94883356408197 38.997350815863484,-76.94314368324747 38.99631118029311)"
16,18,1.042716037776625,4.3282934341526555,"LINESTRING (-76.94883356408197 38.997350815863484,-76.93814701133961 38.99574541006349)"
16,19,1.6776666487223326,1.842250537267313,"LINESTRING (-76.94883356408197 38.997350815863484,-76.93146902382163 38.996468367367)"
16,20,0.912814099532896,0.8422023109936936,"LINESTRING (-76.94883356408197 38.997350815863484,-76.95632289196739 39.003130542025964)"
16,21,0.4570836399671433,1.071983763627061,"LINESTRING (-76.94883356408197 38.997350815863484,-76.9493981599047 39.00205415855821)"
16,22,0.662514523269755,4.225817022556549,"LINESTRING (-76.94883356408197 38.997350815863484,-76.9437501126586 39.00196627858609)"
16,23,1.136774316066564,0.2869141860422307,"LINESTRING (-76.94883356408197 38.997350815863484,-76.9376205466815 39.000965571665056)"
16,24,1.7756470347883457,1.2436063253170744,"LINESTRING (-76.94883356408197 38.997350815863484,-76.93123840128628 39.0027413970488)"
17,0,2.0464993960929636,7.1160839998651895,"LINESTRING (-76.94314368324747 38.99631118029311,-76.95614896113524 38.979556977077486)"
17,1,1.7867030286825805,5.713127652678235,"LINESTRING (-76.94314368324747 38.99631118029311,-76.9503705959991 38.979262715910416)"
17,2,1.565208867212018,14.251436985949061,"LINESTRING (-76.94314368324747 38.99631118029311,-76.94306724620641 38.98008989839545)"
17,3,1.6895384511495117,36.95274039387031,"LINESTRING (-76.94314368324747 38.99631118029311,-76.93748964696455 38.97973917233188)"
17,4,1.9618687117786031,7.022228767483392,"LINESTRING (-76.94314368324747 38.99631118029311,-76.93217898394533 38.97918868236121)"
17,5,1.708521874277255,15.057780432495013,"LINESTRING (-76.94314368324747 38.99631118029311,-76.95654038918376 38.98473290872155)"
17,6,1.2155747159639565,26.897938901227462,"LINESTRING (-76.94314368324747 38.99631118029311,-76.94918515736619 38.98525638276749)"
17,7,1.0872535920907216,21.307777567357984,"LINESTRING (-76.94314368324747 38.99631118029311,-76.94391753002535 38.985069739862865)"
17,8,1.1863825556919185,24.662509778586262,"LINESTRING (-76.94314368324747 38.99631118029311,-76.93782936830148 38.98522358509069)"
17,9,1.5607658274252951,14.398339929930708,"LINESTRING (-76.94314368324747 38.99631118029311,-76.93281099835939 38.98386611360585)"
17,10,1.406286984205652,6.0366209820216525,"LINESTRING (-76.94314368324747 38.99631118029311,-76.95679046211451 38.9911945889552)"
17,11,0.7606847175661726,24.125253984615895,"LINESTRING (-76.94314368324747 38.99631118029311,-76.94939878151207 38.991512819518306)"
17,12,0.5243691799154037,110.16851956459661,"LINESTRING (-76.94314368324747 38.99631118029311,-76.94348046644811 38.99088718523098)"
17,13,0.754359900277101,16.826528493890724,"LINESTRING (-76.94314368324747 38.99631118029311,-76.93804582130882 38.99038386195248)"
17,14,1.1525128551827912,14.705466063568144,"LINESTRING (-76.94314368324747 38.99631118029311,-76.93229361007478 38.99131678004122)"
17,15,1.2797062884735555,5.8656732623072,"LINESTRING (-76.94314368324747 38.99631118029311,-76.9564057308593 38.99642994930704)"
17,16,0.5581059174313013,6.215789018842912,"LINESTRING (-76.94314368324747 38.99631118029311,-76.94883356408197 38.997350815863484)"
17,17,0.0,30.421559050247403,"LINESTRING (-76.94314368324747 38.99631118029311,-76.94314368324747 38.99631118029311)"
17,18,0.4852096921684195,36.09172227011152,"LINESTRING (-76.94314368324747 38.99631118029311,-76.93814701133961 38.99574541006349)"
17,19,1.126589987135335,15.351837514953942,"LINESTRING (-76.94314368324747 38.99631118029311,-76.93146902382163 38.996468367367)"
17,20,1.431812885918616,6.306019594034081,"LINESTRING (-76.94314368324747 38.99631118029311,-76.95632289196739 39.003130542025964)"
17,21,0.8193147526079205,8.153337654861323,"LINESTRING (-76.94314368324747 38.99631118029311,-76.9493981599047 39.00205415855821)"
17,22,0.5487888860931867,33.70764782957872,"LINESTRING (-76.94314368324747 38.99631118029311,-76.9437501126586 39.00196627858609)"
17,23,0.6969250111499912,2.364466429878417,"LINESTRING (-76.94314368324747 38.99631118029311,-76.9376205466815 39.000965571665056)"
17,24,1.305590020642497,10.279593877047807,"LINESTRING (-76.94314368324747 38.99631118029311,-76.93123840128628 39.0027413970488)"
18,0,2.336045735031778,1.5290347835492495,"LINESTRING (-76.93814701133961 38.99574541006349,-76.95614896113524 38.979556977077486)"
18,1,1.9800331738771562,1.2394495191969754,"LINESTRING (-76.93814701133961 38.99574541006349,-76.9503705959991 38.979262715910416)"
18,2,1.5834469297435831,3.146427468375711,"LINESTRING (-76.93814701133961 38.99574541006349,-76.94306724620641 38.98008989839545)"
18,3,1.5457438228980993,8.291683363712638,"LINESTRING (-76.93814701133961 38.99574541006349,-76.93748964696455 38.97973917233188)"
18,4,1.6981762564778162,1.5946968207295922,"LINESTRING (-76.93814701133961 38.99574541006349,-76.93217898394533 38.97918868236121)"
18,5,2.068560924847543,3.21274162213784,"LINESTRING (-76.93814701133961 38.99574541006349,-76.95654038918376 38.98473290872155)"
18,6,1.4692495303366115,5.800336407480262,"LINESTRING (-76.93814701133961 38.99574541006349,-76.94918515736619 38.98525638276749)"
18,7,1.1709482722161353,4.6736316175126,"LINESTRING (-76.93814701133961 38.99574541006349,-76.94391753002535 38.985069739862865)"
18,8,1.0157134227933036,5.548817915261393,"LINESTRING (-76.93814701133961 38.99574541006349,-76.93782936830148 38.98522358509069)"
18,9,1.2565603362022866,3.2830313974253493,"LINESTRING (-76.93814701133961 38.99574541006349,-76.93281099835939 38.98386611360585)"
18,10,1.8517238741851922,1.277026670408204,"LINESTRING (-76.93814701133961 38.99574541006349,-76.95679046211451 38.9911945889552)"
18,11,1.1599573141043262,5.127230506238243,"LINESTRING (-76.93814701133961 38.99574541006349,-76.94939878151207 38.991512819518306)"
18,12,0.6961209638755333,23.95242920331226,"LINESTRING (-76.93814701133961 38.99574541006349,-76.94348046644811 38.99088718523098)"
18,13,0.5174279067689092,3.810969630840084,"LINESTRING (-76.93814701133961 38.99574541006349,-76.93804582130882 38.99038386195248)"
18,14,0.7082331179467126,3.4003588669286824,"LINESTRING (-76.93814701133961 38.99574541006349,-76.93229361007478 38.99131678004122)"
18,15,1.7630215771633497,1.2361719600071863,"LINESTRING (-76.93814701133961 38.99574541006349,-76.9564057308593 38.99642994930704)"
18,16,1.042716037776625,1.3097881342122752,"LINESTRING (-76.93814701133961 38.99574541006349,-76.94883356408197 38.997350815863484)"
18,17,0.4852096921684195,6.410032254532452,"LINESTRING (-76.93814701133961 38.99574541006349,-76.94314368324747 38.99631118029311)"
18,18,0.0,8.379751364636983,"LINESTRING (-76.93814701133961 38.99574541006349,-76.93814701133961 38.99574541006349)"
18,19,0.6481240163106106,3.5619762151651515,"LINESTRING (-76.93814701133961 38.99574541006349,-76.93146902382163 38.996468367367)"
18,20,1.8930315303745238,1.331913379468561,"LINESTRING (-76.93814701133961 38.99574541006349,-76.95632289196739 39.003130542025964)"
18,21,1.244641156090871,1.7282830636892157,"LINESTRING (-76.93814701133961 38.99574541006349,-76.9493981599047 39.00205415855821)"
18,22,0.8078348268898955,7.264895346759107,"LINESTRING (-76.93814701133961 38.99574541006349,-76.9437501126586 39.00196627858609)"
18,23,0.5062484857203491,0.533046708037671,"LINESTRING (-76.93814701133961 38.99574541006349,-76.9376205466815 39.000965571665056)"
18,24,0.9487117745374891,2.356275780382331,"LINESTRING (-76.93814701133961 38.99574541006349,-76.93123840128628 39.0027413970488)"
19,0,2.886800242162361,2.286568020360092,"LINESTRING (-76.93146902382163 38.996468367367,-76.95614896113524 38.979556977077486)"
19,1,2.466266039699663,1.8655106927417144,"LINESTRING (-76.93146902382163 38.996468367367,-76.9503705959991 38.979262715910416)"
19,2,1.9364776361411045,4.79922952170978,"LINESTRING (-76.93146902382163 38.996468367367,-76.94306724620641 38.98008989839545)"
19,3,1.7155527720181774,12.881122923039236,"LINESTRING (-76.93146902382163 38.996468367367,-76.93748964696455 38.97973917233188)"
19,4,1.6687235053932963,2.527219532525489,"LINESTRING (-76.93146902382163 38.996468367367,-76.93217898394533 38.97918868236121)"
19,5,2.671038317997937,4.779651846353837,"LINESTRING (-76.93146902382163 38.996468367367,-76.95654038918376 38.98473290872155)"
19,6,2.0230020464642955,8.671410393551746,"LINESTRING (-76.93146902382163 38.996468367367,-76.94918515736619 38.98525638276749)"
19,7,1.6286357728395235,7.054448811255049,"LINESTRING (-76.93146902382163 38.996468367367,-76.94391753002535 38.985069739862865)"
19,8,1.2465488926263186,8.56763864252413,"LINESTRING (-76.93146902382163 38.996468367367,-76.93782936830148 38.98522358509069)"
19,9,1.2228663700583315,5.205039994462079,"LINESTRING (-76.93146902382163 38.996468367367,-76.93281099835939 38.98386611360585)"
19,10,2.4956947327765127,1.8919880666539084,"LINESTRING (-76.93146902382163 38.996468367367,-76.95679046211451 38.9911945889552)"
19,11,1.7949050642003508,7.60314261067194,"LINESTRING (-76.93146902382163 38.996468367367,-76.94939878151207 38.991512819518306)"
19,12,1.2779893713390433,35.70796214698165,"LINESTRING (-76.93146902382163 38.996468367367,-76.94348046644811 38.99088718523098)"
19,13,0.8645173996112343,5.816306806123062,"LINESTRING (-76.93146902382163 38.996468367367,-76.93804582130882 38.99038386195248)"
19,14,0.5034041012908702,5.484109145187004,"LINESTRING (-76.93146902382163 38.996468367367,-76.93229361007478 38.99131678004122)"
19,15,2.406145717575386,1.8316145556014773,"LINESTRING (-76.93146902382163 38.996468367367,-76.9564057308593 38.99642994930704)"
19,16,1.6776666487223326,1.9422772416974412,"LINESTRING (-76.93146902382163 38.996468367367,-76.94883356408197 38.997350815863484)"
19,17,1.126589987135335,9.499290014488734,"LINESTRING (-76.93146902382163 38.996468367367,-76.94314368324747 38.99631118029311)"
19,18,0.6481240163106106,12.409925915999995,"LINESTRING (-76.93146902382163 38.996468367367,-76.93814701133961 38.99574541006349)"
19,19,0.0,6.005157577635354,"LINESTRING (-76.93146902382163 38.996468367367,-76.93146902382163 38.996468367367)"
19,20,2.482812261964675,1.984028261721908,"LINESTRING (-76.93146902382163 38.996468367367,-76.95632289196739 39.003130542025964)"
19,21,1.8119963535083308,2.5802433969713907,"LINESTRING (-76.93146902382163 38.996468367367,-76.9493981599047 39.00205415855821)"
19,22,1.2983272564716353,10.929826583929215,"LINESTRING (-76.93146902382163 38.996468367367,-76.9437501126586 39.00196627858609)"
19,23,0.7352644365773668,0.8231992263790575,"LINESTRING (-76.93146902382163 38.996468367367,-76.9376205466815 39.000965571665056)"
19,24,0.6056935478076858,3.8530880714346702,"LINESTRING (-76.93146902382163 38.996468367367,-76.93123840128628 39.0027413970488)"
20,0,2.2746751938005128,47.59504708273808,"LINESTRING (-76.95632289196739 39.003130542025964,-76.95614896113524 38.979556977077486)"
20,1,2.3735421136310695,36.86532560836237,"LINESTRING (-76.95632289196739 39.003130542025964,-76.9503705959991 38.979262715910416)"
20,2,2.564862113926859,88.24183115290587,"LINESTRING (-76.95632289196739 39.003130542025964,-76.94306724620641 38.98008989839545)"
20,3,2.89766923299116,224.08275822695356,"LINESTRING (-76.95632289196739 39.003130542025964,-76.93748964696455 38.97973917233188)"
20,4,3.280859981894188,42.11357930504497,"LINESTRING (-76.95632289196739 39.003130542025964,-76.93217898394533 38.97918868236121)"
20,5,1.7753116834919056,102.35063922400269,"LINESTRING (-76.95632289196739 39.003130542025964,-76.95654038918376 38.98473290872155)"
20,6,1.8571074742816214,172.61869653195416,"LINESTRING (-76.95632289196739 39.003130542025964,-76.94918515736619 38.98525638276749)"
20,7,2.1141784272588118,131.57386108231316,"LINESTRING (-76.95632289196739 39.003130542025964,-76.94391753002535 38.985069739862865)"
20,8,2.4838811145881294,148.22377432852429,"LINESTRING (-76.95632289196739 39.003130542025964,-76.93782936830148 38.98522358509069)"
20,9,2.932926749184652,85.89155685193542,"LINESTRING (-76.95632289196739 39.003130542025964,-76.93281099835939 38.98386611360585)"
20,10,1.1525834402980537,42.36842868271378,"LINESTRING (-76.95632289196739 39.003130542025964,-76.95679046211451 38.9911945889552)"
20,11,1.3049885708925892,156.33755728720328,"LINESTRING (-76.95632289196739 39.003130542025964,-76.94939878151207 38.991512819518306)"
20,12,1.7120591304695991,669.432877922428,"LINESTRING (-76.95632289196739 39.003130542025964,-76.94348046644811 38.99088718523098)"
20,13,2.1500803386958265,100.1404181717728,"LINESTRING (-76.95632289196739 39.003130542025964,-76.93804582130882 38.99038386195248)"
20,14,2.583647202860772,87.20786654964836,"LINESTRING (-76.95632289196739 39.003130542025964,-76.93229361007478 38.99131678004122)"
20,15,0.64658959874152,42.760622597699275,"LINESTRING (-76.95632289196739 39.003130542025964,-76.9564057308593 38.99642994930704)"
20,16,0.912814099532896,41.05080973418945,"LINESTRING (-76.95632289196739 39.003130542025964,-76.94883356408197 38.997350815863484)"
20,17,1.431812885918616,180.39681574054362,"LINESTRING (-76.95632289196739 39.003130542025964,-76.94314368324747 38.99631118029311)"
20,18,1.8930315303745238,214.53439257048376,"LINESTRING (-76.95632289196739 39.003130542025964,-76.93814701133961 38.99574541006349)"
20,19,2.482812261964675,91.72561323598077,"LINESTRING (-76.95632289196739 39.003130542025964,-76.93146902382163 38.996468367367)"
20,20,0.0,49.79301262870779,"LINESTRING (-76.95632289196739 39.003130542025964,-76.95632289196739 39.003130542025964)"
20,21,0.6761912596823446,56.59544073200407,"LINESTRING (-76.95632289196739 39.003130542025964,-76.9493981599047 39.00205415855821)"
20,22,1.2183378116676706,215.7151022968361,"LINESTRING (-76.95632289196739 39.003130542025964,-76.9437501126586 39.00196627858609)"
20,23,1.8166400028097796,14.46554471097714,"LINESTRING (-76.95632289196739 39.003130542025964,-76.9376205466815 39.000965571665056)"
20,24,2.420693740946253,62.91842774407772,"LINESTRING (-76.95632289196739 39.003130542025964,-76.93123840128628 39.0027413970488)"
21,0,2.266378374630353,4.7382494418504715,"LINESTRING (-76.9493981599047 39.00205415855821,-76.95614896113524 38.979556977077486)"
21,1,2.201147107714856,3.7307910578316723,"LINESTRING (-76.9493981599047 39.00205415855821,-76.9503705959991 38.979262715910416)"
21,2,2.2056128036715985,9.098553312950145,"LINESTRING (-76.9493981599047 39.00205415855821,-76.94306724620641 38.98008989839545)"
21,3,2.440589172199619,23.332163412108834,"LINESTRING (-76.9493981599047 39.00205415855821,-76.93748964696455 38.97973917233188)"
21,4,2.761924107648803,4.412198941998396,"LINESTRING (-76.9493981599047 39.00205415855821,-76.93217898394533 38.97918868236121)"
21,5,1.8078351953754574,10.14784708301747,"LINESTRING (-76.9493981599047 39.00205415855821,-76.95654038918376 38.98473290872155)"
21,6,1.6209476885118994,17.58085350458258,"LINESTRING (-76.9493981599047 39.00205415855821,-76.94918515736619 38.98525638276749)"
21,7,1.7220364129400394,13.611185843427306,"LINESTRING (-76.9493981599047 39.00205415855821,-76.94391753002535 38.985069739862865)"
21,8,1.9706299477938947,15.520435948357507,"LINESTRING (-76.9493981599047 39.00205415855821,-76.93782936830148 38.98522358509069)"
21,9,2.3751810853467608,9.03376719185229,"LINESTRING (-76.9493981599047 39.00205415855821,-76.93281099835939 38.98386611360585)"
21,10,1.2675730259160558,4.166239733165443,"LINESTRING (-76.9493981599047 39.00205415855821,-76.95679046211451 38.9911945889552)"
21,11,1.0171338057287342,16.005178744410227,"LINESTRING (-76.9493981599047 39.00205415855821,-76.94939878151207 38.991512819518306)"
21,12,1.2194457549905136,69.95146239617134,"LINESTRING (-76.9493981599047 39.00205415855821,-76.94348046644811 38.99088718523098)"
21,13,1.5709550337276978,10.554953542607153,"LINESTRING (-76.9493981599047 39.00205415855821,-76.93804582130882 38.99038386195248)"
21,14,1.9486606943303206,9.243333204256237,"LINESTRING (-76.9493981599047 39.00205415855821,-76.93229361007478 38.99131678004122)"
21,15,0.8670032177244604,4.1607096597340565,"LINESTRING (-76.9493981599047 39.00205415855821,-76.9564057308593 38.99642994930704)"
21,16,0.4570836399671433,4.273755606389103,"LINESTRING (-76.9493981599047 39.00205415855821,-76.94883356408197 38.997350815863484)"
21,17,0.8193147526079205,19.077662275572074,"LINESTRING (-76.9493981599047 39.00205415855821,-76.94314368324747 38.99631118029311)"
21,18,1.244641156090871,22.769421370710152,"LINESTRING (-76.9493981599047 39.00205415855821,-76.93814701133961 38.99574541006349)"
21,19,1.8119963535083308,9.757074515491334,"LINESTRING (-76.9493981599047 39.00205415855821,-76.93146902382163 38.996468367367)"
21,20,0.6761912596823446,4.6291113013817125,"LINESTRING (-76.9493981599047 39.00205415855821,-76.95632289196739 39.003130542025964)"
21,21,0.0,6.02343034670177,"LINESTRING (-76.9493981599047 39.00205415855821,-76.9493981599047 39.00205415855821)"
21,22,0.5450460428587547,22.951817096268137,"LINESTRING (-76.9493981599047 39.00205415855821,-76.9437501126586 39.00196627858609)"
21,23,1.1412658162628329,1.5394364072365965,"LINESTRING (-76.9493981599047 39.00205415855821,-76.9376205466815 39.000965571665056)"
21,24,1.753489410117078,6.690368061927965,"LINESTRING (-76.9493981599047 39.00205415855821,-76.93123840128628 39.0027413970488)"
22,0,2.471176976411986,5.384708813929636,"LINESTRING (-76.9437501126586 39.00196627858609,-76.95614896113524 38.979556977077486)"
22,1,2.2819070182074324,4.292716049215287,"LINESTRING (-76.9437501126586 39.00196627858609,-76.9503705959991 38.979262715910416)"
22,2,2.1118800418579475,10.65323971846549,"LINESTRING (-76.9437501126586 39.00196627858609,-76.94306724620641 38.98008989839545)"
22,3,2.2281412700806067,27.645223024484594,"LINESTRING (-76.9437501126586 39.00196627858609,-76.93748964696455 38.97973917233188)"
22,4,2.4651446589856016,5.2720879561545635,"LINESTRING (-76.9437501126586 39.00196627858609,-76.93217898394533 38.97918868236121)"
22,5,2.0707846800850804,11.465493607618383,"LINESTRING (-76.9437501126586 39.00196627858609,-76.95654038918376 38.98473290872155)"
22,6,1.6954814948631494,20.241448428632236,"LINESTRING (-76.9437501126586 39.00196627858609,-76.94918515736619 38.98525638276749)"
22,7,1.6304270499481404,15.93357031135518,"LINESTRING (-76.9437501126586 39.00196627858609,-76.94391753002535 38.985069739862865)"
22,8,1.7135412378076034,18.471736722476233,"LINESTRING (-76.9437501126586 39.00196627858609,-76.93782936830148 38.98522358509069)"
22,9,2.040666993947874,10.8351580315801,"LINESTRING (-76.9437501126586 39.00196627858609,-76.93281099835939 38.98386611360585)"
22,10,1.632022205940677,4.659668520621737,"LINESTRING (-76.9437501126586 39.00196627858609,-76.95679046211451 38.9911945889552)"
22,11,1.146495569846365,18.326562484635904,"LINESTRING (-76.9437501126586 39.00196627858609,-76.94939878151207 38.991512819518306)"
22,12,1.0693382897846382,82.36723283567609,"LINESTRING (-76.9437501126586 39.00196627858609,-76.94348046644811 38.99088718523098)"
22,13,1.2457726515707501,12.647870516596877,"LINESTRING (-76.9437501126586 39.00196627858609,-76.93804582130882 38.99038386195248)"
22,14,1.5092691499620512,11.203397222868258,"LINESTRING (-76.9437501126586 39.00196627858609,-76.93229361007478 38.99131678004122)"
22,15,1.3328745048751012,4.6065254144556045,"LINESTRING (-76.9437501126586 39.00196627858609,-76.9564057308593 38.99642994930704)"
22,16,0.662514523269755,4.856535044366884,"LINESTRING (-76.9437501126586 39.00196627858609,-76.94883356408197 38.997350815863484)"
22,17,0.5487888860931867,22.735920331191686,"LINESTRING (-76.9437501126586 39.00196627858609,-76.94314368324747 38.99631118029311)"
22,18,0.8078348268898955,27.590580965309353,"LINESTRING (-76.9437501126586 39.00196627858609,-76.93814701133961 38.99574541006349)"
22,19,1.2983272564716353,11.914246480231752,"LINESTRING (-76.9437501126586 39.00196627858609,-76.93146902382163 38.996468367367)"
22,20,1.2183378116676706,5.086172562140119,"LINESTRING (-76.9437501126586 39.00196627858609,-76.95632289196739 39.003130542025964)"
22,21,0.5450460428587547,6.616242840796483,"LINESTRING (-76.9437501126586 39.00196627858609,-76.9493981599047 39.00205415855821)"
22,22,0.0,28.114263862448716,"LINESTRING (-76.9437501126586 39.00196627858609,-76.9437501126586 39.00196627858609)"
22,23,0.5992719882136064,1.8851192985759704,"LINESTRING (-76.9437501126586 39.00196627858609,-76.9376205466815 39.000965571665056)"
22,24,1.2095695221434726,8.194278956172843,"LINESTRING (-76.9437501126586 39.00196627858609,-76.93123840128628 39.0027413970488)"
23,0,2.7319283484753445,0.8558739985799491,"LINESTRING (-76.9376205466815 39.000965571665056,-76.95614896113524 38.979556977077486)"
23,1,2.428746846936326,0.6901236127359175,"LINESTRING (-76.9376205466815 39.000965571665056,-76.9503705959991 38.979262715910416)"
23,2,2.0817262329982147,1.7432639959048568,"LINESTRING (-76.9376205466815 39.000965571665056,-76.94306724620641 38.98008989839545)"
23,3,2.0481742164389063,4.592063294557857,"LINESTRING (-76.9376205466815 39.000965571665056,-76.93748964696455 38.97973917233188)"
23,4,2.1658588098342593,0.8862420740959133,"LINESTRING (-76.9376205466815 39.000965571665056,-76.93217898394533 38.97918868236121)"
23,5,2.4054083940232047,1.8089731926726784,"LINESTRING (-76.9376205466815 39.000965571665056,-76.95654038918376 38.98473290872155)"
23,6,1.8822200105840996,3.2411828585594824,"LINESTRING (-76.9376205466815 39.000965571665056,-76.94918515736619 38.98525638276749)"
23,7,1.6497517755596698,2.5944525767211246,"LINESTRING (-76.9376205466815 39.000965571665056,-76.94391753002535 38.985069739862865)"
23,8,1.519077920906195,3.07273468162203,"LINESTRING (-76.9376205466815 39.000965571665056,-76.93782936830148 38.98522358509069)"
23,9,1.7139492951423971,1.8264017603411065,"LINESTRING (-76.9376205466815 39.000965571665056,-76.93281099835939 38.98386611360585)"
23,10,2.076122574912251,0.7271765859407318,"LINESTRING (-76.9376205466815 39.000965571665056,-76.95679046211451 38.9911945889552)"
23,11,1.4572269122325499,2.898397984184014,"LINESTRING (-76.9376205466815 39.000965571665056,-76.94939878151207 38.991512819518306)"
23,12,1.124895188822353,13.36329538407984,"LINESTRING (-76.9376205466815 39.000965571665056,-76.94348046644811 38.99088718523098)"
23,13,1.0218534224334144,2.1101532502964813,"LINESTRING (-76.9376205466815 39.000965571665056,-76.93804582130882 38.99038386195248)"
23,14,1.0634731634388535,1.9110951303947423,"LINESTRING (-76.9376205466815 39.000965571665056,-76.93229361007478 38.99131678004122)"
23,15,1.8646677265519007,0.7126066701775148,"LINESTRING (-76.9376205466815 39.000965571665056,-76.9564057308593 38.99642994930704)"
23,16,1.136774316066564,0.7556167623377978,"LINESTRING (-76.9376205466815 39.000965571665056,-76.94883356408197 38.997350815863484)"
23,17,0.6969250111499912,3.654693546851595,"LINESTRING (-76.9376205466815 39.000965571665056,-76.94314368324747 38.99631118029311)"
23,18,0.5062484857203491,4.639065148100625,"LINESTRING (-76.9376205466815 39.000965571665056,-76.93814701133961 38.99574541006349)"
23,19,0.7352644365773668,2.056326090370235,"LINESTRING (-76.9376205466815 39.000965571665056,-76.93146902382163 38.996468367367)"
23,20,1.8166400028097796,0.7815901084694498,"LINESTRING (-76.9376205466815 39.000965571665056,-76.95632289196739 39.003130542025964)"
23,21,1.1412658162628329,1.0169271424253503,"LINESTRING (-76.9376205466815 39.000965571665056,-76.9493981599047 39.00205415855821)"
23,22,0.5992719882136064,4.319888749551854,"LINESTRING (-76.9376205466815 39.000965571665056,-76.9437501126586 39.00196627858609)"
23,23,0.0,0.326540301196401,"LINESTRING (-76.9376205466815 39.000965571665056,-76.9376205466815 39.000965571665056)"
23,24,0.6392077303176541,1.4153150998324533,"LINESTRING (-76.9376205466815 39.000965571665056,-76.93123840128628 39.0027413970488)"
24,0,3.283572310008717,2.1916479393973867,"LINESTRING (-76.93123840128628 39.0027413970488,-76.95614896113524 38.979556977077486)"
24,1,2.922371879697849,1.7774916774653964,"LINESTRING (-76.93123840128628 39.0027413970488,-76.9503705959991 38.979262715910416)"
24,2,2.465714989260916,4.539471485696422,"LINESTRING (-76.93123840128628 39.0027413970488,-76.94306724620641 38.98008989839545)"
24,3,2.299987289780575,12.116866257452862,"LINESTRING (-76.93123840128628 39.0027413970488,-76.93748964696455 38.97973917233188)"
24,4,2.274412914697082,2.3722282361782794,"LINESTRING (-76.93123840128628 39.0027413970488,-76.93217898394533 38.97918868236121)"
24,5,2.9966262298247135,4.613966301556929,"LINESTRING (-76.93123840128628 39.0027413970488,-76.95654038918376 38.98473290872155)"
24,6,2.4176700804038687,8.31319148215804,"LINESTRING (-76.93123840128628 39.0027413970488,-76.94918515736619 38.98525638276749)"
24,7,2.0986248335088766,6.712278679010305,"LINESTRING (-76.93123840128628 39.0027413970488,-76.94391753002535 38.985069739862865)"
24,8,1.8059736692637838,8.07948892258594,"LINESTRING (-76.93123840128628 39.0027413970488,-76.93782936830148 38.98522358509069)"
24,9,1.8275862838678012,4.886294931293845,"LINESTRING (-76.93123840128628 39.0027413970488,-76.93281099835939 38.98386611360585)"
24,10,2.705570979410134,1.8476590837451083,"LINESTRING (-76.93123840128628 39.0027413970488,-76.95679046211451 38.9911945889552)"
24,11,2.0601922506558075,7.383973317296133,"LINESTRING (-76.93123840128628 39.0027413970488,-76.94939878151207 38.991512819518306)"
24,12,1.6442714141463493,34.33016548893335,"LINESTRING (-76.93123840128628 39.0027413970488,-76.94348046644811 38.99088718523098)"
24,13,1.3613287162500356,5.519367653974944,"LINESTRING (-76.93123840128628 39.0027413970488,-76.93804582130882 38.99038386195248)"
24,14,1.1070533618072542,5.14882573963277,"LINESTRING (-76.93123840128628 39.0027413970488,-76.93229361007478 38.99131678004122)"
24,15,2.503592638209433,1.80892382326152,"LINESTRING (-76.93123840128628 39.0027413970488,-76.9564057308593 38.99642994930704)"
24,16,1.7756470347883457,1.9181132507988368,"LINESTRING (-76.93123840128628 39.0027413970488,-76.94883356408197 38.997350815863484)"
24,17,1.305590020642497,9.305410416116365,"LINESTRING (-76.93123840128628 39.0027413970488,-76.94314368324747 38.99631118029311)"
24,18,0.9487117745374891,12.0097256540141,"LINESTRING (-76.93123840128628 39.0027413970488,-76.93814701133961 38.99574541006349)"
24,19,0.6056935478076858,5.636866243504772,"LINESTRING (-76.93123840128628 39.0027413970488,-76.93146902382163 38.996468367367)"
24,20,2.420693740946253,1.9909661923659754,"LINESTRING (-76.93123840128628 39.0027413970488,-76.95632289196739 39.003130542025964)"
24,21,1.753489410117078,2.588331262225021,"LINESTRING (-76.93123840128628 39.0027413970488,-76.9493981599047 39.00205415855821)"
24,22,1.2095695221434726,10.997303962717808,"LINESTRING (-76.93123840128628 39.0027413970488,-76.9437501126586 39.00196627858609)"
24,23,0.6392077303176541,0.8288861855039266,"LINESTRING (-76.93123840128628 39.0027413970488,-76.9376205466815 39.000965571665056)"
24,24,0.0,4.082555813113993,"LINESTRING (-76.93123840128628 39.0027413970488,-76.93123840128628 39.0027413970488)"
