x_coord,y_coord,zone_id
-110.970085,32.22493,1
-110.97007,32.223598,2
-110.967941,32.222775,3
-110.967323,32.223721,4
-110.966293,32.221649,5
-110.967834,32.221626,6
-110.969772,32.221519,7
-110.971771,32.221424,8
-110.969902,32.222557,9
-110.971878,32.222301,10
-110.972137,32.223492,11
-110.97242,32.22467,12
-110.973267,32.227165,13
-110.967102,32.225372,14
-110.974426,32.224819,15
-110.974403,32.222599,16
-110.978783,32.223518,17
-110.977768,32.219406,18
-110.974236,32.219124,19
-110.971581,32.218998,20
-110.969498,32.217243,21
-110.967018,32.217278,22
-110.96405,32.216122,23
-110.959862,32.214985,24
-110.971954,32.214622,25
-110.976318,32.214592,26
-110.977104,32.2094,27
-110.971581,32.209415,28
-110.966965,32.209438,29
-110.964592,32.209423,30
-110.958603,32.209679,31
-110.953171,32.210827,32
-110.946594,32.208237,33
-110.942513,32.211891,34
-110.951874,32.21545,35
-110.962563,32.22575,36
-110.962593,32.232216,37
-110.97023,32.232914,38
-110.974831,32.232307,39
-110.980095,32.230858,40
-110.958115,32.22974,41
-110.953232,32.230072,42
-110.947212,32.23056,43
-110.946068,32.233849,44
-110.952309,32.232861,45
-110.958122,32.233864,46
-110.955727,32.239571,47
-110.946411,32.239651,48
-110.948196,32.246456,49
-110.955986,32.246399,50
-110.965645,32.237755,51
-110.974876,32.237774,52
-110.974953,32.244904,53
-110.970261,32.245098,54
-110.965729,32.244701,55
-110.948723,32.21917,56
-110.939873,32.217674,57
-110.947334,32.224518,58
-110.955223,32.224594,59
-110.936134,32.026775,60
-110.946724,32.027565,61
-110.940758,32.050255,62
-110.93734,32.040127,63
-110.946152,32.041367,64
-110.935165,32.015995,65
-110.816589,32.081871,66
-110.832588,32.09005,67
-110.845207,32.188351,68
-110.844475,32.200027,69
-110.853012,32.199139,70
-110.689888,32.024048,71
-110.703339,32.076504,72
-110.705063,32.093685,73
-110.72683,32.086082,74
-110.7257,32.078629,75
-110.729179,32.094978,76
-110.717529,32.06036,77
-110.728683,32.110825,78
-110.724838,32.041546,79
-110.727905,32.060516,80
-110.73571,32.10693,81
-110.727798,32.122814,82
-110.738167,32.088551,83
-110.735794,32.025684,84
-110.739868,32.098522,85
-110.73999,32.081512,86
-110.738304,32.056286,87
-110.743858,32.121342,88
-110.745682,32.111618,89
-110.749123,32.12421,90
-110.750023,32.129921,91
-110.751053,32.103298,92
-110.752243,32.140972,93
-110.746628,32.206688,94
-110.746834,32.231518,95
-110.750931,32.090023,96
-110.745323,32.073265,97
-110.759758,32.144409,98
-110.760056,32.137566,99
-110.759735,32.130032,100
-110.758675,32.115788,101
-110.759651,32.123055,102
-110.757401,32.151604,103
-110.741684,32.148163,104
-110.763733,32.258274,105
-110.760117,31.983316,106
-110.768295,32.144375,107
-110.76049,32.246387,108
-110.768349,32.137188,109
-110.768394,32.129993,110
-110.768402,32.15308,111
-110.759804,32.089848,112
-110.762199,32.08112,113
-110.76844,32.122688,114
-110.763885,32.107094,115
-110.764198,32.198875,116
-110.76413,32.098274,117
-110.764191,32.213638,118
-110.755646,32.186653,119
-110.763947,32.228119,120
-110.768471,32.115429,121
-110.766991,32.169937,122
-110.764839,32.159286,123
-110.759155,32.064144,124
-110.751755,32.03326,125
-110.760895,32.010956,126
-110.760353,32.0238,127
-110.760773,31.997833,128
-110.767548,32.048569,129
-110.777016,32.226395,130
-110.776344,32.21719,131
-110.777008,32.209965,132
-110.776871,32.186462,133
-110.778366,32.125202,134
-110.777321,32.111446,135
-110.777,32.241875,136
-110.77697,32.202755,137
-110.777016,32.142746,138
-110.780411,32.167206,139
-110.781296,32.179928,140
-110.785492,32.186619,141
-110.783058,32.197933,142
-110.785805,32.23864,143
-110.784927,32.224754,144
-110.78553,32.209946,145
-110.784813,32.231754,146
-110.784958,32.217293,147
-110.780602,32.157425,148
-110.781136,32.151844,149
-110.781647,32.138565,150
-110.783958,32.083389,151
-110.781555,32.071472,152
-110.783501,32.058048,153
-110.781731,32.100002,154
-110.786392,32.125652,155
-110.784531,31.983416,156
-110.787407,32.114513,157
-110.785416,31.997871,158
-110.793777,32.227161,159
-110.794029,32.213627,160
-110.783554,32.260345,161
-110.795349,32.272381,162
-110.793938,32.109146,163
-110.789551,32.096512,164
-110.797043,32.090275,165
-110.797508,32.080956,166
-110.802567,32.21727,167
-110.798866,32.245781,168
-110.803452,32.21014,169
-110.798286,32.239513,170
-110.802483,32.229866,171
-110.798355,32.170116,172
-110.796707,32.195229,173
-110.79969,32.062904,174
-110.800148,32.038113,175
-110.791138,32.019554,176
-110.798576,32.202579,177
-110.796585,32.184517,178
-110.802513,32.181648,179
-110.809013,32.219185,180
-110.812965,32.188229,181
-110.810196,32.210052,182
-110.810791,32.216377,183
-110.81134,32.180916,184
-110.809959,32.239113,185
-110.811836,32.23196,186
-110.812561,32.225838,187
-110.804893,32.115116,188
-110.805855,31.997135,189
-110.808449,31.985039,190
-110.790894,32.250225,191
-110.81089,32.249649,192
-110.81871,32.210052,193
-110.820381,32.231262,194
-110.817162,32.246529,195
-110.819794,32.180969,196
-110.819267,32.216404,197
-110.819557,32.224606,198
-110.819016,32.188168,199
-110.81543,32.170166,200
-110.818474,32.239189,201
-110.807701,32.266644,202
-110.811783,32.199413,203
-110.817047,32.039936,204
-110.816757,32.055477,205
-110.819206,32.197067,206
-110.816711,32.068485,207
-110.809807,32.091343,208
-110.825478,32.249775,209
-110.823952,32.202835,210
-110.825485,32.210617,211
-110.826126,32.216812,212
-110.827065,32.224705,213
-110.829727,32.256199,214
-110.828056,32.181015,215
-110.830284,32.213772,216
-110.82814,32.188305,217
-110.828178,32.239231,218
-110.828156,32.246819,219
-110.825294,32.104336,220
-110.828804,32.198318,221
-110.823982,31.998602,222
-110.821632,32.010674,223
-110.820663,32.020065,224
-110.827919,32.229443,225
-110.83239,32.170135,226
-110.827431,32.131859,227
-110.829819,31.983559,228
-110.830276,32.153088,229
-110.837166,32.172916,230
-110.836594,32.181042,231
-110.836708,32.217785,232
-110.836678,32.188335,233
-110.838081,32.199417,234
-110.8367,32.210171,235
-110.833855,32.225784,236
-110.836868,32.23148,237
-110.833405,32.068512,238
-110.830605,32.123184,239
-110.834717,32.102531,240
-110.836487,32.239162,241
-110.834717,32.111397,242
-110.823715,32.264053,243
-110.835587,32.2477,244
-110.835518,32.258957,245
-110.833328,32.056229,246
-110.845062,32.213882,247
-110.845284,32.228344,248
-110.843857,32.247749,249
-110.850517,32.239719,250
-110.849747,32.244766,251
-110.849525,32.181026,252
-110.85376,32.18837,253
-110.85553,32.239628,254
-110.855217,32.247673,255
-110.850883,32.22823,256
-110.850731,32.115498,257
-110.850693,32.130875,258
-110.850327,32.145752,259
-110.849678,32.121017,260
-110.85006,32.099953,261
-110.849182,32.082375,262
-110.853271,32.214371,263
-110.856689,32.245232,264
-110.84288,32.066841,265
-110.846649,32.01075,266
-110.84977,32.056953,267
-110.846626,31.998117,268
-110.835205,32.039536,269
-110.850548,32.04237,270
-110.846794,32.023285,271
-110.849876,31.977093,272
-110.855286,32.251095,273
-110.862244,32.203362,274
-110.862228,32.195972,275
-110.862289,32.252758,276
-110.862297,32.247021,277
-110.86232,32.232521,278
-110.862305,32.23975,279
-110.862953,32.124973,280
-110.862747,32.219414,281
-110.862259,32.225292,282
-110.866547,32.083946,283
-110.852585,32.259224,284
-110.870819,32.203339,285
-110.870819,32.196022,286
-110.866608,32.212673,287
-110.871658,32.263191,288
-110.870941,32.254333,289
-110.870949,32.225285,290
-110.871094,32.232555,291
-110.870995,32.239773,292
-110.871201,32.246941,293
-110.867134,32.067017,294
-110.86689,32.051346,295
-110.867706,32.037025,296
-110.867851,32.026733,297
-110.871933,32.019997,298
-110.867859,32.012806,299
-110.867828,32.005493,300
-110.864914,32.137547,301
-110.877647,32.247082,302
-110.879585,32.218063,303
-110.87941,32.203304,304
-110.879608,32.2253,305
-110.879761,32.232586,306
-110.879784,32.23983,307
-110.881989,32.247059,308
-110.879753,32.256702,309
-110.883347,32.253014,310
-110.868652,32.127647,311
-110.88591,32.225285,312
-110.886154,32.232559,313
-110.88398,32.263466,314
-110.882835,32.125202,315
-110.88298,32.104706,316
-110.883598,32.083164,317
-110.887718,32.218033,318
-110.883713,32.210678,319
-110.888023,32.203339,320
-110.890121,32.225216,321
-110.890335,32.265942,322
-110.888672,32.259594,323
-110.883842,32.196072,324
-110.890755,32.232578,325
-110.884064,32.273853,326
-110.888351,32.239834,327
-110.889359,32.255539,328
-110.88839,32.247051,329
-110.884499,32.067715,330
-110.885002,32.02684,331
-110.885025,32.019707,332
-110.884674,32.05164,333
-110.885071,32.012775,334
-110.87545,31.996416,335
-110.885094,32.00544,336
-110.896591,32.217911,337
-110.896599,32.203388,338
-110.896584,32.210999,339
-110.896667,32.196758,340
-110.898018,32.269756,341
-110.896736,32.260563,342
-110.896744,32.225193,343
-110.896851,32.23254,344
-110.896889,32.239799,345
-110.896942,32.247047,346
-110.896904,32.25425,347
-110.897339,32.158924,348
-110.901237,32.145683,349
-110.903709,32.152142,350
-110.873199,32.167267,351
-110.905037,32.197399,352
-110.904343,32.140503,353
-110.905128,32.20187,354
-110.905212,32.205196,355
-110.905266,32.225204,356
-110.905251,32.214321,357
-110.905388,32.232548,358
-110.905457,32.247028,359
-110.90052,32.090206,360
-110.905441,32.239822,361
-110.905388,32.254276,362
-110.905266,32.261475,363
-110.901802,32.026932,364
-110.901802,32.019753,365
-110.90184,32.012745,366
-110.901833,32.005386,367
-110.902718,31.989468,368
-110.905273,32.270149,369
-110.902855,32.170948,370
-110.911858,32.239838,371
-110.911858,32.247021,372
-110.911919,32.25423,373
-110.911972,32.261486,374
-110.900589,32.276234,375
-110.91188,32.2687,376
-110.912834,32.232536,377
-110.913513,32.126919,378
-110.913574,32.137894,379
-110.914261,32.170555,380
-110.913239,32.155819,381
-110.915527,32.184288,382
-110.913506,32.14521,383
-110.913826,32.203167,384
-110.913559,32.214352,385
-110.914749,32.193634,386
-110.91394,32.223423,387
-110.917313,32.268063,388
-110.921791,32.126919,389
-110.921928,32.137798,390
-110.921997,32.145149,391
-110.922264,32.151913,392
-110.922173,32.170662,393
-110.922089,32.184559,394
-110.922333,32.217941,395
-110.922249,32.210617,396
-110.922356,32.203323,397
-110.923424,32.225208,398
-110.923683,32.26865,399
-110.921379,32.232372,400
-110.92038,32.239723,401
-110.917999,32.068157,402
-110.920448,32.261421,403
-110.920502,32.247013,404
-110.920448,32.254105,405
-110.918388,32.052139,406
-110.918625,32.037216,407
-110.917953,32.197918,408
-110.91877,32.026989,409
-110.918839,32.019798,410
-110.918907,32.012707,411
-110.918915,32.005322,412
-110.918991,31.991119,413
-110.928513,32.161312,414
-110.930351,32.1287,415
-110.93042,32.137753,416
-110.930542,32.145061,417
-110.929649,32.152405,418
-110.930862,32.210552,419
-110.930962,32.217842,420
-110.931,32.268597,421
-110.931023,32.261314,422
-110.931023,32.224667,423
-110.931099,32.27589,424
-110.931076,32.231861,425
-110.931129,32.239727,426
-110.931091,32.246887,427
-110.931084,32.254025,428
-110.931702,32.158562,429
-110.936935,32.130501,430
-110.937263,32.21056,431
-110.932541,32.189545,432
-110.930893,32.203365,433
-110.939186,32.159081,434
-110.941154,32.165009,435
-110.939064,32.13776,436
-110.939232,32.152321,437
-110.93914,32.145065,438
-110.934303,32.199306,439
-110.939514,32.26857,440
-110.939575,32.275871,441
-110.939545,32.26125,442
-110.92836,32.283089,443
-110.93087,32.297104,444
-110.939499,32.224598,445
-110.939644,32.253952,446
-110.939636,32.246536,447
-110.939514,32.231739,448
-110.939644,32.2397,449
-110.938965,32.196133,450
-110.933563,32.165459,451
-110.931961,32.181423,452
-110.931938,32.17469,453
-110.941322,32.186905,454
-110.945717,32.145,455
-110.945709,32.137741,456
-110.946091,32.196529,457
-110.946579,32.203403,458
-110.948044,32.26852,459
-110.948074,32.275841,460
-110.947334,32.1759,461
-110.948112,32.261223,462
-110.946487,32.283119,463
-110.94838,32.253971,464
-110.949776,32.161472,465
-110.946846,32.152298,466
-110.949753,32.157803,467
-110.949814,32.145023,468
-110.952507,32.196041,469
-110.952873,32.203285,470
-110.949814,32.167068,471
-110.952103,32.13773,472
-110.95195,32.174023,473
-110.953545,32.180702,474
-110.95105,32.186207,475
-110.951027,32.18959,476
-110.943375,32.066566,477
-110.943192,32.082867,478
-110.943588,32.104958,479
-110.958626,32.203159,480
-110.956284,32.25399,481
-110.956711,32.26125,482
-110.956665,32.268497,483
-110.956711,32.275761,484
-110.954254,32.289913,485
-110.954903,32.283051,486
-110.950089,32.299431,487
-110.958679,32.159683,488
-110.958847,32.152184,489
-110.958748,32.166969,490
-110.958481,32.196037,491
-110.958725,32.144962,492
-110.958832,32.174236,493
-110.958893,32.137695,494
-110.939766,32.119595,495
-110.958801,32.181576,496
-110.959145,32.189301,497
-110.962547,32.115379,498
-110.964104,32.203163,499
-110.966461,32.254013,500
-110.964348,32.26125,501
-110.966537,32.268414,502
-110.964478,32.123131,503
-110.964592,32.130421,504
-110.963799,32.137688,505
-110.963921,32.144947,506
-110.966576,32.15596,507
-110.963402,32.159576,508
-110.963417,32.167332,509
-110.962837,32.174164,510
-110.962875,32.181293,511
-110.964752,32.189423,512
-110.964653,32.196037,513
-110.966934,32.203194,514
-110.965363,32.288803,515
-110.963524,32.292774,516
-110.969795,32.253986,517
-110.969872,32.261204,518
-110.969894,32.268379,519
-110.966599,32.275681,520
-110.965378,32.283546,521
-110.971352,32.189705,522
-110.971535,32.203117,523
-110.973221,32.159622,524
-110.973145,32.167099,525
-110.97332,32.152298,526
-110.972763,32.174065,527
-110.972694,32.18145,528
-110.973312,32.144989,529
-110.973305,32.1231,530
-110.973343,32.130402,531
-110.973335,32.137638,532
-110.97506,32.261169,533
-110.975021,32.253956,534
-110.975067,32.268356,535
-110.975151,32.275589,536
-110.973938,32.283424,537
-110.973816,32.290081,538
-110.974548,32.293591,539
-110.971336,32.305523,540
-110.971497,32.195995,541
-110.977058,32.203159,542
-110.979805,32.130344,543
-110.982811,32.185051,544
-110.980522,32.170506,545
-110.984154,32.223907,546
-110.981636,32.159561,547
-110.981941,32.137539,548
-110.981819,32.144901,549
-110.981979,32.152264,550
-110.982353,32.255699,551
-110.982307,32.259281,552
-110.982552,32.267429,553
-110.982048,32.288181,554
-110.983208,32.225712,555
-110.981438,32.239216,556
-110.982414,32.275635,557
-110.982414,32.28289,558
-110.984116,32.130287,559
-110.982529,32.291859,560
-110.9814,32.213573,561
-110.984482,32.203213,562
-110.986282,32.225231,563
-110.985535,32.232899,564
-110.982559,32.193821,565
-110.989075,32.145298,566
-110.98407,32.123119,567
-110.982193,32.245804,568
-110.987709,32.17371,569
-110.985306,32.216022,570
-110.97303,32.10685,571
-110.988632,32.161037,572
-110.990822,32.275745,573
-110.990807,32.266613,574
-110.990845,32.282986,575
-110.990791,32.290245,576
-110.986679,32.295578,577
-110.985001,32.302124,578
-110.991829,32.202671,579
-110.991776,32.192226,580
-110.993698,32.247959,581
-110.995201,32.141125,582
-110.992241,32.224659,583
-110.996063,32.155788,584
-110.994682,32.18219,585
-110.990799,32.255665,586
-110.994148,32.242825,587
-110.995979,32.175522,588
-110.999054,32.185043,589
-110.999214,32.275127,590
-110.999207,32.283142,591
-110.994133,32.232582,592
-110.998909,32.217194,593
-111.00312,32.151131,594
-111.002708,32.141129,595
-111.003181,32.168976,596
-111.004662,32.1544,597
-111.002975,32.257881,598
-110.99926,32.266788,599
-111.008995,32.141621,600
-111.003242,32.199532,601
-111.006111,32.230373,602
-111.007225,32.185139,603
-111.003342,32.204983,604
-111.007652,32.284264,605
-111.007996,32.153034,606
-111.006409,32.245644,607
-111.012558,32.140884,608
-111.010437,32.277641,609
-111.002892,32.126408,610
-111.011604,32.253227,611
-111.013283,32.215904,612
-111.013618,32.243233,613
-111.016075,32.228905,614
-111.016518,32.284615,615
-111.011902,32.268936,616
-111.024857,32.219299,617
-111.025002,32.210941,618
-111.020256,32.199402,619
-111.021996,32.311272,620
-111.066872,32.215759,621
-111.056496,32.32288,622
-111.050835,32.286831,623
-111.050926,32.301212,624
-111.034531,32.232037,625
-111.047157,32.207996,626
-111.037071,32.297752,627
-111.04129,32.319775,628
-111.036995,32.199036,629
-111.020218,32.185745,630
-111.035553,32.270176,631
-111.026833,32.305,632
-111.012817,32.163322,633
-111.028618,32.254089,634
-111.034477,32.214439,635
-111.034798,32.287022,636
-111.028923,32.243065,637
-111.025337,32.283382,638
-111.03273,32.317867,639
-111.020477,32.270729,640
-111.026596,32.016918,641
-111.04586,31.907957,642
-111.012474,31.946547,643
-110.999092,31.88958,644
-110.998932,31.928864,645
-110.99028,31.947983,646
-110.990456,31.923292,647
-110.990143,31.895491,648
-110.987244,31.86248,649
-110.970184,32.066528,650
-110.986763,32.005608,651
-110.981689,31.886105,652
-110.974617,31.951784,653
-110.977928,31.904234,654
-110.972298,31.932108,655
-110.977821,31.86471,656
-110.964355,31.911909,657
-110.964821,31.854877,658
-110.963905,31.939814,659
-110.953262,31.911762,660
-110.932289,31.856533,661
-110.953568,31.934376,662
-110.944626,31.96479,663
-110.939873,31.906361,664
-110.939995,31.990923,665
-110.940506,31.927298,666
-110.936195,31.943899,667
-110.94471,32.009846,668
-110.974594,31.965153,669
-110.985703,31.963778,670
-110.983047,31.978279,671
-110.976898,31.988752,672
-110.961487,31.978468,673
-110.957268,31.981001,674
-110.950668,31.880634,675
-110.947975,31.888882,676
-110.942482,31.896969,677
-110.935287,31.881266,678
-110.910255,32.467297,679
-110.92691,32.486359,680
-110.937294,32.444283,681
-110.943222,32.457409,682
-110.942078,32.422386,683
-110.943893,32.435387,684
-110.908096,32.426762,685
-110.952179,32.469193,686
-110.759811,32.452965,687
-110.951851,32.416702,688
-110.954285,32.38773,689
-110.952179,32.404552,690
-110.954086,32.461372,691
-110.959831,32.433468,692
-110.965843,32.366367,693
-110.969383,32.452347,694
-110.950462,32.484482,695
-110.971428,32.43346,696
-110.969444,32.344433,697
-110.977264,32.346123,698
-110.97242,32.374233,699
-110.975342,32.360214,700
-110.974174,32.416946,701
-110.976486,32.443993,702
-110.986046,32.34454,703
-110.983376,32.359241,704
-110.985832,32.428379,705
-110.989845,32.416973,706
-110.971458,32.388206,707
-110.979645,32.402615,708
-110.989227,32.39045,709
-110.981201,32.372463,710
-110.976059,32.460152,711
-111.003883,32.431126,712
-111.003372,32.38401,713
-111.004547,32.417053,714
-111.004379,32.402588,715
-111.003304,32.447548,716
-111.017395,32.416992,717
-111.021591,32.431065,718
-111.018173,32.402576,719
-111.021431,32.385948,720
-111.038185,32.431026,721
-111.038284,32.411655,722
-111.061745,32.505016,723
-111.269501,32.355316,724
-111.041702,32.325005,725
-111.04129,32.332184,726
-111.029053,32.453964,727
-111.043602,32.335636,728
-111.043449,32.341045,729
-111.048531,32.328838,730
-111.055458,32.34095,731
-111.055656,32.416687,732
-111.056648,32.431564,733
-111.055481,32.402584,734
-111.053886,32.463699,735
-111.057365,32.335537,736
-111.067001,32.364845,737
-111.068604,32.431335,738
-111.075706,32.377445,739
-111.075119,32.370525,740
-111.076073,32.432785,741
-111.07177,32.402771,742
-111.07196,32.420029,743
-111.069466,32.333282,744
-111.077225,32.301243,745
-111.067764,32.32568,746
-111.069595,32.348484,747
-111.081985,32.348263,748
-111.088768,32.375977,749
-111.088799,32.402832,750
-111.088509,32.418972,751
-111.088379,32.431747,752
-111.074333,32.450928,753
-111.089905,32.345028,754
-111.087311,32.367947,755
-111.077133,32.319626,756
-111.089005,32.386505,757
-111.093864,32.392643,758
-111.101402,32.376301,759
-111.101311,32.340977,760
-111.105446,32.354187,761
-111.108063,32.349003,762
-111.112083,32.361294,763
-111.110237,32.431717,764
-111.110352,32.419334,765
-111.106201,32.385967,766
-111.122688,32.379345,767
-111.117882,32.371773,768
-111.111008,32.45879,769
-111.101326,32.330395,770
-111.129761,32.361881,771
-111.126701,32.368797,772
-111.132813,32.379303,773
-111.101341,32.361664,774
-111.140808,32.360149,775
-111.135086,32.391808,776
-111.124779,32.33746,777
-111.135979,32.413834,778
-111.151718,32.3904,779
-111.162628,32.397839,780
-111.169586,32.40778,781
-111.157349,32.412491,782
-111.170715,32.436886,783
-111.148865,32.468227,784
-111.193924,32.442043,785
-111.191292,32.435337,786
-111.191307,32.428047,787
-111.202721,32.436615,788
-111.191818,32.449047,789
-111.198296,32.455933,790
-111.182472,32.367176,791
-111.199646,32.391216,792
-111.185143,32.41721,793
-111.209938,32.434677,794
-111.211784,32.427357,795
-111.208427,32.442543,796
-111.212463,32.456314,797
-111.212097,32.450214,798
-111.209976,32.473961,799
-111.218658,32.410412,800
-111.18364,32.49218,801
-111.219711,32.482651,802
-111.228119,32.418636,803
-111.225533,32.43679,804
-111.225517,32.442474,805
-111.225555,32.449677,806
-111.223595,32.455673,807
-111.220398,32.4701,808
-111.22773,32.465466,809
-111.234131,32.49535,810
-111.242378,32.425072,811
-111.242676,32.445957,812
-111.246918,32.46767,813
-111.244957,32.478085,814
-111.235123,32.481941,815
-111.233788,32.366558,816
-111.250687,32.494648,817
-111.26075,32.467697,818
-111.260811,32.478558,819
-111.262169,32.489307,820
-111.278374,32.487434,821
-111.295639,32.49091,822
-111.286995,32.465893,823
-111.269684,32.443512,824
-111.269241,32.414536,825
-111.338593,31.742594,826
-111.069016,31.737701,827
-110.979897,31.758085,828
-111.507607,32.417454,829
-111.10685,31.868877,830
-111.04348,31.803757,831
-111.018814,31.806559,832
-111.02681,31.79228,833
-111.043854,31.765423,834
-111.311722,32.153133,835
-111.234245,32.263477,836
-111.168808,32.259651,837
-111.168747,32.236118,838
-111.21019,32.240826,839
-111.14563,32.182892,840
-111.17099,32.200199,841
-111.115913,32.169037,842
-111.52375,31.782122,843
-111.196625,32.342812,844
-111.282242,32.036472,845
-111.236069,32.074562,846
-111.290421,32.065594,847
-111.102432,32.046234,848
-111.210083,32.111134,849
-111.193657,31.978664,850
-111.240829,32.020473,851
-111.161552,31.942158,852
-111.226257,31.939968,853
-111.290985,31.982452,854
-111.235229,32.320812,855
-111.150383,31.912674,856
-111.094498,31.915188,857
-110.783867,31.758368,858
-111.202263,32.134701,859
-111.200783,32.154648,860
-111.16629,32.154942,861
-111.192505,32.168762,862
-111.149475,32.172047,863
-111.169495,32.141651,864
-111.175346,32.125511,865
-111.187805,32.123177,866
-111.144981,32.138042,867
-111.136154,32.153446,868
-111.114418,32.147854,869
-111.15979,32.1259,870
-111.159889,32.111366,871
-111.130966,31.964556,872
-111.104767,31.977486,873
-111.093216,31.941175,874
-111.107773,32.299908,875
-111.146049,32.111488,876
-111.135307,32.111633,877
-111.123169,32.111568,878
-111.145973,32.125996,879
-111.136086,32.126041,880
-111.07843,32.250603,881
-111.249512,31.544897,882
-111.400993,32.303562,883
-111.198219,32.114117,884
-111.188278,32.111038,885
-111.174377,32.11227,886
-111.347771,32.406322,887
-111.23484,32.306652,888
-111.330032,32.444096,889
-111.192497,32.320705,890
-111.224388,32.343021,891
-110.96328,32.504719,892
-110.914406,32.504581,893
-110.893623,32.501026,894
-110.920326,32.49173,895
-110.917671,32.484989,896
-110.885895,32.473927,897
-111.045837,31.946234,898
-110.888847,31.855131,899
-110.919098,31.969168,900
-110.915657,31.943783,901
-110.901871,31.969076,902
-110.876762,31.985979,903
-110.868118,31.970356,904
-110.884659,31.969143,905
-110.829842,31.969675,906
-110.839851,31.950386,907
-110.867226,31.948128,908
-110.884583,31.946705,909
-110.807648,31.969675,910
-110.804588,31.952976,911
-110.839363,31.931288,912
-110.784363,31.969645,913
-110.73732,31.983667,914
-110.735268,31.99758,915
-110.708961,31.980541,916
-110.734734,31.969538,917
-110.735512,32.01067,918
-110.701363,32.004303,919
-110.627136,31.940813,920
-110.708649,31.941616,921
-110.558907,32.181877,922
-110.570267,31.861992,923
-110.466797,32.000759,924
-110.666199,32.043186,925
-110.628571,32.106071,926
-110.511253,31.95034,927
-110.684006,32.13353,928
-110.718933,32.138363,929
-110.799393,31.830975,930
-110.875938,31.927553,931
-110.807076,31.930578,932
-110.875053,31.909782,933
-111.025154,31.873205,934
-111.016876,31.865025,935
-111.010918,31.819752,936
-111.00161,31.863707,937
-111.001335,31.824209,938
-111.001862,31.848686,939
-111.019981,31.823671,940
-111.008812,31.833336,941
-110.992935,31.84564,942
-110.977531,31.827988,943
-110.991455,31.885532,944
-111.003502,31.87524,945
-110.907639,31.924519,946
-110.994354,31.861053,947
-110.737709,31.952951,948
-110.760223,31.952551,949
-110.760078,31.930855,950
-110.760086,31.969561,951
-110.734795,31.931009,952
-110.781647,31.955988,953
-110.783714,31.931421,954
-111.082581,32.18943,955
-111.122765,32.214424,956
-111.044266,32.243446,957
-110.901665,32.037163,958
-110.901527,32.051777,959
-110.901161,32.067871,960
-110.884857,32.037128,961
-110.901474,32.330132,962
-110.884811,32.330299,963
-110.885757,32.320274,964
-110.871368,32.33107,965
-110.897591,32.315262,966
-110.906349,32.316288,967
-110.928391,32.342819,968
-110.90873,32.296505,969
-110.897858,32.299877,970
-110.883957,32.288475,971
-110.883911,32.301422,972
-110.867363,32.279598,973
-110.860825,32.301758,974
-110.848648,32.26894,975
-110.858124,32.316147,976
-110.883873,32.31221,977
-110.838974,32.316124,978
-110.847427,32.284966,979
-110.823578,32.275635,980
-110.893227,32.140427,981
-110.797287,32.286606,982
-110.746536,32.258373,983
-110.743164,32.246983,984
-110.761086,32.238235,985
-110.742378,32.271919,986
-110.729362,32.256927,987
-110.723824,32.245678,988
-110.707352,32.248249,989
-110.729439,32.230988,990
-110.725136,32.281193,991
-110.728569,32.301296,992
-111.104172,32.112926,993
-111.071884,32.111584,994
-111.050392,32.111835,995
-111.037437,32.108303,996
-111.022575,32.113392,997
-111.063873,32.180325,998
-111.066902,32.167645,999
-111.083176,32.170849,1000
-111.115929,32.184551,1001
-111.033432,32.11631,1002
-111.033173,32.126511,1003
-111.024582,32.126553,1004
-111.007614,32.093258,1005
-111.059258,32.169716,1006
-111.06089,32.155388,1007
-111.020256,32.153786,1008
-111.024467,32.139832,1009
-111.034996,32.152,1010
-111.033272,32.1376,1011
-111.04493,32.137203,1012
-111.061615,32.140972,1013
-111.089882,32.164387,1014
-111.100525,32.125977,1015
-111.121704,32.12524,1016
-111.09726,32.154404,1017
-111.082642,32.152569,1018
-111.080139,32.140804,1019
-111.097404,32.14064,1020
-111.084251,32.127316,1021
-111.076027,32.125744,1022
-111.067421,32.126331,1023
-111.077209,32.166218,1024
-111.052307,32.126324,1025
-111.040253,32.126469,1026
-111.064049,32.116886,1027
-110.931999,32.005611,1028
-110.912254,32.161449,1029
-110.921425,32.16132,1030
-110.904953,32.127007,1031
-110.896393,32.127014,1032
-111.067413,32.376446,1033
-111.07177,32.385853,1034
-111.05529,32.366623,1035
-111.055443,32.355316,1036
-111.055519,32.348331,1037
-111.03833,32.378162,1038
-111.055107,32.388039,1039
-111.038322,32.386257,1040
-111.033852,32.300034,1041
-111.018585,32.289063,1042
-111.052803,32.258064,1043
-111.054214,32.272678,1044
-111.017578,32.36982,1045
-111.024933,32.357651,1046
-111.037277,32.365562,1047
-111.038315,32.369938,1048
-111.024582,32.319744,1049
-111.016052,32.318466,1050
-111.032799,32.329948,1051
-111.020699,32.332657,1052
-111.017296,32.351425,1053
-111.00515,32.362411,1054
-111.004128,32.344425,1055
-111.025246,32.341518,1056
-111.014854,32.342705,1057
-111.03466,32.341114,1058
-111.003738,32.332565,1059
-111.036469,32.348717,1060
-111.016319,32.297886,1061
-111.007805,32.298882,1062
-111.005737,32.303551,1063
-110.99939,32.290398,1064
-111.007767,32.290596,1065
-111.07666,32.285439,1066
-111.024429,32.297886,1067
-111.027534,32.344032,1068
-111.040215,32.355362,1069
-111.000542,32.307934,1070
-111.003593,32.319271,1071
-110.988724,32.309509,1072
-111.009689,32.319199,1073
-110.981148,32.318737,1074
-110.981354,32.328354,1075
-110.970398,32.318684,1076
-110.944679,32.314869,1077
-110.972961,32.330353,1078
-110.965431,32.330143,1079
-110.9524,32.329845,1080
-110.933617,32.329865,1081
-110.952072,32.342228,1082
-110.921638,32.310413,1083
-110.915817,32.329956,1084
-110.988258,32.332748,1085
-110.930069,32.324528,1086
-110.913254,32.478401,1087
-110.910789,32.490837,1088
-110.90509,32.485237,1089
-110.702194,32.066387,1090
-110.716286,32.117676,1091
-110.695282,32.112473,1092
-110.782303,32.039242,1093
-110.666786,32.074104,1094
-110.774864,32.304352,1095
-110.816643,32.308205,1096
-110.765625,32.289806,1097
-110.780785,32.28352,1098
-110.761963,32.280533,1099
-110.747681,32.279713,1100
-110.833473,32.290424,1101
-110.834908,32.303436,1102
-110.828438,32.304169,1103
-110.828514,32.320099,1104
-111.345535,32.567047,1105
-110.944756,32.55291,1106
-110.923096,32.591717,1107
-110.861229,32.581802,1108
-110.873894,32.533302,1109
-110.893936,32.529903,1110
-111.418243,32.722588,1111
-111.051285,32.663326,1112
-110.733299,32.643742,1113
-110.408035,32.395565,1114
-110.372841,32.002468,1115
-110.369492,31.963011,1116
-110.642067,31.698095,1117
-111.063347,31.627487,1118
-111.283737,31.460726,1119
-111.542976,31.426138,1120
-111.51152,32.070202,1121
