node_id,name,x_coord,y_coord,node_type,ctrl_type,zone_id,geometry,grid_id
1,,-87.675591,42.01165,,,1,POINT (-87.675591 42.01165),65
2,,-87.699402,42.003548,,,2,POINT (-87.699402 42.003548),65
3,,-87.664871,41.977436,,,3,POINT (-87.664871 41.977436),65
4,,-87.689873,41.963932,,,4,POINT (-87.689873 41.963932),65
5,,-87.652962,41.932419,,,5,POINT (-87.652962 41.932419),65
6,,-87.743462,41.99004,,,6,POINT (-87.743462 41.99004),65
7,,-87.725601,41.960327,,,7,POINT (-87.725601 41.960327),65
8,,-87.799431,41.987339,,,8,POINT (-87.799431 41.987339),65
9,,-87.822052,41.948624,,,9,POINT (-87.822052 41.948624),55
10,,-87.763702,41.938721,,,10,POINT (-87.763702 41.938721),65
11,,-87.761322,41.896404,,,11,POINT (-87.761322 41.896404),65
12,,-87.725601,41.901806,,,12,POINT (-87.725601 41.901806),65
13,,-87.719643,41.872093,,,13,POINT (-87.719643 41.872093),65
14,,-87.713692,41.929718,,,14,POINT (-87.713692 41.929718),65
15,,-87.680351,41.903606,,,15,POINT (-87.680351 41.903606),65
16,,-87.668442,41.875694,,,16,POINT (-87.668442 41.875694),65
17,,-87.637482,41.901806,,,17,POINT (-87.637482 41.901806),65
18,,-87.630341,41.880196,,,18,POINT (-87.630341 41.880196),65
19,,-87.625572,41.858589,,,19,POINT (-87.625572 41.858589),65
20,,-87.717262,41.84058,,,20,POINT (-87.717262 41.84058),65
21,,-87.670822,41.854088,,,21,POINT (-87.670822 41.854088),65
22,,-87.622002,41.836079,,,22,POINT (-87.622002 41.836079),65
23,,-87.662491,41.823475,,,23,POINT (-87.662491 41.823475),64
24,,-87.713692,41.818974,,,24,POINT (-87.713692 41.818974),64
25,,-87.769661,41.789261,,,25,POINT (-87.769661 41.789261),64
26,,-87.710121,41.782059,,,26,POINT (-87.710121 41.782059),64
27,,-87.658913,41.778454,,,27,POINT (-87.658913 41.778454),64
28,,-87.613663,41.806366,,,28,POINT (-87.613663 41.806366),74
29,,-87.601761,41.76405,,,29,POINT (-87.601761 41.76405),74
30,,-87.711311,41.746941,,,30,POINT (-87.711311 41.746941),64
31,,-87.654152,41.735237,,,31,POINT (-87.654152 41.735237),64
32,,-87.677971,41.702824,,,32,POINT (-87.677971 41.702824),64
33,,-87.620811,41.674011,,,33,POINT (-87.620811 41.674011),64
34,,-87.619621,41.711826,,,34,POINT (-87.619621 41.711826),64
35,,-87.560081,41.741539,,,35,POINT (-87.560081 41.741539),74
36,,-87.556511,41.687519,,,36,POINT (-87.556511 41.687519),74
37,,-87.907791,41.981937,,,37,POINT (-87.907791 41.981937),55
38,,-88.17572,42.114288,,,38,POINT (-88.17572 42.114288),46
39,,-88.034012,42.134102,,,39,POINT (-88.034012 42.134102),46
40,,-88.093552,42.134102,,,40,POINT (-88.093552 42.134102),46
41,,-88.034012,42.090881,,,41,POINT (-88.034012 42.090881),46
42,,-88.092361,42.090881,,,42,POINT (-88.092361 42.090881),46
43,,-87.91851,42.133198,,,43,POINT (-87.91851 42.133198),56
44,,-87.97686,42.134102,,,44,POINT (-87.97686 42.134102),56
45,,-87.91851,42.090881,,,45,POINT (-87.91851 42.090881),56
46,,-87.97805,42.089081,,,46,POINT (-87.97805 42.089081),56
47,,-87.804192,42.134102,,,47,POINT (-87.804192 42.134102),66
48,,-87.861351,42.134102,,,48,POINT (-87.861351 42.134102),56
49,,-87.805382,42.090881,,,49,POINT (-87.805382 42.090881),66
50,,-87.861351,42.090881,,,50,POINT (-87.861351 42.090881),56
51,,-87.755371,42.131397,,,51,POINT (-87.755371 42.131397),66
52,,-87.698212,42.080074,,,52,POINT (-87.698212 42.080074),66
53,,-87.747032,42.089081,,,53,POINT (-87.747032 42.089081),66
54,,-88.17215,42.050365,,,54,POINT (-88.17215 42.050365),46
55,,-88.231689,42.048565,,,55,POINT (-88.231689 42.048565),36
56,,-88.17215,42.01165,,,56,POINT (-88.17215 42.01165),45
57,,-88.231689,42.01165,,,57,POINT (-88.231689 42.01165),35
58,,-88.060211,42.053066,,,58,POINT (-88.060211 42.053066),46
59,,-88.11618,42.051266,,,59,POINT (-88.11618 42.051266),46
60,,-88.060211,42.016151,,,60,POINT (-88.060211 42.016151),45
61,,-88.11618,42.014351,,,61,POINT (-88.11618 42.014351),45
62,,-87.950661,42.053967,,,62,POINT (-87.950661 42.053967),56
63,,-88.00544,42.053066,,,63,POINT (-88.00544 42.053066),46
64,,-87.950661,42.017052,,,64,POINT (-87.950661 42.017052),55
65,,-88.004242,42.016151,,,65,POINT (-88.004242 42.016151),55
66,,-87.838722,42.054867,,,66,POINT (-87.838722 42.054867),56
67,,-87.894691,42.054867,,,67,POINT (-87.894691 42.054867),56
68,,-87.838722,42.020653,,,68,POINT (-87.838722 42.020653),55
69,,-87.893501,42.019753,,,69,POINT (-87.893501 42.019753),55
70,,-87.72084,42.053967,,,70,POINT (-87.72084 42.053967),66
71,,-87.78157,42.055767,,,71,POINT (-87.78157 42.055767),66
72,,-87.723221,42.026054,,,72,POINT (-87.723221 42.026054),66
73,,-87.780373,42.026054,,,73,POINT (-87.780373 42.026054),66
74,,-87.683922,42.054867,,,74,POINT (-87.683922 42.054867),66
75,,-87.683922,42.034161,,,75,POINT (-87.683922 42.034161),66
76,,-87.87088,41.976536,,,76,POINT (-87.87088 41.976536),55
77,,-87.894691,41.932419,,,77,POINT (-87.894691 41.932419),55
78,,-87.837532,41.927917,,,78,POINT (-87.837532 41.927917),55
79,,-87.819672,41.964832,,,79,POINT (-87.819672 41.964832),55
80,,-87.833961,41.888302,,,80,POINT (-87.833961 41.888302),55
81,,-87.893501,41.887402,,,81,POINT (-87.893501 41.887402),55
82,,-87.833961,41.845982,,,82,POINT (-87.833961 41.845982),55
83,,-87.889931,41.843281,,,83,POINT (-87.889931 41.843281),55
84,,-87.793472,41.889198,,,84,POINT (-87.793472 41.889198),65
85,,-87.773232,41.845982,,,85,POINT (-87.773232 41.845982),65
86,,-87.830391,41.801865,,,86,POINT (-87.830391 41.801865),54
87,,-87.88755,41.800064,,,87,POINT (-87.88755 41.800064),54
88,,-87.830391,41.757748,,,88,POINT (-87.830391 41.757748),54
89,,-87.88755,41.755947,,,89,POINT (-87.88755 41.755947),54
90,,-87.775612,41.813568,,,90,POINT (-87.775612 41.813568),64
91,,-87.773232,41.757748,,,91,POINT (-87.773232 41.757748),64
92,,-87.969711,41.663208,,,92,POINT (-87.969711 41.663208),54
93,,-87.828011,41.714527,,,93,POINT (-87.828011 41.714527),54
94,,-87.885162,41.712727,,,94,POINT (-87.885162 41.712727),54
95,,-87.82682,41.66951,,,95,POINT (-87.82682 41.66951),54
96,,-87.882782,41.66951,,,96,POINT (-87.882782 41.66951),54
97,,-87.714882,41.722633,,,97,POINT (-87.714882 41.722633),64
98,,-87.770851,41.715431,,,98,POINT (-87.770851 41.715431),64
99,,-87.710121,41.663208,,,99,POINT (-87.710121 41.663208),64
100,,-87.769661,41.67131,,,100,POINT (-87.769661 41.67131),64
101,,-87.661301,41.660507,,,101,POINT (-87.661301 41.660507),64
102,,-87.82563,41.625393,,,102,POINT (-87.82563 41.625393),53
103,,-87.880402,41.624493,,,103,POINT (-87.880402 41.624493),53
104,,-87.822052,41.582176,,,104,POINT (-87.822052 41.582176),53
105,,-87.881592,41.581276,,,105,POINT (-87.881592 41.581276),53
106,,-87.707741,41.628094,,,106,POINT (-87.707741 41.628094),63
107,,-87.767281,41.628094,,,107,POINT (-87.767281 41.628094),63
108,,-87.706551,41.583977,,,108,POINT (-87.706551 41.583977),63
109,,-87.764893,41.582176,,,109,POINT (-87.764893 41.582176),63
110,,-87.589851,41.628094,,,110,POINT (-87.589851 41.628094),73
111,,-87.648201,41.629894,,,111,POINT (-87.648201 41.629894),63
112,,-87.588661,41.583076,,,112,POINT (-87.588661 41.583076),73
113,,-87.647011,41.583076,,,113,POINT (-87.647011 41.583076),63
114,,-87.544601,41.628094,,,114,POINT (-87.544601 41.628094),73
115,,-87.543411,41.583977,,,115,POINT (-87.543411 41.583977),73
116,,-87.70536,41.53896,,,116,POINT (-87.70536 41.53896),63
117,,-87.761322,41.53896,,,117,POINT (-87.761322 41.53896),63
118,,-87.702972,41.494839,,,118,POINT (-87.702972 41.494839),63
119,,-87.760132,41.494839,,,119,POINT (-87.760132 41.494839),63
120,,-87.588661,41.53896,,,120,POINT (-87.588661 41.53896),73
121,,-87.647011,41.53896,,,121,POINT (-87.647011 41.53896),63
122,,-87.587471,41.495739,,,122,POINT (-87.587471 41.495739),73
123,,-87.645821,41.495739,,,123,POINT (-87.645821 41.495739),63
124,,-87.542221,41.52095,,,124,POINT (-87.542221 41.52095),73
125,,-88.17453,41.969334,,,125,POINT (-88.17453 41.969334),45
126,,-88.230499,41.966633,,,126,POINT (-88.230499 41.966633),35
127,,-88.17215,41.925217,,,127,POINT (-88.17215 41.925217),45
128,,-88.231689,41.922516,,,128,POINT (-88.231689 41.922516),35
129,,-88.062592,41.970234,,,129,POINT (-88.062592 41.970234),45
130,,-88.11618,41.968433,,,130,POINT (-88.11618 41.968433),45
131,,-88.060211,41.928818,,,131,POINT (-88.060211 41.928818),45
132,,-88.11618,41.926113,,,132,POINT (-88.11618 41.926113),45
133,,-87.96257,41.972935,,,133,POINT (-87.96257 41.972935),55
134,,-88.00544,41.972935,,,134,POINT (-88.00544 41.972935),45
135,,-87.950661,41.928818,,,135,POINT (-87.950661 41.928818),55
136,,-88.00782,41.927917,,,136,POINT (-88.00782 41.927917),45
137,,-88.17453,41.879295,,,137,POINT (-88.17453 41.879295),45
138,,-88.231689,41.879295,,,138,POINT (-88.231689 41.879295),35
139,,-88.17572,41.837879,,,139,POINT (-88.17572 41.837879),45
140,,-88.230499,41.836079,,,140,POINT (-88.230499 41.836079),35
141,,-88.061401,41.883797,,,141,POINT (-88.061401 41.883797),45
142,,-88.11618,41.881996,,,142,POINT (-88.11618 41.881996),45
143,,-88.061401,41.84058,,,143,POINT (-88.061401 41.84058),45
144,,-88.11618,41.837879,,,144,POINT (-88.11618 41.837879),45
145,,-87.950661,41.886497,,,145,POINT (-87.950661 41.886497),55
146,,-88.004242,41.883797,,,146,POINT (-88.004242 41.883797),55
147,,-87.94709,41.84148,,,147,POINT (-87.94709 41.84148),55
148,,-88.00544,41.84058,,,148,POINT (-88.00544 41.84058),45
149,,-88.17453,41.792862,,,149,POINT (-88.17453 41.792862),44
150,,-88.23288,41.792862,,,150,POINT (-88.23288 41.792862),34
151,,-88.17334,41.749641,,,151,POINT (-88.17334 41.749641),44
152,,-88.231689,41.747845,,,152,POINT (-88.231689 41.747845),34
153,,-88.060211,41.794662,,,153,POINT (-88.060211 41.794662),44
154,,-88.11618,41.794662,,,154,POINT (-88.11618 41.794662),44
155,,-88.059021,41.752346,,,155,POINT (-88.059021 41.752346),44
156,,-88.11499,41.749641,,,156,POINT (-88.11499 41.749641),44
157,,-87.94709,41.796463,,,157,POINT (-87.94709 41.796463),54
158,,-88.003052,41.796463,,,158,POINT (-88.003052 41.796463),54
159,,-87.94471,41.755947,,,159,POINT (-87.94471 41.755947),54
160,,-88.001862,41.754147,,,160,POINT (-88.001862 41.754147),54
161,,-87.97448,41.71093,,,161,POINT (-87.97448 41.71093),54
162,,-88.521049,42.113392,,,162,POINT (-88.521049 42.113392),26
163,,-88.406731,42.113392,,,163,POINT (-88.406731 42.113392),26
164,,-88.26384,42.134102,,,164,POINT (-88.26384 42.134102),36
165,,-88.320999,42.135899,,,165,POINT (-88.320999 42.135899),36
166,,-88.26265,42.091782,,,166,POINT (-88.26265 42.091782),36
167,,-88.322189,42.090881,,,167,POINT (-88.322189 42.090881),36
168,,-88.5401,42.028755,,,168,POINT (-88.5401 42.028755),26
169,,-88.429359,42.028755,,,169,POINT (-88.429359 42.028755),26
170,,-88.288841,42.048565,,,170,POINT (-88.288841 42.048565),36
171,,-88.34481,42.046764,,,171,POINT (-88.34481 42.046764),36
172,,-88.290031,42.00985,,,172,POINT (-88.290031 42.00985),35
173,,-88.34481,42.00985,,,173,POINT (-88.34481 42.00985),35
174,,-88.53891,41.943222,,,174,POINT (-88.53891 41.943222),25
175,,-88.429359,41.945023,,,175,POINT (-88.429359 41.945023),25
176,,-88.286461,41.964832,,,176,POINT (-88.286461 41.964832),35
177,,-88.34481,41.965733,,,177,POINT (-88.34481 41.965733),35
178,,-88.288841,41.922516,,,178,POINT (-88.288841 41.922516),35
179,,-88.34362,41.919811,,,179,POINT (-88.34362 41.919811),35
180,,-88.5401,41.855888,,,180,POINT (-88.5401 41.855888),25
181,,-88.428169,41.858589,,,181,POINT (-88.428169 41.858589),25
182,,-88.288841,41.878395,,,182,POINT (-88.288841 41.878395),35
183,,-88.34362,41.876595,,,183,POINT (-88.34362 41.876595),35
184,,-88.287651,41.835178,,,184,POINT (-88.287651 41.835178),35
185,,-88.346001,41.834278,,,185,POINT (-88.346001 41.834278),35
186,,-88.5401,41.769451,,,186,POINT (-88.5401 41.769451),24
187,,-88.426979,41.772152,,,187,POINT (-88.426979 41.772152),24
188,,-88.287651,41.791061,,,188,POINT (-88.287651 41.791061),34
189,,-88.34243,41.790161,,,189,POINT (-88.34243 41.790161),34
190,,-88.287651,41.747845,,,190,POINT (-88.287651 41.747845),34
191,,-88.34243,41.745144,,,191,POINT (-88.34243 41.745144),34
192,,-88.16024,42.46093,,,192,POINT (-88.16024 42.46093),48
193,,-88.0364,42.478939,,,193,POINT (-88.0364 42.478939),48
194,,-88.09594,42.477139,,,194,POINT (-88.09594 42.477139),48
195,,-88.03521,42.439323,,,195,POINT (-88.03521 42.439323),48
196,,-88.091171,42.438423,,,196,POINT (-88.091171 42.438423),48
197,,-87.94709,42.46003,,,197,POINT (-87.94709 42.46003),58
198,,-87.844681,42.478039,,,198,POINT (-87.844681 42.478039),58
199,,-87.845871,42.438423,,,199,POINT (-87.845871 42.438423),58
200,,-88.15667,42.375397,,,200,POINT (-88.15667 42.375397),47
201,,-88.034012,42.394302,,,201,POINT (-88.034012 42.394302),47
202,,-88.093552,42.394302,,,202,POINT (-88.093552 42.394302),47
203,,-88.034012,42.352886,,,203,POINT (-88.034012 42.352886),47
204,,-88.093552,42.351986,,,204,POINT (-88.093552 42.351986),47
205,,-87.91613,42.392506,,,205,POINT (-87.91613 42.392506),57
206,,-87.975662,42.394302,,,206,POINT (-87.975662 42.394302),57
207,,-87.91851,42.351986,,,207,POINT (-87.91851 42.351986),57
208,,-87.97805,42.352886,,,208,POINT (-87.97805 42.352886),57
209,,-87.844681,42.395206,,,209,POINT (-87.844681 42.395206),57
210,,-87.854202,42.352886,,,210,POINT (-87.854202 42.352886),57
211,,-88.15905,42.288059,,,211,POINT (-88.15905 42.288059),47
212,,-88.03521,42.308769,,,212,POINT (-88.03521 42.308769),47
213,,-88.092361,42.308769,,,213,POINT (-88.092361 42.308769),47
214,,-88.03521,42.262852,,,214,POINT (-88.03521 42.262852),47
215,,-88.092361,42.265553,,,215,POINT (-88.092361 42.265553),47
216,,-87.919701,42.307869,,,216,POINT (-87.919701 42.307869),57
217,,-87.97686,42.306969,,,217,POINT (-87.97686 42.306969),57
218,,-87.91851,42.267353,,,218,POINT (-87.91851 42.267353),57
219,,-87.97805,42.264652,,,219,POINT (-87.97805 42.264652),57
220,,-87.861351,42.307869,,,220,POINT (-87.861351 42.307869),57
221,,-87.854202,42.262852,,,221,POINT (-87.854202 42.262852),57
222,,-88.15905,42.201626,,,222,POINT (-88.15905 42.201626),46
223,,-88.0364,42.221436,,,223,POINT (-88.0364 42.221436),47
224,,-88.092361,42.222336,,,224,POINT (-88.092361 42.222336),47
225,,-88.034012,42.179115,,,225,POINT (-88.034012 42.179115),46
226,,-88.092361,42.176414,,,226,POINT (-88.092361 42.176414),46
227,,-87.91732,42.221436,,,227,POINT (-87.91732 42.221436),57
228,,-87.97686,42.222336,,,228,POINT (-87.97686 42.222336),57
229,,-87.91851,42.180016,,,229,POINT (-87.91851 42.180016),56
230,,-87.97686,42.180016,,,230,POINT (-87.97686 42.180016),56
231,,-87.847061,42.219631,,,231,POINT (-87.847061 42.219631),57
232,,-87.804192,42.180016,,,232,POINT (-87.804192 42.180016),66
233,,-87.861351,42.177315,,,233,POINT (-87.861351 42.177315),56
234,,-88.637749,42.46003,,,234,POINT (-88.637749 42.46003),18
235,,-88.52224,42.459129,,,235,POINT (-88.52224 42.459129),28
236,,-88.409119,42.457329,,,236,POINT (-88.409119 42.457329),28
237,,-88.292419,42.458229,,,237,POINT (-88.292419 42.458229),38
238,,-88.216209,42.46093,,,238,POINT (-88.216209 42.46093),38
239,,-88.637749,42.375397,,,239,POINT (-88.637749 42.375397),17
240,,-88.52343,42.375397,,,240,POINT (-88.52343 42.375397),27
241,,-88.409119,42.375397,,,241,POINT (-88.409119 42.375397),27
242,,-88.26384,42.393402,,,242,POINT (-88.26384 42.393402),37
243,,-88.320999,42.394302,,,243,POINT (-88.320999 42.394302),37
244,,-88.26384,42.352886,,,244,POINT (-88.26384 42.352886),37
245,,-88.320999,42.351986,,,245,POINT (-88.320999 42.351986),37
246,,-88.216209,42.375397,,,246,POINT (-88.216209 42.375397),37
247,,-88.636559,42.289864,,,247,POINT (-88.636559 42.289864),17
248,,-88.52343,42.28896,,,248,POINT (-88.52343 42.28896),27
249,,-88.407921,42.288059,,,249,POINT (-88.407921 42.288059),27
250,,-88.26384,42.308769,,,250,POINT (-88.26384 42.308769),37
251,,-88.32338,42.306969,,,251,POINT (-88.32338 42.306969),37
252,,-88.26265,42.265553,,,252,POINT (-88.26265 42.265553),37
253,,-88.322189,42.261951,,,253,POINT (-88.322189 42.261951),37
254,,-88.216209,42.289864,,,254,POINT (-88.216209 42.289864),37
255,,-88.637749,42.203426,,,255,POINT (-88.637749 42.203426),16
256,,-88.52224,42.203426,,,256,POINT (-88.52224 42.203426),26
257,,-88.407921,42.203426,,,257,POINT (-88.407921 42.203426),26
258,,-88.26503,42.221436,,,258,POINT (-88.26503 42.221436),37
259,,-88.320999,42.220535,,,259,POINT (-88.320999 42.220535),37
260,,-88.26384,42.176414,,,260,POINT (-88.26384 42.176414),36
261,,-88.322189,42.176414,,,261,POINT (-88.322189 42.176414),36
262,,-88.216209,42.201626,,,262,POINT (-88.216209 42.201626),36
263,,-88.17334,41.705524,,,263,POINT (-88.17334 41.705524),44
264,,-88.230499,41.705524,,,264,POINT (-88.230499 41.705524),34
265,,-88.17334,41.661407,,,265,POINT (-88.17334 41.661407),44
266,,-88.229301,41.661407,,,266,POINT (-88.229301 41.661407),34
267,,-88.056641,41.709126,,,267,POINT (-88.056641 41.709126),44
268,,-88.11618,41.706425,,,268,POINT (-88.11618 41.706425),44
269,,-88.05545,41.664108,,,269,POINT (-88.05545 41.664108),44
270,,-88.11261,41.663208,,,270,POINT (-88.11261 41.663208),44
271,,-88.170959,41.618191,,,271,POINT (-88.170959 41.618191),43
272,,-88.226921,41.61549,,,272,POINT (-88.226921 41.61549),33
273,,-88.170959,41.574074,,,273,POINT (-88.170959 41.574074),43
274,,-88.224541,41.574074,,,274,POINT (-88.224541 41.574074),33
275,,-88.05307,41.620892,,,275,POINT (-88.05307 41.620892),43
276,,-88.11142,41.619991,,,276,POINT (-88.11142 41.619991),43
277,,-88.05307,41.577675,,,277,POINT (-88.05307 41.577675),43
278,,-88.110229,41.575874,,,278,POINT (-88.110229 41.575874),43
279,,-87.939941,41.624493,,,279,POINT (-87.939941 41.624493),53
280,,-87.995911,41.623592,,,280,POINT (-87.995911 41.623592),53
281,,-87.938751,41.579475,,,281,POINT (-87.938751 41.579475),53
282,,-87.995911,41.577675,,,282,POINT (-87.995911 41.577675),53
283,,-88.166191,41.530853,,,283,POINT (-88.166191 41.530853),43
284,,-88.223351,41.529053,,,284,POINT (-88.223351 41.529053),33
285,,-88.165001,41.488537,,,285,POINT (-88.165001 41.488537),43
286,,-88.223351,41.486736,,,286,POINT (-88.223351 41.486736),33
287,,-88.05188,41.534454,,,287,POINT (-88.05188 41.534454),43
288,,-88.109032,41.530853,,,288,POINT (-88.109032 41.530853),43
289,,-88.049492,41.489437,,,289,POINT (-88.049492 41.489437),43
290,,-88.106651,41.489437,,,290,POINT (-88.106651 41.489437),43
291,,-87.937561,41.537155,,,291,POINT (-87.937561 41.537155),53
292,,-87.99234,41.535355,,,292,POINT (-87.99234 41.535355),53
293,,-87.935181,41.493038,,,293,POINT (-87.935181 41.493038),53
294,,-87.99234,41.492138,,,294,POINT (-87.99234 41.492138),53
295,,-87.820862,41.538055,,,295,POINT (-87.820862 41.538055),53
296,,-87.878021,41.538055,,,296,POINT (-87.878021 41.538055),53
297,,-87.817291,41.494839,,,297,POINT (-87.817291 41.494839),53
298,,-87.878021,41.494839,,,298,POINT (-87.878021 41.494839),53
299,,-88.19001,41.42461,,,299,POINT (-88.19001 41.42461),42
300,,-88.076881,41.428211,,,300,POINT (-88.076881 41.428211),42
301,,-87.958992,41.429111,,,301,POINT (-87.958992 41.429111),52
302,,-87.8423,41.430012,,,302,POINT (-87.8423 41.430012),52
303,,-87.727982,41.431812,,,303,POINT (-87.727982 41.431812),62
304,,-87.587471,41.451622,,,304,POINT (-87.587471 41.451622),73
305,,-87.643433,41.452522,,,305,POINT (-87.643433 41.452522),63
306,,-87.586273,41.410206,,,306,POINT (-87.586273 41.410206),72
307,,-87.644623,41.410206,,,307,POINT (-87.644623 41.410206),62
308,,-87.541023,41.433617,,,308,POINT (-87.541023 41.433617),72
309,,-88.18644,41.338177,,,309,POINT (-88.18644 41.338177),42
310,,-88.073311,41.340878,,,310,POINT (-88.073311 41.340878),42
311,,-87.956612,41.343578,,,311,POINT (-87.956612 41.343578),52
312,,-87.84111,41.346279,,,312,POINT (-87.84111 41.346279),52
313,,-87.724411,41.347179,,,313,POINT (-87.724411 41.347179),62
314,,-87.612473,41.347179,,,314,POINT (-87.612473 41.347179),72
315,,-87.541023,41.34898,,,315,POINT (-87.541023 41.34898),72
316,,-88.184052,41.250839,,,316,POINT (-88.184052 41.250839),42
317,,-88.06855,41.253544,,,317,POINT (-88.06855 41.253544),42
318,,-88.5401,41.677612,,,318,POINT (-88.5401 41.677612),24
319,,-88.43055,41.685719,,,319,POINT (-88.43055 41.685719),24
320,,-88.31385,41.681217,,,320,POINT (-88.31385 41.681217),34
321,,-88.53772,41.588478,,,321,POINT (-88.53772 41.588478),23
322,,-88.424599,41.59478,,,322,POINT (-88.424599 41.59478),23
323,,-88.307899,41.592079,,,323,POINT (-88.307899 41.592079),33
324,,-88.535339,41.502045,,,324,POINT (-88.535339 41.502045),23
325,,-88.421021,41.502941,,,325,POINT (-88.421021 41.502941),23
326,,-88.305519,41.505646,,,326,POINT (-88.305519 41.505646),33
327,,-88.532959,41.415607,,,327,POINT (-88.532959 41.415607),22
328,,-88.41983,41.415607,,,328,POINT (-88.41983 41.415607),22
329,,-88.306709,41.421909,,,329,POINT (-88.306709 41.421909),32
330,,-88.52581,41.32917,,,330,POINT (-88.52581 41.32917),22
331,,-88.412689,41.323769,,,331,POINT (-88.412689 41.323769),22
332,,-88.301941,41.337276,,,332,POINT (-88.301941 41.337276),32
333,,-88.527,41.238235,,,333,POINT (-88.527 41.238235),21
334,,-88.412689,41.239136,,,334,POINT (-88.412689 41.239136),21
335,,-88.29837,41.245438,,,335,POINT (-88.29837 41.245438),32
336,,-88.527,41.150902,,,336,POINT (-88.527 41.150902),21
337,,-88.413879,41.152702,,,337,POINT (-88.413879 41.152702),21
338,,-88.29599,41.155403,,,338,POINT (-88.29599 41.155403),31
339,,-87.953041,41.25174,,,339,POINT (-87.953041 41.25174),52
340,,-87.831581,41.25174,,,340,POINT (-87.831581 41.25174),52
341,,-87.719643,41.25174,,,341,POINT (-87.719643 41.25174),62
342,,-87.591042,41.256245,,,342,POINT (-87.591042 41.256245),72
343,,-88.180481,41.158104,,,343,POINT (-88.180481 41.158104),41
344,,-88.06617,41.159904,,,344,POINT (-88.06617 41.159904),41
345,,-87.953041,41.12479,,,345,POINT (-87.953041 41.12479),51
346,,-87.867302,41.172508,,,346,POINT (-87.867302 41.172508),51
347,,-87.717262,41.166206,,,347,POINT (-87.717262 41.166206),61
348,,-87.588661,41.170708,,,348,POINT (-87.588661 41.170708),71
349,,-88.19001,41.052761,,,349,POINT (-88.19001 41.052761),41
350,,-88.06736,41.058163,,,350,POINT (-88.06736 41.058163),41
351,,-87.863731,41.109482,,,351,POINT (-87.863731 41.109482),51
352,,-87.78157,41.087875,,,352,POINT (-87.78157 41.087875),61
353,,-87.91851,41.040154,,,353,POINT (-87.91851 41.040154),50
354,,-87.711311,41.043755,,,354,POINT (-87.711311 41.043755),60
355,,-87.586273,41.066265,,,355,POINT (-87.586273 41.066265),71
356,,-87.480301,41.611889,,,356,POINT (-87.480301 41.611889),73
357,,-87.362411,41.592079,,,357,POINT (-87.362411 41.592079),83
358,,-87.265953,41.555164,,,358,POINT (-87.265953 41.555164),83
359,,-87.467201,41.480434,,,359,POINT (-87.467201 41.480434),73
360,,-87.315971,41.479534,,,360,POINT (-87.315971 41.479534),83
361,,-87.475533,41.396702,,,361,POINT (-87.475533 41.396702),72
362,,-87.365982,41.399403,,,362,POINT (-87.365982 41.399403),82
363,,-87.252861,41.399403,,,363,POINT (-87.252861 41.399403),82
364,,-87.469582,41.265247,,,364,POINT (-87.469582 41.265247),72
365,,-87.377892,41.267948,,,365,POINT (-87.377892 41.267948),82
366,,-87.275482,41.303062,,,366,POINT (-87.275482 41.303062),82
367,,-88.67704,41.896404,,,367,POINT (-88.67704 41.896404),15
368,,-88.772308,42.323174,,,368,POINT (-88.772308 42.323174),17
369,,-88.70562,42.544666,,,369,POINT (-88.70562 42.544666),18
370,,-88.591309,42.544666,,,370,POINT (-88.591309 42.544666),18
371,,-88.47818,42.544666,,,371,POINT (-88.47818 42.544666),28
372,,-88.3591,42.543766,,,372,POINT (-88.3591 42.543766),38
373,,-88.242401,42.543766,,,373,POINT (-88.242401 42.543766),38
374,,-88.13047,42.543766,,,374,POINT (-88.13047 42.543766),48
375,,-88.013771,42.544666,,,375,POINT (-88.013771 42.544666),48
376,,-87.88755,42.544666,,,376,POINT (-87.88755 42.544666),58
377,,-87.956612,42.688725,,,377,POINT (-87.956612 42.688725),59
378,,-88.286461,42.665314,,,378,POINT (-88.286461 42.665314),39
379,,-88.879478,42.242142,,,379,POINT (-88.879478 42.242142),7
380,,-88.769928,41.895504,,,380,POINT (-88.769928 41.895504),15
381,,-88.69133,41.356182,,,381,POINT (-88.69133 41.356182),12
382,,-88.748489,41.109482,,,382,POINT (-88.748489 41.109482),11
383,,-88.530579,41.05006,,,383,POINT (-88.530579 41.05006),20
384,,-87.920891,40.957321,,,384,POINT (-87.920891 40.957321),50
385,,-87.277863,41.146397,,,385,POINT (-87.277863 41.146397),81
386,,-87.142113,41.482235,,,386,POINT (-87.142113 41.482235),93
387,,-87.201653,41.590279,,,387,POINT (-87.201653 41.590279),93
388,,-88.521059,42.147606,,,0,POINT (-88.521059 42.147606),26
389,,-88.733022,42.288063,,,0,POINT (-88.733022 42.288063),17
390,,-88.736594,42.218735,,,0,POINT (-88.736594 42.218735),17
391,,-88.409124,42.107089,,,0,POINT (-88.409124 42.107089),26
392,,-88.32815,42.079178,,,0,POINT (-88.32815 42.079178),36
393,,-88.278136,42.066573,,,0,POINT (-88.278136 42.066573),36
394,,-88.217405,42.065673,,,0,POINT (-88.217405 42.065673),36
395,,-88.173346,42.066573,,,0,POINT (-88.173346 42.066573),46
396,,-88.107852,42.064772,,,0,POINT (-88.107852 42.064772),46
397,,-88.069746,42.063872,,,0,POINT (-88.069746 42.063872),46
398,,-88.028068,42.057569,,,0,POINT (-88.028068 42.057569),46
399,,-88.017351,42.053067,,,0,POINT (-88.017351 42.053067),46
400,,-88.03045,42.086381,,,0,POINT (-88.03045 42.086381),46
401,,-88.006634,42.1341,,,0,POINT (-88.006634 42.1341),46
402,,-88.019733,42.153909,,,0,POINT (-88.019733 42.153909),46
403,,-88.028068,42.016152,,,0,POINT (-88.028068 42.016152),45
404,,-88.022114,41.972034,,,0,POINT (-88.022114 41.972034),45
405,,-88.020923,41.958529,,,0,POINT (-88.020923 41.958529),45
406,,-88.037595,41.928817,,,0,POINT (-88.037595 41.928817),45
407,,-88.038785,41.883799,,,0,POINT (-88.038785 41.883799),45
408,,-88.032831,41.840581,,,0,POINT (-88.032831 41.840581),45
409,,-88.047121,41.81447,,,0,POINT (-88.047121 41.81447),44
410,,-88.116187,41.806367,,,0,POINT (-88.116187 41.806367),44
411,,-88.174537,41.804566,,,0,POINT (-88.174537 41.804566),44
412,,-88.231695,41.800965,,,0,POINT (-88.231695 41.800965),34
413,,-88.287663,41.798264,,,0,POINT (-88.287663 41.798264),34
414,,-88.342439,41.796463,,,0,POINT (-88.342439 41.796463),34
415,,-88.426986,41.805467,,,0,POINT (-88.426986 41.805467),24
416,,-88.540112,41.836079,,,0,POINT (-88.540112 41.836079),25
417,,-88.643712,41.86219,,,0,POINT (-88.643712 41.86219),15
418,,-87.957811,42.544668,,,0,POINT (-87.957811 42.544668),58
419,,-87.966147,42.463635,,,0,POINT (-87.966147 42.463635),58
420,,-87.951857,42.393406,,,0,POINT (-87.951857 42.393406),57
421,,-87.932804,42.351989,,,0,POINT (-87.932804 42.351989),57
422,,-87.907797,42.307871,,,0,POINT (-87.907797 42.307871),57
423,,-87.910179,42.266454,,,0,POINT (-87.910179 42.266454),57
424,,-87.899462,42.221436,,,0,POINT (-87.899462 42.221436),57
425,,-87.8816,42.178218,,,0,POINT (-87.8816 42.178218),56
426,,-87.878027,42.155709,,,0,POINT (-87.878027 42.155709),56
427,,-87.861356,42.149407,,,0,POINT (-87.861356 42.149407),56
428,,-87.798244,42.145805,,,0,POINT (-87.798244 42.145805),66
429,,-87.804198,42.154809,,,0,POINT (-87.804198 42.154809),66
430,,-87.808961,42.162912,,,0,POINT (-87.808961 42.162912),66
431,,-87.789908,42.1332,,,0,POINT (-87.789908 42.1332),66
432,,-87.763711,42.089983,,,0,POINT (-87.763711 42.089983),66
433,,-87.76252,42.054868,,,0,POINT (-87.76252 42.054868),66
434,,-87.772046,42.026056,,,0,POINT (-87.772046 42.026056),66
435,,-87.754184,41.990042,,,0,POINT (-87.754184 41.990042),65
436,,-87.749421,41.963931,,,0,POINT (-87.749421 41.963931),65
437,,-87.797053,41.982839,,,0,POINT (-87.797053 41.982839),65
438,,-87.870883,41.988241,,,0,POINT (-87.870883 41.988241),55
439,,-87.870883,42.020654,,,0,POINT (-87.870883 42.020654),55
440,,-87.870883,42.054868,,,0,POINT (-87.870883 42.054868),56
441,,-87.872073,42.090883,,,0,POINT (-87.872073 42.090883),56
442,,-87.876837,41.05276,,,0,POINT (-87.876837 41.05276),51
443,,-87.843494,41.104981,,,0,POINT (-87.843494 41.104981),51
444,,-87.850639,41.171609,,,0,POINT (-87.850639 41.171609),51
445,,-87.849448,41.251741,,,0,POINT (-87.849448 41.251741),52
446,,-87.804198,41.34628,,,0,POINT (-87.804198 41.34628),62
447,,-87.756566,41.431814,,,0,POINT (-87.756566 41.431814),62
448,,-87.743467,41.49484,,,0,POINT (-87.743467 41.49484),63
449,,-87.743467,41.538958,,,0,POINT (-87.743467 41.538958),63
450,,-87.743467,41.565969,,,0,POINT (-87.743467 41.565969),63
451,,-87.731559,41.583076,,,0,POINT (-87.731559 41.583076),63
452,,-87.707743,41.606486,,,0,POINT (-87.707743 41.606486),63
453,,-87.820869,41.553364,,,0,POINT (-87.820869 41.553364),53
454,,-87.992344,41.516449,,,0,POINT (-87.992344 41.516449),53
455,,-88.050693,41.512847,,,0,POINT (-88.050693 41.512847),43
456,,-88.107852,41.511947,,,0,POINT (-88.107852 41.511947),43
457,,-88.166201,41.495741,,,0,POINT (-88.166201 41.495741),43
458,,-88.193589,41.484936,,,0,POINT (-88.193589 41.484936),43
459,,-88.218596,41.477733,,,0,POINT (-88.218596 41.477733),33
460,,-88.306715,41.44442,,,0,POINT (-88.306715 41.44442),33
461,,-88.41746,41.389497,,,0,POINT (-88.41746 41.389497),22
462,,-88.529395,41.376892,,,0,POINT (-88.529395 41.376892),22
463,,-88.411506,41.115786,,,0,POINT (-88.411506 41.115786),21
464,,-88.348393,41.154502,,,0,POINT (-88.348393 41.154502),31
465,,-88.257893,41.247239,,,0,POINT (-88.257893 41.247239),32
466,,-88.186445,41.317468,,,0,POINT (-88.186445 41.317468),42
467,,-88.188826,41.402102,,,0,POINT (-88.188826 41.402102),42
468,,-88.184063,41.529954,,,0,POINT (-88.184063 41.529954),43
469,,-88.166201,41.574973,,,0,POINT (-88.166201 41.574973),43
470,,-88.160247,41.61819,,,0,POINT (-88.160247 41.61819),43
471,,-88.10547,41.663209,,,0,POINT (-88.10547 41.663209),44
472,,-88.056647,41.69202,,,0,POINT (-88.056647 41.69202),44
473,,-88.036404,41.709127,,,0,POINT (-88.036404 41.709127),44
474,,-88.035213,41.753245,,,0,POINT (-88.035213 41.753245),44
475,,-87.984009,41.726234,,,0,POINT (-87.984009 41.726234),54
476,,-87.957811,41.737039,,,0,POINT (-87.957811 41.737039),54
477,,-87.903034,41.76495,,,0,POINT (-87.903034 41.76495),54
478,,-87.91137,41.798264,,,0,POINT (-87.91137 41.798264),54
479,,-87.919705,41.842382,,,0,POINT (-87.919705 41.842382),55
480,,-87.923278,41.859489,,,0,POINT (-87.923278 41.859489),55
481,,-87.948285,41.86219,,,0,POINT (-87.948285 41.86219),55
482,,-87.957811,41.86219,,,0,POINT (-87.957811 41.86219),55
483,,-87.947094,41.845983,,,0,POINT (-87.947094 41.845983),55
484,,-87.892317,41.872094,,,0,POINT (-87.892317 41.872094),55
485,,-87.833968,41.872994,,,0,POINT (-87.833968 41.872994),55
486,,-87.920896,41.8874,,,0,POINT (-87.920896 41.8874),55
487,,-87.968528,41.928817,,,0,POINT (-87.968528 41.928817),55
488,,-88.006634,41.949525,,,0,POINT (-88.006634 41.949525),45
489,,-87.786336,41.872994,,,0,POINT (-87.786336 41.872994),65
490,,-87.767283,41.872094,,,0,POINT (-87.767283 41.872094),65
491,,-87.720842,41.876596,,,0,POINT (-87.720842 41.876596),65
492,,-87.669637,41.880197,,,0,POINT (-87.669637 41.880197),65
493,,-87.650585,41.877496,,,0,POINT (-87.650585 41.877496),65
494,,-87.667256,41.902706,,,0,POINT (-87.667256 41.902706),65
495,,-87.70298,41.929717,,,0,POINT (-87.70298 41.929717),65
496,,-87.735131,41.954928,,,0,POINT (-87.735131 41.954928),65
497,,-87.648203,41.856788,,,0,POINT (-87.648203 41.856788),65
498,,-87.644631,41.848684,,,0,POINT (-87.644631 41.848684),65
499,,-87.667256,41.841481,,,0,POINT (-87.667256 41.841481),65
500,,-87.714888,41.827976,,,0,POINT (-87.714888 41.827976),65
501,,-87.774428,41.809068,,,0,POINT (-87.774428 41.809068),64
502,,-87.830395,41.78836,,,0,POINT (-87.830395 41.78836),54
503,,-87.887554,41.76495,,,0,POINT (-87.887554 41.76495),54
504,,-87.887554,41.759548,,,0,POINT (-87.887554 41.759548),54
505,,-87.829205,41.741541,,,0,POINT (-87.829205 41.741541),54
506,,-87.804198,41.71453,,,0,POINT (-87.804198 41.71453),64
507,,-87.755375,41.676714,,,0,POINT (-87.755375 41.676714),64
508,,-87.681545,41.588478,,,0,POINT (-87.681545 41.588478),63
509,,-87.647012,41.578574,,,0,POINT (-87.647012 41.578574),63
510,,-87.588663,41.579475,,,0,POINT (-87.588663 41.579475),73
511,,-87.5839,41.579475,,,0,POINT (-87.5839 41.579475),73
512,,-87.543413,41.579475,,,0,POINT (-87.543413 41.579475),73
513,,-87.476728,41.574973,,,0,POINT (-87.476728 41.574973),73
514,,-87.381464,41.571371,,,0,POINT (-87.381464 41.571371),83
515,,-87.302871,41.573172,,,0,POINT (-87.302871 41.573172),83
516,,-87.323115,41.496641,,,0,POINT (-87.323115 41.496641),83
517,,-87.324305,41.399401,,,0,POINT (-87.324305 41.399401),82
518,,-87.299299,41.294959,,,0,POINT (-87.299299 41.294959),82
519,,-87.579137,41.500242,,,0,POINT (-87.579137 41.500242),73
520,,-87.576755,41.490338,,,0,POINT (-87.576755 41.490338),73
521,,-87.582709,41.537157,,,0,POINT (-87.582709 41.537157),73
522,,-87.581518,41.6425,,,0,POINT (-87.581518 41.6425),74
523,,-87.627959,41.719031,,,0,POINT (-87.627959 41.719031),64
524,,-87.664874,41.671312,,,0,POINT (-87.664874 41.671312),64
525,,-87.677973,41.628995,,,0,POINT (-87.677973 41.628995),63
526,,-87.518406,41.659607,,,0,POINT (-87.518406 41.659607),74
527,,-87.433859,41.612788,,,0,POINT (-87.433859 41.612788),73
528,,-87.610097,41.765851,,,0,POINT (-87.610097 41.765851),74
529,,-87.630341,41.777555,,,0,POINT (-87.630341 41.777555),64
530,,-87.627959,41.749644,,,0,POINT (-87.627959 41.749644),64
531,,-87.635104,41.793762,,,0,POINT (-87.635104 41.793762),64
532,,-87.635104,41.81447,,,0,POINT (-87.635104 41.81447),64
533,,-87.633913,41.832478,,,0,POINT (-87.633913 41.832478),65
534,,-87.308825,41.594781,,,0,POINT (-87.308825 41.594781),83
535,,-87.922087,41.891001,,,0,POINT (-87.922087 41.891001),55
536,,-87.898271,42.006248,,,0,POINT (-87.898271 42.006248),55
537,,-87.950666,42.024256,,,0,POINT (-87.950666 42.024256),56
538,,-88.055457,41.794662,,,0,POINT (-88.055457 41.794662),44
539,,-88.005443,41.835179,,,0,POINT (-88.005443 41.835179),45
540,,-87.898271,41.980138,,,0,POINT (-87.898271 41.980138),55
541,,-87.525551,41.656006,,,0,POINT (-87.525551 41.656006),74
542,,-87.432668,41.603785,,,0,POINT (-87.432668 41.603785),73
543,,-87.362411,41.610987,,,0,POINT (-87.362411 41.610987),83
544,,-87.302871,41.56867,,,0,POINT (-87.302871 41.56867),83
545,,-87.62915,41.719031,,,0,POINT (-87.62915 41.719031),64
546,,-87.461247,41.656006,,,0,POINT (-87.461247 41.656006),74
547,,-87.663683,42.020654,,,0,POINT (-87.663683 42.020654),65
548,,-87.687499,42.012551,,,0,POINT (-87.687499 42.012551),65
549,,-87.652966,41.98644,,,0,POINT (-87.652966 41.98644),65
550,,-87.677973,41.972935,,,0,POINT (-87.677973 41.972935),65
551,,-87.641058,41.941422,,,0,POINT (-87.641058 41.941422),65
552,,-87.731559,41.999045,,,0,POINT (-87.731559 41.999045),65
553,,-87.713697,41.969333,,,0,POINT (-87.713697 41.969333),65
554,,-87.787527,41.996344,,,0,POINT (-87.787527 41.996344),65
555,,-87.810152,41.957629,,,0,POINT (-87.810152 41.957629),55
556,,-87.751803,41.947725,,,0,POINT (-87.751803 41.947725),65
557,,-87.749421,41.905407,,,0,POINT (-87.749421 41.905407),65
558,,-87.713697,41.91081,,,0,POINT (-87.713697 41.91081),65
559,,-87.707743,41.881097,,,0,POINT (-87.707743 41.881097),65
560,,-87.701789,41.938721,,,0,POINT (-87.701789 41.938721),65
561,,-87.668447,41.91261,,,0,POINT (-87.668447 41.91261),65
562,,-87.656539,41.884699,,,0,POINT (-87.656539 41.884699),65
563,,-87.625578,41.91081,,,0,POINT (-87.625578 41.91081),65
564,,-87.618433,41.889201,,,0,POINT (-87.618433 41.889201),65
565,,-87.61367,41.867592,,,0,POINT (-87.61367 41.867592),75
566,,-87.705361,41.849585,,,0,POINT (-87.705361 41.849585),65
567,,-87.65892,41.86309,,,0,POINT (-87.65892 41.86309),65
568,,-87.610097,41.845083,,,0,POINT (-87.610097 41.845083),75
569,,-87.650585,41.832478,,,0,POINT (-87.650585 41.832478),65
570,,-87.701789,41.827976,,,0,POINT (-87.701789 41.827976),65
571,,-87.757757,41.798264,,,0,POINT (-87.757757 41.798264),64
572,,-87.698217,41.791061,,,0,POINT (-87.698217 41.791061),64
573,,-87.647012,41.787459,,,0,POINT (-87.647012 41.787459),64
574,,-87.601762,41.815371,,,0,POINT (-87.601762 41.815371),74
575,,-87.589854,41.773053,,,0,POINT (-87.589854 41.773053),74
576,,-87.699407,41.755946,,,0,POINT (-87.699407 41.755946),64
577,,-87.642249,41.744242,,,0,POINT (-87.642249 41.744242),64
578,,-87.666065,41.711829,,,0,POINT (-87.666065 41.711829),64
579,,-87.608907,41.683017,,,0,POINT (-87.608907 41.683017),74
580,,-87.607716,41.720832,,,0,POINT (-87.607716 41.720832),74
581,,-87.548176,41.750544,,,0,POINT (-87.548176 41.750544),74
582,,-87.544603,41.696522,,,0,POINT (-87.544603 41.696522),74
583,,-87.895889,41.990942,,,0,POINT (-87.895889 41.990942),55
584,,-88.163819,42.123296,,,0,POINT (-88.163819 42.123296),46
585,,-88.022114,42.143104,,,0,POINT (-88.022114 42.143104),46
586,,-88.081654,42.143104,,,0,POINT (-88.081654 42.143104),46
587,,-88.022114,42.099887,,,0,POINT (-88.022114 42.099887),46
588,,-88.080463,42.099887,,,0,POINT (-88.080463 42.099887),46
589,,-87.906607,42.142204,,,0,POINT (-87.906607 42.142204),56
590,,-87.964956,42.143104,,,0,POINT (-87.964956 42.143104),56
591,,-87.906607,42.099887,,,0,POINT (-87.906607 42.099887),56
592,,-87.966147,42.098086,,,0,POINT (-87.966147 42.098086),56
593,,-87.79229,42.143104,,,0,POINT (-87.79229 42.143104),66
594,,-87.849448,42.143104,,,0,POINT (-87.849448 42.143104),56
595,,-87.793481,42.099887,,,0,POINT (-87.793481 42.099887),66
596,,-87.849448,42.099887,,,0,POINT (-87.849448 42.099887),56
597,,-87.743467,42.140403,,,0,POINT (-87.743467 42.140403),66
598,,-87.686309,42.089082,,,0,POINT (-87.686309 42.089082),66
599,,-87.735131,42.098086,,,0,POINT (-87.735131 42.098086),66
600,,-88.160247,42.05937,,,0,POINT (-88.160247 42.05937),46
601,,-88.219787,42.057569,,,0,POINT (-88.219787 42.057569),36
602,,-88.160247,42.020654,,,0,POINT (-88.160247 42.020654),45
603,,-88.219787,42.020654,,,0,POINT (-88.219787 42.020654),35
604,,-88.048312,42.062071,,,0,POINT (-88.048312 42.062071),46
605,,-88.104279,42.06027,,,0,POINT (-88.104279 42.06027),46
606,,-88.048312,42.025156,,,0,POINT (-88.048312 42.025156),46
607,,-88.104279,42.023355,,,0,POINT (-88.104279 42.023355),46
608,,-87.938758,42.062972,,,0,POINT (-87.938758 42.062972),56
609,,-87.993535,42.062071,,,0,POINT (-87.993535 42.062071),56
610,,-87.938758,42.026056,,,0,POINT (-87.938758 42.026056),56
611,,-87.992344,42.025156,,,0,POINT (-87.992344 42.025156),56
612,,-87.826823,42.063872,,,0,POINT (-87.826823 42.063872),56
613,,-87.882791,42.063872,,,0,POINT (-87.882791 42.063872),56
614,,-87.826823,42.029658,,,0,POINT (-87.826823 42.029658),56
615,,-87.8816,42.028758,,,0,POINT (-87.8816 42.028758),56
616,,-87.708934,42.062972,,,0,POINT (-87.708934 42.062972),66
617,,-87.769665,42.064772,,,0,POINT (-87.769665 42.064772),66
618,,-87.711315,42.03506,,,0,POINT (-87.711315 42.03506),66
619,,-87.768474,42.03506,,,0,POINT (-87.768474 42.03506),66
620,,-87.672019,42.063872,,,0,POINT (-87.672019 42.063872),66
621,,-87.672019,42.043163,,,0,POINT (-87.672019 42.043163),66
622,,-87.858975,41.98554,,,0,POINT (-87.858975 41.98554),55
623,,-87.882791,41.941422,,,0,POINT (-87.882791 41.941422),55
624,,-87.825632,41.93692,,,0,POINT (-87.825632 41.93692),55
625,,-87.80777,41.973835,,,0,POINT (-87.80777 41.973835),65
626,,-87.82206,41.897304,,,0,POINT (-87.82206 41.897304),55
627,,-87.8816,41.896404,,,0,POINT (-87.8816 41.896404),55
628,,-87.82206,41.854987,,,0,POINT (-87.82206 41.854987),55
629,,-87.878027,41.852286,,,0,POINT (-87.878027 41.852286),55
630,,-87.781573,41.898204,,,0,POINT (-87.781573 41.898204),65
631,,-87.761329,41.854987,,,0,POINT (-87.761329 41.854987),65
632,,-87.818487,41.810869,,,0,POINT (-87.818487 41.810869),54
633,,-87.875646,41.809068,,,0,POINT (-87.875646 41.809068),54
634,,-87.818487,41.766751,,,0,POINT (-87.818487 41.766751),54
635,,-87.875646,41.76495,,,0,POINT (-87.875646 41.76495),54
636,,-87.763711,41.822574,,,0,POINT (-87.763711 41.822574),64
637,,-87.761329,41.766751,,,0,POINT (-87.761329 41.766751),64
638,,-87.957811,41.672212,,,0,POINT (-87.957811 41.672212),54
639,,-87.816106,41.723533,,,0,POINT (-87.816106 41.723533),54
640,,-87.873264,41.721733,,,0,POINT (-87.873264 41.721733),54
641,,-87.814915,41.678515,,,0,POINT (-87.814915 41.678515),54
642,,-87.870883,41.678515,,,0,POINT (-87.870883 41.678515),54
643,,-87.70298,41.731637,,,0,POINT (-87.70298 41.731637),64
644,,-87.758947,41.724434,,,0,POINT (-87.758947 41.724434),64
645,,-87.698217,41.672212,,,0,POINT (-87.698217 41.672212),64
646,,-87.757757,41.680316,,,0,POINT (-87.757757 41.680316),64
647,,-87.649394,41.669511,,,0,POINT (-87.649394 41.669511),64
648,,-87.813724,41.634397,,,0,POINT (-87.813724 41.634397),54
649,,-87.868501,41.633497,,,0,POINT (-87.868501 41.633497),54
650,,-87.810152,41.591179,,,0,POINT (-87.810152 41.591179),53
651,,-87.869692,41.590279,,,0,POINT (-87.869692 41.590279),53
652,,-87.695835,41.637098,,,0,POINT (-87.695835 41.637098),64
653,,-87.755375,41.637098,,,0,POINT (-87.755375 41.637098),64
654,,-87.694644,41.59298,,,0,POINT (-87.694644 41.59298),63
655,,-87.752993,41.591179,,,0,POINT (-87.752993 41.591179),63
656,,-87.577946,41.637098,,,0,POINT (-87.577946 41.637098),74
657,,-87.636295,41.638899,,,0,POINT (-87.636295 41.638899),64
658,,-87.576755,41.59208,,,0,POINT (-87.576755 41.59208),73
659,,-87.635104,41.59208,,,0,POINT (-87.635104 41.59208),63
660,,-87.532695,41.637098,,,0,POINT (-87.532695 41.637098),74
661,,-87.531505,41.59298,,,0,POINT (-87.531505 41.59298),73
662,,-87.693453,41.547962,,,0,POINT (-87.693453 41.547962),63
663,,-87.749421,41.547962,,,0,POINT (-87.749421 41.547962),63
664,,-87.691072,41.503844,,,0,POINT (-87.691072 41.503844),63
665,,-87.74823,41.503844,,,0,POINT (-87.74823 41.503844),63
666,,-87.576755,41.547962,,,0,POINT (-87.576755 41.547962),73
667,,-87.635104,41.547962,,,0,POINT (-87.635104 41.547962),63
668,,-87.575564,41.504744,,,0,POINT (-87.575564 41.504744),73
669,,-87.633913,41.504744,,,0,POINT (-87.633913 41.504744),63
670,,-87.530314,41.529954,,,0,POINT (-87.530314 41.529954),73
671,,-88.162629,41.978337,,,0,POINT (-88.162629 41.978337),45
672,,-88.218596,41.975636,,,0,POINT (-88.218596 41.975636),35
673,,-88.160247,41.934219,,,0,POINT (-88.160247 41.934219),45
674,,-88.219787,41.931518,,,0,POINT (-88.219787 41.931518),35
675,,-88.050693,41.979237,,,0,POINT (-88.050693 41.979237),45
676,,-88.104279,41.977437,,,0,POINT (-88.104279 41.977437),45
677,,-88.048312,41.937821,,,0,POINT (-88.048312 41.937821),45
678,,-88.104279,41.935119,,,0,POINT (-88.104279 41.935119),45
679,,-87.950666,41.981939,,,0,POINT (-87.950666 41.981939),55
680,,-87.993535,41.981939,,,0,POINT (-87.993535 41.981939),55
681,,-87.938758,41.937821,,,0,POINT (-87.938758 41.937821),55
682,,-87.995917,41.93692,,,0,POINT (-87.995917 41.93692),55
683,,-88.162629,41.8883,,,0,POINT (-88.162629 41.8883),45
684,,-88.219787,41.8883,,,0,POINT (-88.219787 41.8883),35
685,,-88.163819,41.846884,,,0,POINT (-88.163819 41.846884),45
686,,-88.218596,41.845083,,,0,POINT (-88.218596 41.845083),35
687,,-88.049503,41.892802,,,0,POINT (-88.049503 41.892802),45
688,,-88.104279,41.891001,,,0,POINT (-88.104279 41.891001),45
689,,-88.049503,41.849585,,,0,POINT (-88.049503 41.849585),45
690,,-88.104279,41.846884,,,0,POINT (-88.104279 41.846884),45
691,,-87.938758,41.895503,,,0,POINT (-87.938758 41.895503),55
692,,-87.992344,41.892802,,,0,POINT (-87.992344 41.892802),55
693,,-87.935186,41.850485,,,0,POINT (-87.935186 41.850485),55
694,,-87.993535,41.849585,,,0,POINT (-87.993535 41.849585),55
695,,-88.162629,41.801865,,,0,POINT (-88.162629 41.801865),44
696,,-88.220978,41.801865,,,0,POINT (-88.220978 41.801865),34
697,,-88.161438,41.758648,,,0,POINT (-88.161438 41.758648),44
698,,-88.219787,41.756847,,,0,POINT (-88.219787 41.756847),34
699,,-88.048312,41.803666,,,0,POINT (-88.048312 41.803666),44
700,,-88.104279,41.803666,,,0,POINT (-88.104279 41.803666),44
701,,-88.047121,41.761349,,,0,POINT (-88.047121 41.761349),44
702,,-88.103089,41.758648,,,0,POINT (-88.103089 41.758648),44
703,,-87.935186,41.805467,,,0,POINT (-87.935186 41.805467),54
704,,-87.991153,41.805467,,,0,POINT (-87.991153 41.805467),54
705,,-87.932804,41.76495,,,0,POINT (-87.932804 41.76495),54
706,,-87.989963,41.763149,,,0,POINT (-87.989963 41.763149),54
707,,-87.962574,41.719932,,,0,POINT (-87.962574 41.719932),54
708,,-88.509151,42.122396,,,0,POINT (-88.509151 42.122396),26
709,,-88.394835,42.122396,,,0,POINT (-88.394835 42.122396),26
710,,-88.251939,42.143104,,,0,POINT (-88.251939 42.143104),36
711,,-88.309097,42.144905,,,0,POINT (-88.309097 42.144905),36
712,,-88.250748,42.100787,,,0,POINT (-88.250748 42.100787),36
713,,-88.310288,42.099887,,,0,POINT (-88.310288 42.099887),36
714,,-88.528204,42.037761,,,0,POINT (-88.528204 42.037761),26
715,,-88.41746,42.037761,,,0,POINT (-88.41746 42.037761),26
716,,-88.276945,42.057569,,,0,POINT (-88.276945 42.057569),36
717,,-88.332913,42.055769,,,0,POINT (-88.332913 42.055769),36
718,,-88.278136,42.018854,,,0,POINT (-88.278136 42.018854),35
719,,-88.332913,42.018854,,,0,POINT (-88.332913 42.018854),35
720,,-88.527013,41.952226,,,0,POINT (-88.527013 41.952226),25
721,,-88.41746,41.954027,,,0,POINT (-88.41746 41.954027),25
722,,-88.274564,41.973835,,,0,POINT (-88.274564 41.973835),35
723,,-88.332913,41.974736,,,0,POINT (-88.332913 41.974736),35
724,,-88.276945,41.931518,,,0,POINT (-88.276945 41.931518),35
725,,-88.331722,41.928817,,,0,POINT (-88.331722 41.928817),35
726,,-88.528204,41.864891,,,0,POINT (-88.528204 41.864891),25
727,,-88.416269,41.867592,,,0,POINT (-88.416269 41.867592),25
728,,-88.276945,41.8874,,,0,POINT (-88.276945 41.8874),35
729,,-88.331722,41.885599,,,0,POINT (-88.331722 41.885599),35
730,,-88.275755,41.844182,,,0,POINT (-88.275755 41.844182),35
731,,-88.334104,41.843282,,,0,POINT (-88.334104 41.843282),35
732,,-88.528204,41.778456,,,0,POINT (-88.528204 41.778456),24
733,,-88.415078,41.781157,,,0,POINT (-88.415078 41.781157),24
734,,-88.275755,41.800064,,,0,POINT (-88.275755 41.800064),34
735,,-88.330531,41.799164,,,0,POINT (-88.330531 41.799164),34
736,,-88.275755,41.756847,,,0,POINT (-88.275755 41.756847),34
737,,-88.330531,41.754146,,,0,POINT (-88.330531 41.754146),34
738,,-88.148339,42.469937,,,0,POINT (-88.148339 42.469937),48
739,,-88.024496,42.487945,,,0,POINT (-88.024496 42.487945),48
740,,-88.084036,42.486144,,,0,POINT (-88.084036 42.486144),48
741,,-88.023305,42.448328,,,0,POINT (-88.023305 42.448328),48
742,,-88.079273,42.447428,,,0,POINT (-88.079273 42.447428),48
743,,-87.935186,42.469037,,,0,POINT (-87.935186 42.469037),58
744,,-87.832777,42.487044,,,0,POINT (-87.832777 42.487044),58
745,,-87.833968,42.447428,,,0,POINT (-87.833968 42.447428),58
746,,-88.144767,42.384402,,,0,POINT (-88.144767 42.384402),47
747,,-88.022114,42.40331,,,0,POINT (-88.022114 42.40331),47
748,,-88.081654,42.40331,,,0,POINT (-88.081654 42.40331),47
749,,-88.022114,42.361893,,,0,POINT (-88.022114 42.361893),47
750,,-88.081654,42.360993,,,0,POINT (-88.081654 42.360993),47
751,,-87.904225,42.401509,,,0,POINT (-87.904225 42.401509),57
752,,-87.963765,42.40331,,,0,POINT (-87.963765 42.40331),57
753,,-87.906607,42.360993,,,0,POINT (-87.906607 42.360993),57
754,,-87.966147,42.361893,,,0,POINT (-87.966147 42.361893),57
755,,-87.832777,42.40421,,,0,POINT (-87.832777 42.40421),57
756,,-87.842303,42.361893,,,0,POINT (-87.842303 42.361893),57
757,,-88.147148,42.297067,,,0,POINT (-88.147148 42.297067),47
758,,-88.023305,42.317775,,,0,POINT (-88.023305 42.317775),47
759,,-88.080463,42.317775,,,0,POINT (-88.080463 42.317775),47
760,,-88.023305,42.271857,,,0,POINT (-88.023305 42.271857),47
761,,-88.080463,42.274558,,,0,POINT (-88.080463 42.274558),47
762,,-87.907797,42.316875,,,0,POINT (-87.907797 42.316875),57
763,,-87.964956,42.315975,,,0,POINT (-87.964956 42.315975),57
764,,-87.906607,42.276358,,,0,POINT (-87.906607 42.276358),57
765,,-87.966147,42.273657,,,0,POINT (-87.966147 42.273657),57
766,,-87.849448,42.316875,,,0,POINT (-87.849448 42.316875),57
767,,-87.842303,42.271857,,,0,POINT (-87.842303 42.271857),57
768,,-88.147148,42.210632,,,0,POINT (-88.147148 42.210632),46
769,,-88.024496,42.23044,,,0,POINT (-88.024496 42.23044),47
770,,-88.080463,42.23134,,,0,POINT (-88.080463 42.23134),47
771,,-88.022114,42.188122,,,0,POINT (-88.022114 42.188122),46
772,,-88.080463,42.185421,,,0,POINT (-88.080463 42.185421),46
773,,-87.905416,42.23044,,,0,POINT (-87.905416 42.23044),57
774,,-87.964956,42.23134,,,0,POINT (-87.964956 42.23134),57
775,,-87.906607,42.189023,,,0,POINT (-87.906607 42.189023),56
776,,-87.964956,42.189023,,,0,POINT (-87.964956 42.189023),56
777,,-87.835159,42.228639,,,0,POINT (-87.835159 42.228639),57
778,,-87.79229,42.189023,,,0,POINT (-87.79229 42.189023),66
779,,-87.849448,42.186322,,,0,POINT (-87.849448 42.186322),56
780,,-88.62585,42.469037,,,0,POINT (-88.62585 42.469037),18
781,,-88.510342,42.468137,,,0,POINT (-88.510342 42.468137),28
782,,-88.397216,42.466336,,,0,POINT (-88.397216 42.466336),28
783,,-88.280518,42.467236,,,0,POINT (-88.280518 42.467236),38
784,,-88.204307,42.469937,,,0,POINT (-88.204307 42.469937),38
785,,-88.62585,42.384402,,,0,POINT (-88.62585 42.384402),17
786,,-88.511533,42.384402,,,0,POINT (-88.511533 42.384402),27
787,,-88.397216,42.384402,,,0,POINT (-88.397216 42.384402),27
788,,-88.251939,42.40241,,,0,POINT (-88.251939 42.40241),37
789,,-88.309097,42.40331,,,0,POINT (-88.309097 42.40331),37
790,,-88.251939,42.361893,,,0,POINT (-88.251939 42.361893),37
791,,-88.309097,42.360993,,,0,POINT (-88.309097 42.360993),37
792,,-88.204307,42.384402,,,0,POINT (-88.204307 42.384402),37
793,,-88.624659,42.298868,,,0,POINT (-88.624659 42.298868),17
794,,-88.511533,42.297967,,,0,POINT (-88.511533 42.297967),27
795,,-88.396025,42.297067,,,0,POINT (-88.396025 42.297067),27
796,,-88.251939,42.317775,,,0,POINT (-88.251939 42.317775),37
797,,-88.311479,42.315975,,,0,POINT (-88.311479 42.315975),37
798,,-88.250748,42.274558,,,0,POINT (-88.250748 42.274558),37
799,,-88.310288,42.270956,,,0,POINT (-88.310288 42.270956),37
800,,-88.204307,42.298868,,,0,POINT (-88.204307 42.298868),37
801,,-88.62585,42.212432,,,0,POINT (-88.62585 42.212432),16
802,,-88.510342,42.212432,,,0,POINT (-88.510342 42.212432),26
803,,-88.396025,42.212432,,,0,POINT (-88.396025 42.212432),26
804,,-88.253129,42.23044,,,0,POINT (-88.253129 42.23044),37
805,,-88.309097,42.229539,,,0,POINT (-88.309097 42.229539),37
806,,-88.251939,42.185421,,,0,POINT (-88.251939 42.185421),36
807,,-88.310288,42.185421,,,0,POINT (-88.310288 42.185421),36
808,,-88.204307,42.210632,,,0,POINT (-88.204307 42.210632),36
809,,-88.161438,41.71453,,,0,POINT (-88.161438 41.71453),44
810,,-88.218596,41.71453,,,0,POINT (-88.218596 41.71453),34
811,,-88.161438,41.670412,,,0,POINT (-88.161438 41.670412),44
812,,-88.217405,41.670412,,,0,POINT (-88.217405 41.670412),34
813,,-88.044739,41.718131,,,0,POINT (-88.044739 41.718131),44
814,,-88.104279,41.71543,,,0,POINT (-88.104279 41.71543),44
815,,-88.043549,41.673113,,,0,POINT (-88.043549 41.673113),44
816,,-88.100707,41.672212,,,0,POINT (-88.100707 41.672212),44
817,,-88.159056,41.627194,,,0,POINT (-88.159056 41.627194),43
818,,-88.215024,41.624493,,,0,POINT (-88.215024 41.624493),33
819,,-88.159056,41.583076,,,0,POINT (-88.159056 41.583076),43
820,,-88.212642,41.583076,,,0,POINT (-88.212642 41.583076),33
821,,-88.041167,41.629895,,,0,POINT (-88.041167 41.629895),43
822,,-88.099516,41.628995,,,0,POINT (-88.099516 41.628995),43
823,,-88.041167,41.586678,,,0,POINT (-88.041167 41.586678),43
824,,-88.098325,41.584877,,,0,POINT (-88.098325 41.584877),43
825,,-87.928041,41.633497,,,0,POINT (-87.928041 41.633497),54
826,,-87.984009,41.632596,,,0,POINT (-87.984009 41.632596),53
827,,-87.92685,41.588478,,,0,POINT (-87.92685 41.588478),53
828,,-87.984009,41.586678,,,0,POINT (-87.984009 41.586678),53
829,,-88.154293,41.539858,,,0,POINT (-88.154293 41.539858),43
830,,-88.211451,41.538058,,,0,POINT (-88.211451 41.538058),33
831,,-88.153102,41.497541,,,0,POINT (-88.153102 41.497541),43
832,,-88.211451,41.495741,,,0,POINT (-88.211451 41.495741),33
833,,-88.039976,41.54346,,,0,POINT (-88.039976 41.54346),43
834,,-88.097135,41.539858,,,0,POINT (-88.097135 41.539858),43
835,,-88.037595,41.498442,,,0,POINT (-88.037595 41.498442),43
836,,-88.094753,41.498442,,,0,POINT (-88.094753 41.498442),43
837,,-87.925659,41.546161,,,0,POINT (-87.925659 41.546161),53
838,,-87.980436,41.54436,,,0,POINT (-87.980436 41.54436),53
839,,-87.923278,41.502043,,,0,POINT (-87.923278 41.502043),53
840,,-87.980436,41.501143,,,0,POINT (-87.980436 41.501143),53
841,,-87.808961,41.547061,,,0,POINT (-87.808961 41.547061),63
842,,-87.866119,41.547061,,,0,POINT (-87.866119 41.547061),53
843,,-87.805389,41.503844,,,0,POINT (-87.805389 41.503844),63
844,,-87.866119,41.503844,,,0,POINT (-87.866119 41.503844),53
845,,-88.178109,41.433615,,,0,POINT (-88.178109 41.433615),42
846,,-88.064983,41.437217,,,0,POINT (-88.064983 41.437217),42
847,,-87.947094,41.438117,,,0,POINT (-87.947094 41.438117),52
848,,-87.830395,41.439017,,,0,POINT (-87.830395 41.439017),52
849,,-87.716079,41.440818,,,0,POINT (-87.716079 41.440818),63
850,,-87.575564,41.460626,,,0,POINT (-87.575564 41.460626),73
851,,-87.631532,41.461527,,,0,POINT (-87.631532 41.461527),63
852,,-87.574373,41.419209,,,0,POINT (-87.574373 41.419209),72
853,,-87.632723,41.419209,,,0,POINT (-87.632723 41.419209),62
854,,-87.529123,41.442619,,,0,POINT (-87.529123 41.442619),73
855,,-88.174537,41.34718,,,0,POINT (-88.174537 41.34718),42
856,,-88.061411,41.349881,,,0,POINT (-88.061411 41.349881),42
857,,-87.944712,41.352582,,,0,POINT (-87.944712 41.352582),52
858,,-87.829205,41.355283,,,0,POINT (-87.829205 41.355283),52
859,,-87.712506,41.356184,,,0,POINT (-87.712506 41.356184),62
860,,-87.600571,41.356184,,,0,POINT (-87.600571 41.356184),72
861,,-87.529123,41.357984,,,0,POINT (-87.529123 41.357984),72
862,,-88.172155,41.259844,,,0,POINT (-88.172155 41.259844),42
863,,-88.056647,41.262546,,,0,POINT (-88.056647 41.262546),42
864,,-88.528204,41.686618,,,0,POINT (-88.528204 41.686618),24
865,,-88.418651,41.694722,,,0,POINT (-88.418651 41.694722),24
866,,-88.301952,41.69022,,,0,POINT (-88.301952 41.69022),34
867,,-88.525823,41.597482,,,0,POINT (-88.525823 41.597482),23
868,,-88.412697,41.603785,,,0,POINT (-88.412697 41.603785),23
869,,-88.295998,41.601083,,,0,POINT (-88.295998 41.601083),33
870,,-88.523441,41.511047,,,0,POINT (-88.523441 41.511047),23
871,,-88.409124,41.511947,,,0,POINT (-88.409124 41.511947),23
872,,-88.293617,41.514648,,,0,POINT (-88.293617 41.514648),33
873,,-88.521059,41.424612,,,0,POINT (-88.521059 41.424612),22
874,,-88.407933,41.424612,,,0,POINT (-88.407933 41.424612),22
875,,-88.294807,41.430914,,,0,POINT (-88.294807 41.430914),32
876,,-88.513915,41.338176,,,0,POINT (-88.513915 41.338176),22
877,,-88.400789,41.332774,,,0,POINT (-88.400789 41.332774),22
878,,-88.290044,41.34628,,,0,POINT (-88.290044 41.34628),32
879,,-88.515105,41.247239,,,0,POINT (-88.515105 41.247239),22
880,,-88.400789,41.24814,,,0,POINT (-88.400789 41.24814),22
881,,-88.286472,41.254442,,,0,POINT (-88.286472 41.254442),32
882,,-88.515105,41.159904,,,0,POINT (-88.515105 41.159904),21
883,,-88.401979,41.161704,,,0,POINT (-88.401979 41.161704),21
884,,-88.28409,41.164406,,,0,POINT (-88.28409 41.164406),31
885,,-87.94114,41.260745,,,0,POINT (-87.94114 41.260745),52
886,,-87.819678,41.260745,,,0,POINT (-87.819678 41.260745),52
887,,-87.707743,41.260745,,,0,POINT (-87.707743 41.260745),62
888,,-87.579137,41.265247,,,0,POINT (-87.579137 41.265247),72
889,,-88.168583,41.167107,,,0,POINT (-88.168583 41.167107),41
890,,-88.054266,41.168907,,,0,POINT (-88.054266 41.168907),41
891,,-87.94114,41.133793,,,0,POINT (-87.94114 41.133793),51
892,,-87.855402,41.181513,,,0,POINT (-87.855402 41.181513),51
893,,-87.705361,41.17521,,,0,POINT (-87.705361 41.17521),61
894,,-87.576755,41.179712,,,0,POINT (-87.576755 41.179712),71
895,,-88.178109,41.061764,,,0,POINT (-88.178109 41.061764),41
896,,-88.055457,41.067166,,,0,POINT (-88.055457 41.067166),41
897,,-87.85183,41.118487,,,0,POINT (-87.85183 41.118487),51
898,,-87.769665,41.096878,,,0,POINT (-87.769665 41.096878),61
899,,-87.906607,41.049159,,,0,POINT (-87.906607 41.049159),50
900,,-87.699407,41.05276,,,0,POINT (-87.699407 41.05276),61
901,,-87.574373,41.075269,,,0,POINT (-87.574373 41.075269),71
902,,-87.468392,41.620891,,,0,POINT (-87.468392 41.620891),73
903,,-87.350503,41.601083,,,0,POINT (-87.350503 41.601083),83
904,,-87.254048,41.564168,,,0,POINT (-87.254048 41.564168),83
905,,-87.455293,41.489438,,,0,POINT (-87.455293 41.489438),73
906,,-87.304062,41.488538,,,0,POINT (-87.304062 41.488538),83
907,,-87.463629,41.405704,,,0,POINT (-87.463629 41.405704),72
908,,-87.354075,41.408405,,,0,POINT (-87.354075 41.408405),82
909,,-87.240949,41.408405,,,0,POINT (-87.240949 41.408405),82
910,,-87.457675,41.27425,,,0,POINT (-87.457675 41.27425),72
911,,-87.365983,41.276951,,,0,POINT (-87.365983 41.276951),82
912,,-87.263575,41.312066,,,0,POINT (-87.263575 41.312066),82
913,,-88.665146,41.905407,,,0,POINT (-88.665146 41.905407),15
914,,-88.76041,42.332181,,,0,POINT (-88.76041 42.332181),17
915,,-88.693725,42.553671,,,0,POINT (-88.693725 42.553671),18
916,,-88.579409,42.553671,,,0,POINT (-88.579409 42.553671),28
917,,-88.466283,42.553671,,,0,POINT (-88.466283 42.553671),28
918,,-88.347203,42.552771,,,0,POINT (-88.347203 42.552771),38
919,,-88.230504,42.552771,,,0,POINT (-88.230504 42.552771),38
920,,-88.118569,42.552771,,,0,POINT (-88.118569 42.552771),48
921,,-88.001871,42.553671,,,0,POINT (-88.001871 42.553671),58
922,,-87.875646,42.553671,,,0,POINT (-87.875646 42.553671),58
923,,-87.944712,42.69773,,,0,POINT (-87.944712 42.69773),59
924,,-88.274564,42.67432,,,0,POINT (-88.274564 42.67432),39
925,,-88.867582,42.251148,,,0,POINT (-88.867582 42.251148),7
926,,-88.758029,41.904507,,,0,POINT (-88.758029 41.904507),15
927,,-88.679436,41.365187,,,0,POINT (-88.679436 41.365187),12
928,,-88.736594,41.118487,,,0,POINT (-88.736594 41.118487),11
929,,-88.518678,41.059063,,,0,POINT (-88.518678 41.059063),21
930,,-87.908988,40.966325,,,0,POINT (-87.908988 40.966325),50
931,,-87.265956,41.155402,,,0,POINT (-87.265956 41.155402),81
932,,-87.130205,41.491239,,,0,POINT (-87.130205 41.491239),93
933,,-87.189745,41.599283,,,0,POINT (-87.189745 41.599283),93
