o_zone_id,o_zone_name,d_zone_id,d_zone_name,accessibility,geometry
1,A1,1,A1,0.0,"LINESTRING (-111.9423966 33.4292176,-111.9423966 33.4292176)"
1,A1,2,A2,0.5219885742063037,"LINESTRING (-111.9423966 33.4292176,-111.9370258 33.4298654)"
1,A1,3,A3,1.060610963434121,"LINESTRING (-111.9423966 33.4292176,-111.9314053 33.4290999)"
1,A1,4,A4,1.5565580744156882,"LINESTRING (-111.9423966 33.4292176,-111.926268 33.4288957)"
1,A1,5,A5,2.1965967888429394,"LINESTRING (-111.9423966 33.4292176,-111.9196324 33.4294071)"
1,A1,6,B1,0.3074296941480619,"LINESTRING (-111.9423966 33.4292176,-111.9415443 33.4261476)"
1,A1,7,B2,0.6204601722322869,"LINESTRING (-111.9423966 33.4292176,-111.9369258 33.4258385)"
1,A1,8,B3,1.197770979520117,"LINESTRING (-111.9423966 33.4292176,-111.9305188 33.4256106)"
1,A1,9,B4,1.6444819889399906,"LINESTRING (-111.9423966 33.4292176,-111.9257505 33.425561)"
1,A1,10,B5,1.9259169652522872,"LINESTRING (-111.9423966 33.4292176,-111.9226959 33.4260126)"
1,A1,11,C1,0.6392828993084276,"LINESTRING (-111.9423966 33.4292176,-111.9416434 33.4226352)"
1,A1,12,C2,0.8143964950959348,"LINESTRING (-111.9423966 33.4292176,-111.9368547 33.4228517)"
1,A1,13,C3,1.2681883982585065,"LINESTRING (-111.9423966 33.4292176,-111.9311424 33.4224288)"
1,A1,14,C4,1.724333588933922,"LINESTRING (-111.9423966 33.4292176,-111.9258398 33.4224923)"
1,A1,15,C5,2.1995411083465055,"LINESTRING (-111.9423966 33.4292176,-111.920573 33.4226323)"
1,A1,16,D1,0.9257146452841924,"LINESTRING (-111.9423966 33.4292176,-111.940984 33.4197283)"
1,A1,17,D2,1.0658042792717166,"LINESTRING (-111.9423966 33.4292176,-111.9367946 33.4196978)"
1,A1,18,D3,1.3742514156596932,"LINESTRING (-111.9423966 33.4292176,-111.9315452 33.419993)"
1,A1,19,D4,1.831295300753623,"LINESTRING (-111.9423966 33.4292176,-111.9259415 33.4197604)"
1,A1,20,D5,2.228708757980549,"LINESTRING (-111.9423966 33.4292176,-111.9213745 33.419648)"
1,A1,21,E1,1.193235459429476,"LINESTRING (-111.9423966 33.4292176,-111.9408989 33.4169422)"
1,A1,22,E2,1.358702568137121,"LINESTRING (-111.9423966 33.4292176,-111.9366213 33.4163752)"
1,A1,23,E3,1.5891830242025542,"LINESTRING (-111.9423966 33.4292176,-111.9318168 33.4165951)"
1,A1,24,E4,2.005356110176013,"LINESTRING (-111.9423966 33.4292176,-111.925987 33.4164638)"
1,A1,25,E5,2.4433890573088535,"LINESTRING (-111.9423966 33.4292176,-111.9207683 33.4160473)"
1,A1,26,Gate1,0.8008109920247961,"LINESTRING (-111.9423966 33.4292176,-111.947725 33.4228545)"
1,A1,27,Gate2,1.1059631241825352,"LINESTRING (-111.9423966 33.4292176,-111.931375 33.432364)"
1,A1,28,Gate3,2.711514574934541,"LINESTRING (-111.9423966 33.4292176,-111.915025 33.4228545)"
1,A1,29,Gate4,1.8645678594850106,"LINESTRING (-111.9423966 33.4292176,-111.931375 33.413345)"
2,A2,1,A1,0.5219885742063037,"LINESTRING (-111.9370258 33.4298654,-111.9423966 33.4292176)"
2,A2,2,A2,0.0,"LINESTRING (-111.9370258 33.4298654,-111.9370258 33.4298654)"
2,A2,3,A3,0.547325582545949,"LINESTRING (-111.9370258 33.4298654,-111.9314053 33.4290999)"
2,A2,4,A4,1.0422250495561642,"LINESTRING (-111.9370258 33.4298654,-111.926268 33.4288957)"
2,A2,5,A5,1.6788713124386638,"LINESTRING (-111.9370258 33.4298654,-111.9196324 33.4294071)"
2,A2,6,B1,0.5646048253884931,"LINESTRING (-111.9370258 33.4298654,-111.9415443 33.4261476)"
2,A2,7,B2,0.38868386208000855,"LINESTRING (-111.9370258 33.4298654,-111.9369258 33.4258385)"
2,A2,8,B3,0.7501720056132353,"LINESTRING (-111.9370258 33.4298654,-111.9305188 33.4256106)"
2,A2,9,B4,1.1645384354976804,"LINESTRING (-111.9370258 33.4298654,-111.9257505 33.425561)"
2,A2,10,B5,1.4317996191196147,"LINESTRING (-111.9370258 33.4298654,-111.9226959 33.4260126)"
2,A2,11,C1,0.8277873388371377,"LINESTRING (-111.9370258 33.4298654,-111.9416434 33.4226352)"
2,A2,12,C2,0.6769545636389206,"LINESTRING (-111.9370258 33.4298654,-111.9368547 33.4228517)"
2,A2,13,C3,0.9149624419194393,"LINESTRING (-111.9370258 33.4298654,-111.9311424 33.4224288)"
2,A2,14,C4,1.2927142666357663,"LINESTRING (-111.9370258 33.4298654,-111.9258398 33.4224923)"
2,A2,15,C5,1.734171592677662,"LINESTRING (-111.9370258 33.4298654,-111.920573 33.4226323)"
2,A2,16,D1,1.0500580071493637,"LINESTRING (-111.9370258 33.4298654,-111.940984 33.4197283)"
2,A2,17,D2,0.9813291440098962,"LINESTRING (-111.9370258 33.4298654,-111.9367946 33.4196978)"
2,A2,18,D3,1.0895348195025765,"LINESTRING (-111.9370258 33.4298654,-111.9315452 33.419993)"
2,A2,19,D4,1.4472582053056737,"LINESTRING (-111.9370258 33.4298654,-111.9259415 33.4197604)"
2,A2,20,D5,1.8035150260022637,"LINESTRING (-111.9370258 33.4298654,-111.9213745 33.419648)"
2,A2,21,E1,1.301762756324128,"LINESTRING (-111.9370258 33.4298654,-111.9408989 33.4169422)"
2,A2,22,E2,1.3022616597394172,"LINESTRING (-111.9370258 33.4298654,-111.9366213 33.4163752)"
2,A2,23,E3,1.3755641034122936,"LINESTRING (-111.9370258 33.4298654,-111.9318168 33.4165951)"
2,A2,24,E4,1.675314654428868,"LINESTRING (-111.9370258 33.4298654,-111.925987 33.4164638)"
2,A2,25,E5,2.058760231197866,"LINESTRING (-111.9370258 33.4298654,-111.9207683 33.4160473)"
2,A2,26,Gate1,1.2342667376354832,"LINESTRING (-111.9370258 33.4298654,-111.947725 33.4228545)"
2,A2,27,Gate2,0.596166137208572,"LINESTRING (-111.9370258 33.4298654,-111.931375 33.432364)"
2,A2,28,Gate3,2.228037994274467,"LINESTRING (-111.9370258 33.4298654,-111.915025 33.4228545)"
2,A2,29,Gate4,1.6847290049313821,"LINESTRING (-111.9370258 33.4298654,-111.931375 33.413345)"
3,A3,1,A1,1.060610963434121,"LINESTRING (-111.9314053 33.4290999,-111.9423966 33.4292176)"
3,A3,2,A2,0.547325582545949,"LINESTRING (-111.9314053 33.4290999,-111.9370258 33.4298654)"
3,A3,3,A3,0.0,"LINESTRING (-111.9314053 33.4290999,-111.9314053 33.4290999)"
3,A3,4,A4,0.49608945655207376,"LINESTRING (-111.9314053 33.4290999,-111.926268 33.4288957)"
3,A3,5,A5,1.1363571389046776,"LINESTRING (-111.9314053 33.4290999,-111.9196324 33.4294071)"
3,A3,6,B1,1.0189390142420534,"LINESTRING (-111.9314053 33.4290999,-111.9415443 33.4261476)"
3,A3,7,B2,0.6186830491946271,"LINESTRING (-111.9314053 33.4290999,-111.9369258 33.4258385)"
3,A3,8,B3,0.34737980080373054,"LINESTRING (-111.9314053 33.4290999,-111.9305188 33.4256106)"
3,A3,9,B4,0.643677637757878,"LINESTRING (-111.9314053 33.4290999,-111.9257505 33.425561)"
3,A3,10,B5,0.8916128401956782,"LINESTRING (-111.9314053 33.4290999,-111.9226959 33.4260126)"
3,A3,11,C1,1.1683294501378605,"LINESTRING (-111.9314053 33.4290999,-111.9416434 33.4226352)"
3,A3,12,C2,0.7999667583070158,"LINESTRING (-111.9314053 33.4290999,-111.9368547 33.4228517)"
3,A3,13,C3,0.6441916500672384,"LINESTRING (-111.9314053 33.4290999,-111.9311424 33.4224288)"
3,A3,14,C4,0.833599018021805,"LINESTRING (-111.9314053 33.4290999,-111.9258398 33.4224923)"
3,A3,15,C5,1.2173408168311257,"LINESTRING (-111.9314053 33.4290999,-111.920573 33.4226323)"
3,A3,16,D1,1.2930348784991028,"LINESTRING (-111.9314053 33.4290999,-111.940984 33.4197283)"
3,A3,17,D2,1.045678548667014,"LINESTRING (-111.9314053 33.4290999,-111.9367946 33.4196978)"
3,A3,18,D3,0.878830175959183,"LINESTRING (-111.9314053 33.4290999,-111.9315452 33.419993)"
3,A3,19,D4,1.0440498170389478,"LINESTRING (-111.9314053 33.4290999,-111.9259415 33.4197604)"
3,A3,20,D5,1.3298761601940303,"LINESTRING (-111.9314053 33.4290999,-111.9213745 33.419648)"
3,A3,21,E1,1.4883833977082725,"LINESTRING (-111.9314053 33.4290999,-111.9408989 33.4169422)"
3,A3,22,E2,1.3269570928389425,"LINESTRING (-111.9314053 33.4290999,-111.9366213 33.4163752)"
3,A3,23,E3,1.2072384934988751,"LINESTRING (-111.9314053 33.4290999,-111.9318168 33.4165951)"
3,A3,24,E4,1.3266216684776848,"LINESTRING (-111.9314053 33.4290999,-111.925987 33.4164638)"
3,A3,25,E5,1.6246959194012354,"LINESTRING (-111.9314053 33.4290999,-111.9207683 33.4160473)"
3,A3,26,Gate1,1.6860558662240566,"LINESTRING (-111.9314053 33.4290999,-111.947725 33.4228545)"
3,A3,27,Gate2,0.3149640579962177,"LINESTRING (-111.9314053 33.4290999,-111.931375 33.432364)"
3,A3,28,Gate3,1.69152376837803,"LINESTRING (-111.9314053 33.4290999,-111.915025 33.4228545)"
3,A3,29,Gate4,1.520195015396299,"LINESTRING (-111.9314053 33.4290999,-111.931375 33.413345)"
4,A4,1,A1,1.5565580744156882,"LINESTRING (-111.926268 33.4288957,-111.9423966 33.4292176)"
4,A4,2,A2,1.0422250495561642,"LINESTRING (-111.926268 33.4288957,-111.9370258 33.4298654)"
4,A4,3,A3,0.49608945655207376,"LINESTRING (-111.926268 33.4288957,-111.9314053 33.4290999)"
4,A4,4,A4,0.0,"LINESTRING (-111.926268 33.4288957,-111.926268 33.4288957)"
4,A4,5,A5,0.6421711369247013,"LINESTRING (-111.926268 33.4288957,-111.9196324 33.4294071)"
4,A4,6,B1,1.4976667338979976,"LINESTRING (-111.926268 33.4288957,-111.9415443 33.4261476)"
4,A4,7,B2,1.069839195633836,"LINESTRING (-111.926268 33.4288957,-111.9369258 33.4258385)"
4,A4,8,B3,0.5183672303047064,"LINESTRING (-111.926268 33.4288957,-111.9305188 33.4256106)"
4,A4,9,B4,0.32561825249529547,"LINESTRING (-111.926268 33.4288957,-111.9257505 33.425561)"
4,A4,10,B5,0.44293721212004306,"LINESTRING (-111.926268 33.4288957,-111.9226959 33.4260126)"
4,A4,11,C1,1.6018387962323872,"LINESTRING (-111.926268 33.4288957,-111.9416434 33.4226352)"
4,A4,12,C2,1.1762556791852392,"LINESTRING (-111.926268 33.4288957,-111.9368547 33.4228517)"
4,A4,13,C3,0.7813915741891506,"LINESTRING (-111.926268 33.4288957,-111.9311424 33.4224288)"
4,A4,14,C4,0.6192507387572455,"LINESTRING (-111.926268 33.4288957,-111.9258398 33.4224923)"
4,A4,15,C5,0.8168315988630681,"LINESTRING (-111.926268 33.4288957,-111.920573 33.4226323)"
4,A4,16,D1,1.672932927477856,"LINESTRING (-111.926268 33.4288957,-111.940984 33.4197283)"
4,A4,17,D2,1.3488282476506983,"LINESTRING (-111.926268 33.4288957,-111.9367946 33.4196978)"
4,A4,18,D3,0.9985983679556445,"LINESTRING (-111.926268 33.4288957,-111.9315452 33.419993)"
4,A4,19,D4,0.8820255441200636,"LINESTRING (-111.926268 33.4288957,-111.9259415 33.4197604)"
4,A4,20,D5,1.0095469466870295,"LINESTRING (-111.926268 33.4288957,-111.9213745 33.419648)"
4,A4,21,E1,1.822997034654288,"LINESTRING (-111.926268 33.4288957,-111.9408989 33.4169422)"
4,A4,22,E2,1.5676386623599017,"LINESTRING (-111.926268 33.4288957,-111.9366213 33.4163752)"
4,A4,23,E3,1.302053933431923,"LINESTRING (-111.926268 33.4288957,-111.9318168 33.4165951)"
4,A4,24,E4,1.1998603158181087,"LINESTRING (-111.926268 33.4288957,-111.925987 33.4164638)"
4,A4,25,E5,1.348546901437151,"LINESTRING (-111.926268 33.4288957,-111.9207683 33.4160473)"
4,A4,26,Gate1,2.150878598296399,"LINESTRING (-111.926268 33.4288957,-111.947725 33.4228545)"
4,A4,27,Gate2,0.595664806797846,"LINESTRING (-111.926268 33.4288957,-111.931375 33.432364)"
4,A4,28,Gate3,1.2315321058883806,"LINESTRING (-111.926268 33.4288957,-111.915025 33.4228545)"
4,A4,29,Gate4,1.5793326787083306,"LINESTRING (-111.926268 33.4288957,-111.931375 33.413345)"
5,A5,1,A1,2.1965967888429394,"LINESTRING (-111.9196324 33.4294071,-111.9423966 33.4292176)"
5,A5,2,A2,1.6788713124386638,"LINESTRING (-111.9196324 33.4294071,-111.9370258 33.4298654)"
5,A5,3,A3,1.1363571389046776,"LINESTRING (-111.9196324 33.4294071,-111.9314053 33.4290999)"
5,A5,4,A4,0.6421711369247013,"LINESTRING (-111.9196324 33.4294071,-111.926268 33.4288957)"
5,A5,5,A5,0.0,"LINESTRING (-111.9196324 33.4294071,-111.9196324 33.4294071)"
5,A5,6,B1,2.1375427520372994,"LINESTRING (-111.9196324 33.4294071,-111.9415443 33.4261476)"
5,A5,7,B2,1.7037957930810566,"LINESTRING (-111.9196324 33.4294071,-111.9369258 33.4258385)"
5,A5,8,B3,1.1124726362169068,"LINESTRING (-111.9196324 33.4294071,-111.9305188 33.4256106)"
5,A5,9,B4,0.6972929117141546,"LINESTRING (-111.9196324 33.4294071,-111.9257505 33.425561)"
5,A5,10,B5,0.4411982723447539,"LINESTRING (-111.9196324 33.4294071,-111.9226959 33.4260126)"
5,A5,11,C1,2.2220854722034002,"LINESTRING (-111.9196324 33.4294071,-111.9416434 33.4226352)"
5,A5,12,C2,1.7780888472628205,"LINESTRING (-111.9196324 33.4294071,-111.9368547 33.4228517)"
5,A5,13,C3,1.298775586028385,"LINESTRING (-111.9196324 33.4294071,-111.9311424 33.4224288)"
5,A5,14,C4,0.8966177297133205,"LINESTRING (-111.9196324 33.4294071,-111.9258398 33.4224923)"
5,A5,15,C5,0.6599751552423638,"LINESTRING (-111.9196324 33.4294071,-111.920573 33.4226323)"
5,A5,16,D1,2.262010286150722,"LINESTRING (-111.9196324 33.4294071,-111.940984 33.4197283)"
5,A5,17,D2,1.9026230206377988,"LINESTRING (-111.9196324 33.4294071,-111.9367946 33.4196978)"
5,A5,18,D3,1.4650614293210986,"LINESTRING (-111.9196324 33.4294071,-111.9315452 33.419993)"
5,A5,19,D4,1.1122075686498476,"LINESTRING (-111.9196324 33.4294071,-111.9259415 33.4197604)"
5,A5,20,D5,0.9565481822498283,"LINESTRING (-111.9196324 33.4294071,-111.9213745 33.419648)"
5,A5,21,E1,2.378512650131365,"LINESTRING (-111.9196324 33.4294071,-111.9408989 33.4169422)"
5,A5,22,E2,2.0659977561376075,"LINESTRING (-111.9196324 33.4294071,-111.9366213 33.4163752)"
5,A5,23,E3,1.7060096367726463,"LINESTRING (-111.9196324 33.4294071,-111.9318168 33.4165951)"
5,A5,24,E4,1.3912968972379955,"LINESTRING (-111.9196324 33.4294071,-111.925987 33.4164638)"
5,A5,25,E5,1.2937441696748795,"LINESTRING (-111.9196324 33.4294071,-111.9207683 33.4160473)"
5,A5,26,Gate1,2.7834169341372688,"LINESTRING (-111.9196324 33.4294071,-111.947725 33.4228545)"
5,A5,27,Gate2,1.1684128827433016,"LINESTRING (-111.9196324 33.4294071,-111.931375 33.432364)"
5,A5,28,Gate3,0.7729152491272188,"LINESTRING (-111.9196324 33.4294071,-111.915025 33.4228545)"
5,A5,29,Gate4,1.919837843846959,"LINESTRING (-111.9196324 33.4294071,-111.931375 33.413345)"
6,B1,1,A1,0.3074296941480619,"LINESTRING (-111.9415443 33.4261476,-111.9423966 33.4292176)"
6,B1,2,A2,0.5646048253884931,"LINESTRING (-111.9415443 33.4261476,-111.9370258 33.4298654)"
6,B1,3,A3,1.0189390142420534,"LINESTRING (-111.9415443 33.4261476,-111.9314053 33.4290999)"
6,B1,4,A4,1.4976667338979976,"LINESTRING (-111.9415443 33.4261476,-111.926268 33.4288957)"
6,B1,5,A5,2.1375427520372994,"LINESTRING (-111.9415443 33.4261476,-111.9196324 33.4294071)"
6,B1,6,B1,0.0,"LINESTRING (-111.9415443 33.4261476,-111.9415443 33.4261476)"
6,B1,7,B2,0.44663768983351687,"LINESTRING (-111.9415443 33.4261476,-111.9369258 33.4258385)"
6,B1,8,B3,1.0651095801682695,"LINESTRING (-111.9415443 33.4261476,-111.9305188 33.4256106)"
6,B1,9,B4,1.5249948389068464,"LINESTRING (-111.9415443 33.4261476,-111.9257505 33.425561)"
6,B1,10,B5,1.8187303190008997,"LINESTRING (-111.9415443 33.4261476,-111.9226959 33.4260126)"
6,B1,11,C1,0.33904803085078716,"LINESTRING (-111.9415443 33.4261476,-111.9416434 33.4226352)"
6,B1,12,C2,0.5530734876951207,"LINESTRING (-111.9415443 33.4261476,-111.9368547 33.4228517)"
6,B1,13,C3,1.0658870933377746,"LINESTRING (-111.9415443 33.4261476,-111.9311424 33.4224288)"
6,B1,14,C4,1.555829482927788,"LINESTRING (-111.9415443 33.4261476,-111.9258398 33.4224923)"
6,B1,15,C5,2.051749096152713,"LINESTRING (-111.9415443 33.4261476,-111.920573 33.4226323)"
6,B1,16,D1,0.6217548413636841,"LINESTRING (-111.9415443 33.4261476,-111.940984 33.4197283)"
6,B1,17,D2,0.7728768619287221,"LINESTRING (-111.9415443 33.4261476,-111.9367946 33.4196978)"
6,B1,18,D3,1.1329283534732424,"LINESTRING (-111.9415443 33.4261476,-111.9315452 33.419993)"
6,B1,19,D4,1.6267671071533993,"LINESTRING (-111.9415443 33.4261476,-111.9259415 33.4197604)"
6,B1,20,D5,2.0447384092355185,"LINESTRING (-111.9415443 33.4261476,-111.9213745 33.419648)"
6,B1,21,E1,0.890407452725374,"LINESTRING (-111.9415443 33.4261476,-111.9408989 33.4169422)"
6,B1,22,E2,1.0558319478216127,"LINESTRING (-111.9415443 33.4261476,-111.9366213 33.4163752)"
6,B1,23,E3,1.3154974372448476,"LINESTRING (-111.9415443 33.4261476,-111.9318168 33.4165951)"
6,B1,24,E4,1.7681770222113977,"LINESTRING (-111.9415443 33.4261476,-111.925987 33.4164638)"
6,B1,25,E5,2.229015045136317,"LINESTRING (-111.9415443 33.4261476,-111.9207683 33.4160473)"
6,B1,26,Gate1,0.6757447178428688,"LINESTRING (-111.9415443 33.4261476,-111.947725 33.4228545)"
6,B1,27,Gate2,1.1500462463489414,"LINESTRING (-111.9415443 33.4261476,-111.931375 33.432364)"
6,B1,28,Gate3,2.5784982511268195,"LINESTRING (-111.9415443 33.4261476,-111.915025 33.4228545)"
6,B1,29,Gate4,1.5776045086337283,"LINESTRING (-111.9415443 33.4261476,-111.931375 33.413345)"
7,B2,1,A1,0.6204601722322869,"LINESTRING (-111.9369258 33.4258385,-111.9423966 33.4292176)"
7,B2,2,A2,0.38868386208000855,"LINESTRING (-111.9369258 33.4258385,-111.9370258 33.4298654)"
7,B2,3,A3,0.6186830491946271,"LINESTRING (-111.9369258 33.4258385,-111.9314053 33.4290999)"
7,B2,4,A4,1.069839195633836,"LINESTRING (-111.9369258 33.4258385,-111.926268 33.4288957)"
7,B2,5,A5,1.7037957930810566,"LINESTRING (-111.9369258 33.4258385,-111.9196324 33.4294071)"
7,B2,6,B1,0.44663768983351687,"LINESTRING (-111.9369258 33.4258385,-111.9415443 33.4261476)"
7,B2,7,B2,0.0,"LINESTRING (-111.9369258 33.4258385,-111.9369258 33.4258385)"
7,B2,8,B3,0.6185988081262758,"LINESTRING (-111.9369258 33.4258385,-111.9305188 33.4256106)"
7,B2,9,B4,1.078635835046296,"LINESTRING (-111.9369258 33.4258385,-111.9257505 33.425561)"
7,B2,10,B5,1.3731458841257314,"LINESTRING (-111.9369258 33.4258385,-111.9226959 33.4260126)"
7,B2,11,C1,0.5502219346949365,"LINESTRING (-111.9369258 33.4258385,-111.9416434 33.4226352)"
7,B2,12,C2,0.2882707907476993,"LINESTRING (-111.9369258 33.4258385,-111.9368547 33.4228517)"
7,B2,13,C3,0.647795443102307,"LINESTRING (-111.9369258 33.4258385,-111.9311424 33.4224288)"
7,B2,14,C4,1.1173498871914733,"LINESTRING (-111.9369258 33.4258385,-111.9258398 33.4224923)"
7,B2,15,C5,1.6079185549828836,"LINESTRING (-111.9369258 33.4258385,-111.920573 33.4226323)"
7,B2,16,D1,0.7077652615881006,"LINESTRING (-111.9369258 33.4258385,-111.940984 33.4197283)"
7,B2,17,D2,0.5926467051002953,"LINESTRING (-111.9369258 33.4258385,-111.9367946 33.4196978)"
7,B2,18,D3,0.7665944280602545,"LINESTRING (-111.9369258 33.4258385,-111.9315452 33.419993)"
7,B2,19,D4,1.2113057503375873,"LINESTRING (-111.9369258 33.4258385,-111.9259415 33.4197604)"
7,B2,20,D5,1.6150633418198737,"LINESTRING (-111.9369258 33.4258385,-111.9213745 33.419648)"
7,B2,21,E1,0.9401193949404546,"LINESTRING (-111.9369258 33.4258385,-111.9408989 33.4169422)"
7,B2,22,E2,0.9135851270323354,"LINESTRING (-111.9369258 33.4258385,-111.9366213 33.4163752)"
7,B2,23,E3,1.0190559842452065,"LINESTRING (-111.9369258 33.4258385,-111.9318168 33.4165951)"
7,B2,24,E4,1.3900617539405162,"LINESTRING (-111.9369258 33.4258385,-111.925987 33.4164638)"
7,B2,25,E5,1.8229455771682286,"LINESTRING (-111.9369258 33.4258385,-111.9207683 33.4160473)"
7,B2,26,Gate1,1.081065076396257,"LINESTRING (-111.9369258 33.4258385,-111.947725 33.4228545)"
7,B2,27,Gate2,0.8266303976830549,"LINESTRING (-111.9369258 33.4258385,-111.931375 33.432364)"
7,B2,28,Gate3,2.1327289391334068,"LINESTRING (-111.9369258 33.4258385,-111.915025 33.4228545)"
7,B2,29,Gate4,1.3191189531253347,"LINESTRING (-111.9369258 33.4258385,-111.931375 33.413345)"
8,B3,1,A1,1.197770979520117,"LINESTRING (-111.9305188 33.4256106,-111.9423966 33.4292176)"
8,B3,2,A2,0.7501720056132353,"LINESTRING (-111.9305188 33.4256106,-111.9370258 33.4298654)"
8,B3,3,A3,0.34737980080373054,"LINESTRING (-111.9305188 33.4256106,-111.9314053 33.4290999)"
8,B3,4,A4,0.5183672303047064,"LINESTRING (-111.9305188 33.4256106,-111.926268 33.4288957)"
8,B3,5,A5,1.1124726362169068,"LINESTRING (-111.9305188 33.4256106,-111.9196324 33.4294071)"
8,B3,6,B1,1.0651095801682695,"LINESTRING (-111.9305188 33.4256106,-111.9415443 33.4261476)"
8,B3,7,B2,0.6185988081262758,"LINESTRING (-111.9305188 33.4256106,-111.9369258 33.4258385)"
8,B3,8,B3,0.0,"LINESTRING (-111.9305188 33.4256106,-111.9305188 33.4256106)"
8,B3,9,B4,0.4601204378991387,"LINESTRING (-111.9305188 33.4256106,-111.9257505 33.425561)"
8,B3,10,B5,0.7558310021367314,"LINESTRING (-111.9305188 33.4256106,-111.9226959 33.4260126)"
8,B3,11,C1,1.1111430361656192,"LINESTRING (-111.9305188 33.4256106,-111.9416434 33.4226352)"
8,B3,12,C2,0.6667925923177438,"LINESTRING (-111.9305188 33.4256106,-111.9368547 33.4228517)"
8,B3,13,C3,0.31285054318500627,"LINESTRING (-111.9305188 33.4256106,-111.9311424 33.4224288)"
8,B3,14,C4,0.5425543377767895,"LINESTRING (-111.9305188 33.4256106,-111.9258398 33.4224923)"
8,B3,15,C5,1.0017742016434503,"LINESTRING (-111.9305188 33.4256106,-111.920573 33.4226323)"
8,B3,16,D1,1.1583735089086293,"LINESTRING (-111.9305188 33.4256106,-111.940984 33.4197283)"
8,B3,17,D2,0.8319841052586684,"LINESTRING (-111.9305188 33.4256106,-111.9367946 33.4196978)"
8,B3,18,D3,0.5510168054819305,"LINESTRING (-111.9305188 33.4256106,-111.9315452 33.419993)"
8,B3,19,D4,0.7167310910158202,"LINESTRING (-111.9305188 33.4256106,-111.9259415 33.4197604)"
8,B3,20,D5,1.0533433788491906,"LINESTRING (-111.9305188 33.4256106,-111.9213745 33.419648)"
8,B3,21,E1,1.3048952273856274,"LINESTRING (-111.9305188 33.4256106,-111.9408989 33.4169422)"
8,B3,22,E2,1.068094285091391,"LINESTRING (-111.9305188 33.4256106,-111.9366213 33.4163752)"
8,B3,23,E3,0.878872408633414,"LINESTRING (-111.9305188 33.4256106,-111.9318168 33.4165951)"
8,B3,24,E4,0.9849602853460014,"LINESTRING (-111.9305188 33.4256106,-111.925987 33.4164638)"
8,B3,25,E5,1.3178184661347239,"LINESTRING (-111.9305188 33.4256106,-111.9207683 33.4160473)"
8,B3,26,Gate1,1.6813907918284967,"LINESTRING (-111.9305188 33.4256106,-111.947725 33.4228545)"
8,B3,27,Gate2,0.6568494828655413,"LINESTRING (-111.9305188 33.4256106,-111.931375 33.432364)"
8,B3,28,Gate3,1.5184655401920255,"LINESTRING (-111.9305188 33.4256106,-111.915025 33.4228545)"
8,B3,29,Gate4,1.1863892902857214,"LINESTRING (-111.9305188 33.4256106,-111.931375 33.413345)"
9,B4,1,A1,1.6444819889399906,"LINESTRING (-111.9257505 33.425561,-111.9423966 33.4292176)"
9,B4,2,A2,1.1645384354976804,"LINESTRING (-111.9257505 33.425561,-111.9370258 33.4298654)"
9,B4,3,A3,0.643677637757878,"LINESTRING (-111.9257505 33.425561,-111.9314053 33.4290999)"
9,B4,4,A4,0.32561825249529547,"LINESTRING (-111.9257505 33.425561,-111.926268 33.4288957)"
9,B4,5,A5,0.6972929117141546,"LINESTRING (-111.9257505 33.425561,-111.9196324 33.4294071)"
9,B4,6,B1,1.5249948389068464,"LINESTRING (-111.9257505 33.425561,-111.9415443 33.4261476)"
9,B4,7,B2,1.078635835046296,"LINESTRING (-111.9257505 33.425561,-111.9369258 33.4258385)"
9,B4,8,B3,0.4601204378991387,"LINESTRING (-111.9257505 33.425561,-111.9305188 33.4256106)"
9,B4,9,B4,0.0,"LINESTRING (-111.9257505 33.425561,-111.9257505 33.425561)"
9,B4,10,B5,0.2979432135651201,"LINESTRING (-111.9257505 33.425561,-111.9226959 33.4260126)"
9,B4,11,C1,1.5592770045873887,"LINESTRING (-111.9257505 33.425561,-111.9416434 33.4226352)"
9,B4,12,C2,1.1028747719047298,"LINESTRING (-111.9257505 33.425561,-111.9368547 33.4228517)"
9,B4,13,C3,0.6016800817663335,"LINESTRING (-111.9257505 33.425561,-111.9311424 33.4224288)"
9,B4,14,C4,0.296230214188483,"LINESTRING (-111.9257505 33.425561,-111.9258398 33.4224923)"
9,B4,15,C5,0.5739621475809418,"LINESTRING (-111.9257505 33.425561,-111.920573 33.4226323)"
9,B4,16,D1,1.5739456641141945,"LINESTRING (-111.9257505 33.425561,-111.940984 33.4197283)"
9,B4,17,D2,1.2065127653726684,"LINESTRING (-111.9257505 33.425561,-111.9367946 33.4196978)"
9,B4,18,D3,0.7754186462387421,"LINESTRING (-111.9257505 33.425561,-111.9315452 33.419993)"
9,B4,19,D4,0.5600004093905272,"LINESTRING (-111.9257505 33.425561,-111.9259415 33.4197604)"
9,B4,20,D5,0.7098006791822398,"LINESTRING (-111.9257505 33.425561,-111.9213745 33.419648)"
9,B4,21,E1,1.6816954842549887,"LINESTRING (-111.9257505 33.425561,-111.9408989 33.4169422)"
9,B4,22,E2,1.3732584062357949,"LINESTRING (-111.9257505 33.425561,-111.9366213 33.4163752)"
9,B4,23,E3,1.044533304653228,"LINESTRING (-111.9257505 33.425561,-111.9318168 33.4165951)"
9,B4,24,E4,0.8780844110767444,"LINESTRING (-111.9257505 33.425561,-111.925987 33.4164638)"
9,B4,25,E5,1.0362370860724606,"LINESTRING (-111.9257505 33.425561,-111.9207683 33.4160473)"
9,B4,26,Gate1,2.1363440429058107,"LINESTRING (-111.9257505 33.425561,-111.947725 33.4228545)"
9,B4,27,Gate2,0.8517165502426994,"LINESTRING (-111.9257505 33.425561,-111.931375 33.432364)"
9,B4,28,Gate3,1.0673426692218322,"LINESTRING (-111.9257505 33.425561,-111.915025 33.4228545)"
9,B4,29,Gate4,1.297660726420329,"LINESTRING (-111.9257505 33.425561,-111.931375 33.413345)"
10,B5,1,A1,1.9259169652522872,"LINESTRING (-111.9226959 33.4260126,-111.9423966 33.4292176)"
10,B5,2,A2,1.4317996191196147,"LINESTRING (-111.9226959 33.4260126,-111.9370258 33.4298654)"
10,B5,3,A3,0.8916128401956782,"LINESTRING (-111.9226959 33.4260126,-111.9314053 33.4290999)"
10,B5,4,A4,0.44293721212004306,"LINESTRING (-111.9226959 33.4260126,-111.926268 33.4288957)"
10,B5,5,A5,0.4411982723447539,"LINESTRING (-111.9226959 33.4260126,-111.9196324 33.4294071)"
10,B5,6,B1,1.8187303190008997,"LINESTRING (-111.9226959 33.4260126,-111.9415443 33.4261476)"
10,B5,7,B2,1.3731458841257314,"LINESTRING (-111.9226959 33.4260126,-111.9369258 33.4258385)"
10,B5,8,B3,0.7558310021367314,"LINESTRING (-111.9226959 33.4260126,-111.9305188 33.4256106)"
10,B5,9,B4,0.2979432135651201,"LINESTRING (-111.9226959 33.4260126,-111.9257505 33.425561)"
10,B5,10,B5,0.0,"LINESTRING (-111.9226959 33.4260126,-111.9226959 33.4260126)"
10,B5,11,C1,1.8570645546303584,"LINESTRING (-111.9226959 33.4260126,-111.9416434 33.4226352)"
10,B5,12,C2,1.399814123904374,"LINESTRING (-111.9226959 33.4260126,-111.9368547 33.4228517)"
10,B5,13,C3,0.8853337088923758,"LINESTRING (-111.9226959 33.4260126,-111.9311424 33.4224288)"
10,B5,14,C4,0.4554224934823501,"LINESTRING (-111.9226959 33.4260126,-111.9258398 33.4224923)"
10,B5,15,C5,0.3851528364351421,"LINESTRING (-111.9226959 33.4260126,-111.920573 33.4226323)"
10,B5,16,D1,1.8659016873418128,"LINESTRING (-111.9226959 33.4260126,-111.940984 33.4197283)"
10,B5,17,D2,1.490612656579383,"LINESTRING (-111.9226959 33.4260126,-111.9367946 33.4196978)"
10,B5,18,D3,1.0326969110763702,"LINESTRING (-111.9226959 33.4260126,-111.9315452 33.419993)"
10,B5,19,D4,0.6797179834743571,"LINESTRING (-111.9226959 33.4260126,-111.9259415 33.4197604)"
10,B5,20,D5,0.6272227745175326,"LINESTRING (-111.9226959 33.4260126,-111.9213745 33.419648)"
10,B5,21,E1,1.9623895931095268,"LINESTRING (-111.9226959 33.4260126,-111.9408989 33.4169422)"
10,B5,22,E2,1.634065824578585,"LINESTRING (-111.9226959 33.4260126,-111.9366213 33.4163752)"
10,B5,23,E3,1.2650142708868715,"LINESTRING (-111.9226959 33.4260126,-111.9318168 33.4165951)"
10,B5,24,E4,0.9745531479282408,"LINESTRING (-111.9226959 33.4260126,-111.925987 33.4164638)"
10,B5,25,E5,0.97937824172165,"LINESTRING (-111.9226959 33.4260126,-111.9207683 33.4160473)"
10,B5,26,Gate1,2.4342104961983013,"LINESTRING (-111.9226959 33.4260126,-111.947725 33.4228545)"
10,B5,27,Gate2,1.0377380906883575,"LINESTRING (-111.9226959 33.4260126,-111.931375 33.432364)"
10,B5,28,Gate3,0.8004359790962278,"LINESTRING (-111.9226959 33.4260126,-111.915025 33.4228545)"
10,B5,29,Gate4,1.4816667476930623,"LINESTRING (-111.9226959 33.4260126,-111.931375 33.413345)"
11,C1,1,A1,0.6392828993084276,"LINESTRING (-111.9416434 33.4226352,-111.9423966 33.4292176)"
11,C1,2,A2,0.8277873388371377,"LINESTRING (-111.9416434 33.4226352,-111.9370258 33.4298654)"
11,C1,3,A3,1.1683294501378605,"LINESTRING (-111.9416434 33.4226352,-111.9314053 33.4290999)"
11,C1,4,A4,1.6018387962323872,"LINESTRING (-111.9416434 33.4226352,-111.926268 33.4288957)"
11,C1,5,A5,2.2220854722034002,"LINESTRING (-111.9416434 33.4226352,-111.9196324 33.4294071)"
11,C1,6,B1,0.33904803085078716,"LINESTRING (-111.9416434 33.4226352,-111.9415443 33.4261476)"
11,C1,7,B2,0.5502219346949365,"LINESTRING (-111.9416434 33.4226352,-111.9369258 33.4258385)"
11,C1,8,B3,1.1111430361656192,"LINESTRING (-111.9416434 33.4226352,-111.9305188 33.4256106)"
11,C1,9,B4,1.5592770045873887,"LINESTRING (-111.9416434 33.4226352,-111.9257505 33.425561)"
11,C1,10,B5,1.8570645546303584,"LINESTRING (-111.9416434 33.4226352,-111.9226959 33.4260126)"
11,C1,11,C1,0.0,"LINESTRING (-111.9416434 33.4226352,-111.9416434 33.4226352)"
11,C1,12,C2,0.46253454945963496,"LINESTRING (-111.9416434 33.4226352,-111.9368547 33.4228517)"
11,C1,13,C3,1.0134328191986424,"LINESTRING (-111.9416434 33.4226352,-111.9311424 33.4224288)"
11,C1,14,C4,1.5249486671520567,"LINESTRING (-111.9416434 33.4226352,-111.9258398 33.4224923)"
11,C1,15,C5,2.0330802141016093,"LINESTRING (-111.9416434 33.4226352,-111.920573 33.4226323)"
11,C1,16,D1,0.2876122937107157,"LINESTRING (-111.9416434 33.4226352,-111.940984 33.4197283)"
11,C1,17,D2,0.5470097180891291,"LINESTRING (-111.9416434 33.4226352,-111.9367946 33.4196978)"
11,C1,18,D3,1.007175046181444,"LINESTRING (-111.9416434 33.4226352,-111.9315452 33.419993)"
11,C1,19,D4,1.540252219405859,"LINESTRING (-111.9416434 33.4226352,-111.9259415 33.4197604)"
11,C1,20,D5,1.9768740899615205,"LINESTRING (-111.9416434 33.4226352,-111.9213745 33.419648)"
11,C1,21,E1,0.5539909901945956,"LINESTRING (-111.9416434 33.4226352,-111.9408989 33.4169422)"
11,C1,22,E2,0.7743838074550343,"LINESTRING (-111.9416434 33.4226352,-111.9366213 33.4163752)"
11,C1,23,E3,1.1129581382373408,"LINESTRING (-111.9416434 33.4226352,-111.9318168 33.4165951)"
11,C1,24,E4,1.6238107591399658,"LINESTRING (-111.9416434 33.4226352,-111.925987 33.4164638)"
11,C1,25,E5,2.1121566352679233,"LINESTRING (-111.9416434 33.4226352,-111.9207683 33.4160473)"
11,C1,26,Gate1,0.5871969916468764,"LINESTRING (-111.9416434 33.4226352,-111.947725 33.4228545)"
11,C1,27,Gate2,1.3648813280043026,"LINESTRING (-111.9416434 33.4226352,-111.931375 33.432364)"
11,C1,28,Gate3,2.568494734187222,"LINESTRING (-111.9416434 33.4226352,-111.915025 33.4228545)"
11,C1,29,Gate4,1.3361222498925631,"LINESTRING (-111.9416434 33.4226352,-111.931375 33.413345)"
12,C2,1,A1,0.8143964950959348,"LINESTRING (-111.9368547 33.4228517,-111.9423966 33.4292176)"
12,C2,2,A2,0.6769545636389206,"LINESTRING (-111.9368547 33.4228517,-111.9370258 33.4298654)"
12,C2,3,A3,0.7999667583070158,"LINESTRING (-111.9368547 33.4228517,-111.9314053 33.4290999)"
12,C2,4,A4,1.1762556791852392,"LINESTRING (-111.9368547 33.4228517,-111.926268 33.4288957)"
12,C2,5,A5,1.7780888472628205,"LINESTRING (-111.9368547 33.4228517,-111.9196324 33.4294071)"
12,C2,6,B1,0.5530734876951207,"LINESTRING (-111.9368547 33.4228517,-111.9415443 33.4261476)"
12,C2,7,B2,0.2882707907476993,"LINESTRING (-111.9368547 33.4228517,-111.9369258 33.4258385)"
12,C2,8,B3,0.6667925923177438,"LINESTRING (-111.9368547 33.4228517,-111.9305188 33.4256106)"
12,C2,9,B4,1.1028747719047298,"LINESTRING (-111.9368547 33.4228517,-111.9257505 33.425561)"
12,C2,10,B5,1.399814123904374,"LINESTRING (-111.9368547 33.4228517,-111.9226959 33.4260126)"
12,C2,11,C1,0.46253454945963496,"LINESTRING (-111.9368547 33.4228517,-111.9416434 33.4226352)"
12,C2,12,C2,0.0,"LINESTRING (-111.9368547 33.4228517,-111.9368547 33.4228517)"
12,C2,13,C3,0.5526833743974829,"LINESTRING (-111.9368547 33.4228517,-111.9311424 33.4224288)"
12,C2,14,C4,1.0633899336690333,"LINESTRING (-111.9368547 33.4228517,-111.9258398 33.4224923)"
12,C2,15,C5,1.5711606389108173,"LINESTRING (-111.9368547 33.4228517,-111.920573 33.4226323)"
12,C2,16,D1,0.49958609475060883,"LINESTRING (-111.9368547 33.4228517,-111.940984 33.4197283)"
12,C2,17,D2,0.30437759078506926,"LINESTRING (-111.9368547 33.4228517,-111.9367946 33.4196978)"
12,C2,18,D3,0.5818515941246134,"LINESTRING (-111.9368547 33.4228517,-111.9315452 33.419993)"
12,C2,19,D4,1.0944381689269702,"LINESTRING (-111.9368547 33.4228517,-111.9259415 33.4197604)"
12,C2,20,D5,1.5253396681660398,"LINESTRING (-111.9368547 33.4228517,-111.9213745 33.419648)"
12,C2,21,E1,0.6909560487938327,"LINESTRING (-111.9368547 33.4228517,-111.9408989 33.4169422)"
12,C2,22,E2,0.6253290894345953,"LINESTRING (-111.9368547 33.4228517,-111.9366213 33.4163752)"
12,C2,23,E3,0.7750794404920969,"LINESTRING (-111.9368547 33.4228517,-111.9318168 33.4165951)"
12,C2,24,E4,1.2163569895468784,"LINESTRING (-111.9368547 33.4228517,-111.925987 33.4164638)"
12,C2,25,E5,1.6853215878637327,"LINESTRING (-111.9368547 33.4228517,-111.9207683 33.4160473)"
12,C2,26,Gate1,1.0488777369913338,"LINESTRING (-111.9368547 33.4228517,-111.947725 33.4228545)"
12,C2,27,Gate2,1.0592385898298358,"LINESTRING (-111.9368547 33.4228517,-111.931375 33.432364)"
12,C2,28,Gate3,2.106345313864512,"LINESTRING (-111.9368547 33.4228517,-111.915025 33.4228545)"
12,C2,29,Gate4,1.058776132077856,"LINESTRING (-111.9368547 33.4228517,-111.931375 33.413345)"
13,C3,1,A1,1.2681883982585065,"LINESTRING (-111.9311424 33.4224288,-111.9423966 33.4292176)"
13,C3,2,A2,0.9149624419194393,"LINESTRING (-111.9311424 33.4224288,-111.9370258 33.4298654)"
13,C3,3,A3,0.6441916500672384,"LINESTRING (-111.9311424 33.4224288,-111.9314053 33.4290999)"
13,C3,4,A4,0.7813915741891506,"LINESTRING (-111.9311424 33.4224288,-111.926268 33.4288957)"
13,C3,5,A5,1.298775586028385,"LINESTRING (-111.9311424 33.4224288,-111.9196324 33.4294071)"
13,C3,6,B1,1.0658870933377746,"LINESTRING (-111.9311424 33.4224288,-111.9415443 33.4261476)"
13,C3,7,B2,0.647795443102307,"LINESTRING (-111.9311424 33.4224288,-111.9369258 33.4258385)"
13,C3,8,B3,0.31285054318500627,"LINESTRING (-111.9311424 33.4224288,-111.9305188 33.4256106)"
13,C3,9,B4,0.6016800817663335,"LINESTRING (-111.9311424 33.4224288,-111.9257505 33.425561)"
13,C3,10,B5,0.8853337088923758,"LINESTRING (-111.9311424 33.4224288,-111.9226959 33.4260126)"
13,C3,11,C1,1.0134328191986424,"LINESTRING (-111.9311424 33.4224288,-111.9416434 33.4226352)"
13,C3,12,C2,0.5526833743974829,"LINESTRING (-111.9311424 33.4224288,-111.9368547 33.4228517)"
13,C3,13,C3,0.0,"LINESTRING (-111.9311424 33.4224288,-111.9311424 33.4224288)"
13,C3,14,C4,0.5116856244521941,"LINESTRING (-111.9311424 33.4224288,-111.9258398 33.4224923)"
13,C3,15,C5,1.020031818531143,"LINESTRING (-111.9311424 33.4224288,-111.920573 33.4226323)"
13,C3,16,D1,0.9847178197917772,"LINESTRING (-111.9311424 33.4224288,-111.940984 33.4197283)"
13,C3,17,D2,0.6057077931867583,"LINESTRING (-111.9311424 33.4224288,-111.9367946 33.4196978)"
13,C3,18,D3,0.23822583408546474,"LINESTRING (-111.9311424 33.4224288,-111.9315452 33.419993)"
13,C3,19,D4,0.5640290049240894,"LINESTRING (-111.9311424 33.4224288,-111.9259415 33.4197604)"
13,C3,20,D5,0.9799628471180881,"LINESTRING (-111.9311424 33.4224288,-111.9213745 33.419648)"
13,C3,21,E1,1.0800531241256386,"LINESTRING (-111.9311424 33.4224288,-111.9408989 33.4169422)"
13,C3,22,E2,0.7878249977926524,"LINESTRING (-111.9311424 33.4224288,-111.9366213 33.4163752)"
13,C3,23,E3,0.5666421211571434,"LINESTRING (-111.9311424 33.4224288,-111.9318168 33.4165951)"
13,C3,24,E4,0.7607436323923572,"LINESTRING (-111.9311424 33.4224288,-111.925987 33.4164638)"
13,C3,25,E5,1.1752237396506828,"LINESTRING (-111.9311424 33.4224288,-111.9207683 33.4160473)"
13,C3,26,Gate1,1.6005797770491532,"LINESTRING (-111.9311424 33.4224288,-111.947725 33.4228545)"
13,C3,27,Gate2,0.9589050637703657,"LINESTRING (-111.9311424 33.4224288,-111.931375 33.432364)"
13,C3,28,Gate3,1.5557124917536755,"LINESTRING (-111.9311424 33.4224288,-111.915025 33.4228545)"
13,C3,29,Gate4,0.8767874645668708,"LINESTRING (-111.9311424 33.4224288,-111.931375 33.413345)"
14,C4,1,A1,1.724333588933922,"LINESTRING (-111.9258398 33.4224923,-111.9423966 33.4292176)"
14,C4,2,A2,1.2927142666357663,"LINESTRING (-111.9258398 33.4224923,-111.9370258 33.4298654)"
14,C4,3,A3,0.833599018021805,"LINESTRING (-111.9258398 33.4224923,-111.9314053 33.4290999)"
14,C4,4,A4,0.6192507387572455,"LINESTRING (-111.9258398 33.4224923,-111.926268 33.4288957)"
14,C4,5,A5,0.8966177297133205,"LINESTRING (-111.9258398 33.4224923,-111.9196324 33.4294071)"
14,C4,6,B1,1.555829482927788,"LINESTRING (-111.9258398 33.4224923,-111.9415443 33.4261476)"
14,C4,7,B2,1.1173498871914733,"LINESTRING (-111.9258398 33.4224923,-111.9369258 33.4258385)"
14,C4,8,B3,0.5425543377767895,"LINESTRING (-111.9258398 33.4224923,-111.9305188 33.4256106)"
14,C4,9,B4,0.296230214188483,"LINESTRING (-111.9258398 33.4224923,-111.9257505 33.425561)"
14,C4,10,B5,0.4554224934823501,"LINESTRING (-111.9258398 33.4224923,-111.9226959 33.4260126)"
14,C4,11,C1,1.5249486671520567,"LINESTRING (-111.9258398 33.4224923,-111.9416434 33.4226352)"
14,C4,12,C2,1.0633899336690333,"LINESTRING (-111.9258398 33.4224923,-111.9368547 33.4228517)"
14,C4,13,C3,0.5116856244521941,"LINESTRING (-111.9258398 33.4224923,-111.9311424 33.4224288)"
14,C4,14,C4,0.0,"LINESTRING (-111.9258398 33.4224923,-111.9258398 33.4224923)"
14,C4,15,C5,0.5083734637405792,"LINESTRING (-111.9258398 33.4224923,-111.920573 33.4226323)"
14,C4,16,D1,1.4854017795419148,"LINESTRING (-111.9258398 33.4224923,-111.940984 33.4197283)"
14,C4,17,D2,1.0908784051287161,"LINESTRING (-111.9258398 33.4224923,-111.9367946 33.4196978)"
14,C4,18,D3,0.6010138116843813,"LINESTRING (-111.9258398 33.4224923,-111.9315452 33.419993)"
14,C4,19,D4,0.26377479495147516,"LINESTRING (-111.9258398 33.4224923,-111.9259415 33.4197604)"
14,C4,20,D5,0.5108454049998213,"LINESTRING (-111.9258398 33.4224923,-111.9213745 33.419648)"
14,C4,21,E1,1.5485970060254046,"LINESTRING (-111.9258398 33.4224923,-111.9408989 33.4169422)"
14,C4,22,E2,1.196079756731018,"LINESTRING (-111.9258398 33.4224923,-111.9366213 33.4163752)"
14,C4,23,E3,0.8101730349803882,"LINESTRING (-111.9258398 33.4224923,-111.9318168 33.4165951)"
14,C4,24,E4,0.5818563628906424,"LINESTRING (-111.9258398 33.4224923,-111.925987 33.4164638)"
14,C4,25,E5,0.7913220003231662,"LINESTRING (-111.9258398 33.4224923,-111.9207683 33.4160473)"
14,C4,26,Gate1,2.111991037934665,"LINESTRING (-111.9258398 33.4224923,-111.947725 33.4228545)"
14,C4,27,Gate2,1.0920414934741143,"LINESTRING (-111.9258398 33.4224923,-111.931375 33.432364)"
14,C4,28,Gate3,1.0441064189640112,"LINESTRING (-111.9258398 33.4224923,-111.915025 33.4228545)"
14,C4,29,Gate4,1.031633624219047,"LINESTRING (-111.9258398 33.4224923,-111.931375 33.413345)"
15,C5,1,A1,2.1995411083465055,"LINESTRING (-111.920573 33.4226323,-111.9423966 33.4292176)"
15,C5,2,A2,1.734171592677662,"LINESTRING (-111.920573 33.4226323,-111.9370258 33.4298654)"
15,C5,3,A3,1.2173408168311257,"LINESTRING (-111.920573 33.4226323,-111.9314053 33.4290999)"
15,C5,4,A4,0.8168315988630681,"LINESTRING (-111.920573 33.4226323,-111.926268 33.4288957)"
15,C5,5,A5,0.6599751552423638,"LINESTRING (-111.920573 33.4226323,-111.9196324 33.4294071)"
15,C5,6,B1,2.051749096152713,"LINESTRING (-111.920573 33.4226323,-111.9415443 33.4261476)"
15,C5,7,B2,1.6079185549828836,"LINESTRING (-111.920573 33.4226323,-111.9369258 33.4258385)"
15,C5,8,B3,1.0017742016434503,"LINESTRING (-111.920573 33.4226323,-111.9305188 33.4256106)"
15,C5,9,B4,0.5739621475809418,"LINESTRING (-111.920573 33.4226323,-111.9257505 33.425561)"
15,C5,10,B5,0.3851528364351421,"LINESTRING (-111.920573 33.4226323,-111.9226959 33.4260126)"
15,C5,11,C1,2.0330802141016093,"LINESTRING (-111.920573 33.4226323,-111.9416434 33.4226352)"
15,C5,12,C2,1.5711606389108173,"LINESTRING (-111.920573 33.4226323,-111.9368547 33.4228517)"
15,C5,13,C3,1.020031818531143,"LINESTRING (-111.920573 33.4226323,-111.9311424 33.4224288)"
15,C5,14,C4,0.5083734637405792,"LINESTRING (-111.920573 33.4226323,-111.9258398 33.4224923)"
15,C5,15,C5,0.0,"LINESTRING (-111.920573 33.4226323,-111.920573 33.4226323)"
15,C5,16,D1,1.9892911609021238,"LINESTRING (-111.920573 33.4226323,-111.940984 33.4197283)"
15,C5,17,D2,1.590628151666366,"LINESTRING (-111.920573 33.4226323,-111.9367946 33.4196978)"
15,C5,18,D3,1.0889036424289806,"LINESTRING (-111.920573 33.4226323,-111.9315452 33.419993)"
15,C5,19,D4,0.5874702180253644,"LINESTRING (-111.920573 33.4226323,-111.9259415 33.4197604)"
15,C5,20,D5,0.2981615587738861,"LINESTRING (-111.920573 33.4226323,-111.9213745 33.419648)"
15,C5,21,E1,2.036647772688108,"LINESTRING (-111.920573 33.4226323,-111.9408989 33.4169422)"
15,C5,22,E2,1.6620319387047544,"LINESTRING (-111.920573 33.4226323,-111.9366213 33.4163752)"
15,C5,23,E3,1.2314105190800886,"LINESTRING (-111.920573 33.4226323,-111.9318168 33.4165951)"
15,C5,24,E4,0.7919291843477957,"LINESTRING (-111.920573 33.4226323,-111.925987 33.4164638)"
15,C5,25,E5,0.6356675668745911,"LINESTRING (-111.920573 33.4226323,-111.9207683 33.4160473)"
15,C5,26,Gate1,2.619983391007226,"LINESTRING (-111.920573 33.4226323,-111.947725 33.4228545)"
15,C5,27,Gate2,1.40288995962976,"LINESTRING (-111.920573 33.4226323,-111.931375 33.432364)"
15,C5,28,Gate3,0.5357565453061734,"LINESTRING (-111.920573 33.4226323,-111.915025 33.4228545)"
15,C5,29,Gate4,1.374556657913322,"LINESTRING (-111.920573 33.4226323,-111.931375 33.413345)"
16,D1,1,A1,0.9257146452841924,"LINESTRING (-111.940984 33.4197283,-111.9423966 33.4292176)"
16,D1,2,A2,1.0500580071493637,"LINESTRING (-111.940984 33.4197283,-111.9370258 33.4298654)"
16,D1,3,A3,1.2930348784991028,"LINESTRING (-111.940984 33.4197283,-111.9314053 33.4290999)"
16,D1,4,A4,1.672932927477856,"LINESTRING (-111.940984 33.4197283,-111.926268 33.4288957)"
16,D1,5,A5,2.262010286150722,"LINESTRING (-111.940984 33.4197283,-111.9196324 33.4294071)"
16,D1,6,B1,0.6217548413636841,"LINESTRING (-111.940984 33.4197283,-111.9415443 33.4261476)"
16,D1,7,B2,0.7077652615881006,"LINESTRING (-111.940984 33.4197283,-111.9369258 33.4258385)"
16,D1,8,B3,1.1583735089086293,"LINESTRING (-111.940984 33.4197283,-111.9305188 33.4256106)"
16,D1,9,B4,1.5739456641141945,"LINESTRING (-111.940984 33.4197283,-111.9257505 33.425561)"
16,D1,10,B5,1.8659016873418128,"LINESTRING (-111.940984 33.4197283,-111.9226959 33.4260126)"
16,D1,11,C1,0.2876122937107157,"LINESTRING (-111.940984 33.4197283,-111.9416434 33.4226352)"
16,D1,12,C2,0.49958609475060883,"LINESTRING (-111.940984 33.4197283,-111.9368547 33.4228517)"
16,D1,13,C3,0.9847178197917772,"LINESTRING (-111.940984 33.4197283,-111.9311424 33.4224288)"
16,D1,14,C4,1.4854017795419148,"LINESTRING (-111.940984 33.4197283,-111.9258398 33.4224923)"
16,D1,15,C5,1.9892911609021238,"LINESTRING (-111.940984 33.4197283,-111.920573 33.4226323)"
16,D1,16,D1,0.0,"LINESTRING (-111.940984 33.4197283,-111.940984 33.4197283)"
16,D1,17,D2,0.4042442601637765,"LINESTRING (-111.940984 33.4197283,-111.9367946 33.4196978)"
16,D1,18,D3,0.9111100286748308,"LINESTRING (-111.940984 33.4197283,-111.9315452 33.419993)"
16,D1,19,D4,1.4514502138552223,"LINESTRING (-111.940984 33.4197283,-111.9259415 33.4197604)"
16,D1,20,D5,1.892141190746325,"LINESTRING (-111.940984 33.4197283,-111.9213745 33.419648)"
16,D1,21,E1,0.26895255254231687,"LINESTRING (-111.940984 33.4197283,-111.9408989 33.4169422)"
16,D1,22,E2,0.5309300050296049,"LINESTRING (-111.940984 33.4197283,-111.9366213 33.4163752)"
16,D1,23,E3,0.9347782423976893,"LINESTRING (-111.940984 33.4197283,-111.9318168 33.4165951)"
16,D1,24,E4,1.4809487376280537,"LINESTRING (-111.940984 33.4197283,-111.925987 33.4164638)"
16,D1,25,E5,1.982682988458343,"LINESTRING (-111.940984 33.4197283,-111.9207683 33.4160473)"
16,D1,26,Gate1,0.7169822892795104,"LINESTRING (-111.940984 33.4197283,-111.947725 33.4228545)"
16,D1,27,Gate2,1.53171574894059,"LINESTRING (-111.940984 33.4197283,-111.931375 33.432364)"
16,D1,28,Gate3,2.522883047312659,"LINESTRING (-111.940984 33.4197283,-111.915025 33.4228545)"
16,D1,29,Gate4,1.1131071546134992,"LINESTRING (-111.940984 33.4197283,-111.931375 33.413345)"
17,D2,1,A1,1.0658042792717166,"LINESTRING (-111.9367946 33.4196978,-111.9423966 33.4292176)"
17,D2,2,A2,0.9813291440098962,"LINESTRING (-111.9367946 33.4196978,-111.9370258 33.4298654)"
17,D2,3,A3,1.045678548667014,"LINESTRING (-111.9367946 33.4196978,-111.9314053 33.4290999)"
17,D2,4,A4,1.3488282476506983,"LINESTRING (-111.9367946 33.4196978,-111.926268 33.4288957)"
17,D2,5,A5,1.9026230206377988,"LINESTRING (-111.9367946 33.4196978,-111.9196324 33.4294071)"
17,D2,6,B1,0.7728768619287221,"LINESTRING (-111.9367946 33.4196978,-111.9415443 33.4261476)"
17,D2,7,B2,0.5926467051002953,"LINESTRING (-111.9367946 33.4196978,-111.9369258 33.4258385)"
17,D2,8,B3,0.8319841052586684,"LINESTRING (-111.9367946 33.4196978,-111.9305188 33.4256106)"
17,D2,9,B4,1.2065127653726684,"LINESTRING (-111.9367946 33.4196978,-111.9257505 33.425561)"
17,D2,10,B5,1.490612656579383,"LINESTRING (-111.9367946 33.4196978,-111.9226959 33.4260126)"
17,D2,11,C1,0.5470097180891291,"LINESTRING (-111.9367946 33.4196978,-111.9416434 33.4226352)"
17,D2,12,C2,0.30437759078506926,"LINESTRING (-111.9367946 33.4196978,-111.9368547 33.4228517)"
17,D2,13,C3,0.6057077931867583,"LINESTRING (-111.9367946 33.4196978,-111.9311424 33.4224288)"
17,D2,14,C4,1.0908784051287161,"LINESTRING (-111.9367946 33.4196978,-111.9258398 33.4224923)"
17,D2,15,C5,1.590628151666366,"LINESTRING (-111.9367946 33.4196978,-111.920573 33.4226323)"
17,D2,16,D1,0.4042442601637765,"LINESTRING (-111.9367946 33.4196978,-111.940984 33.4197283)"
17,D2,17,D2,0.0,"LINESTRING (-111.9367946 33.4196978,-111.9367946 33.4196978)"
17,D2,18,D3,0.50731850261983,"LINESTRING (-111.9367946 33.4196978,-111.9315452 33.419993)"
17,D2,19,D4,1.0472307519506594,"LINESTRING (-111.9367946 33.4196978,-111.9259415 33.4197604)"
17,D2,20,D5,1.4878995191332818,"LINESTRING (-111.9367946 33.4196978,-111.9213745 33.419648)"
17,D2,21,E1,0.47700310994552786,"LINESTRING (-111.9367946 33.4196978,-111.9408989 33.4169422)"
17,D2,22,E2,0.3210370537694532,"LINESTRING (-111.9367946 33.4196978,-111.9366213 33.4163752)"
17,D2,23,E3,0.5659708653394199,"LINESTRING (-111.9367946 33.4196978,-111.9318168 33.4165951)"
17,D2,24,E4,1.0885164238592435,"LINESTRING (-111.9367946 33.4196978,-111.925987 33.4164638)"
17,D2,25,E5,1.5859866703742653,"LINESTRING (-111.9367946 33.4196978,-111.9207683 33.4160473)"
17,D2,26,Gate1,1.0977740227702588,"LINESTRING (-111.9367946 33.4196978,-111.947725 33.4228545)"
17,D2,27,Gate2,1.3293390342823164,"LINESTRING (-111.9367946 33.4196978,-111.931375 33.432364)"
17,D2,28,Gate3,2.1225194655607735,"LINESTRING (-111.9367946 33.4196978,-111.915025 33.4228545)"
17,D2,29,Gate4,0.8057373134802398,"LINESTRING (-111.9367946 33.4196978,-111.931375 33.413345)"
18,D3,1,A1,1.3742514156596932,"LINESTRING (-111.9315452 33.419993,-111.9423966 33.4292176)"
18,D3,2,A2,1.0895348195025765,"LINESTRING (-111.9315452 33.419993,-111.9370258 33.4298654)"
18,D3,3,A3,0.878830175959183,"LINESTRING (-111.9315452 33.419993,-111.9314053 33.4290999)"
18,D3,4,A4,0.9985983679556445,"LINESTRING (-111.9315452 33.419993,-111.926268 33.4288957)"
18,D3,5,A5,1.4650614293210986,"LINESTRING (-111.9315452 33.419993,-111.9196324 33.4294071)"
18,D3,6,B1,1.1329283534732424,"LINESTRING (-111.9315452 33.419993,-111.9415443 33.4261476)"
18,D3,7,B2,0.7665944280602545,"LINESTRING (-111.9315452 33.419993,-111.9369258 33.4258385)"
18,D3,8,B3,0.5510168054819305,"LINESTRING (-111.9315452 33.419993,-111.9305188 33.4256106)"
18,D3,9,B4,0.7754186462387421,"LINESTRING (-111.9315452 33.419993,-111.9257505 33.425561)"
18,D3,10,B5,1.0326969110763702,"LINESTRING (-111.9315452 33.419993,-111.9226959 33.4260126)"
18,D3,11,C1,1.007175046181444,"LINESTRING (-111.9315452 33.419993,-111.9416434 33.4226352)"
18,D3,12,C2,0.5818515941246134,"LINESTRING (-111.9315452 33.419993,-111.9368547 33.4228517)"
18,D3,13,C3,0.23822583408546474,"LINESTRING (-111.9315452 33.419993,-111.9311424 33.4224288)"
18,D3,14,C4,0.6010138116843813,"LINESTRING (-111.9315452 33.419993,-111.9258398 33.4224923)"
18,D3,15,C5,1.0889036424289806,"LINESTRING (-111.9315452 33.419993,-111.920573 33.4226323)"
18,D3,16,D1,0.9111100286748308,"LINESTRING (-111.9315452 33.419993,-111.940984 33.4197283)"
18,D3,17,D2,0.50731850261983,"LINESTRING (-111.9315452 33.419993,-111.9367946 33.4196978)"
18,D3,18,D3,0.0,"LINESTRING (-111.9315452 33.419993,-111.9315452 33.419993)"
18,D3,19,D4,0.5411604673510629,"LINESTRING (-111.9315452 33.419993,-111.9259415 33.4197604)"
18,D3,20,D5,0.9819380771947066,"LINESTRING (-111.9315452 33.419993,-111.9213745 33.419648)"
18,D3,21,E1,0.9493354225013029,"LINESTRING (-111.9315452 33.419993,-111.9408989 33.4169422)"
18,D3,22,E2,0.6014598672528543,"LINESTRING (-111.9315452 33.419993,-111.9366213 33.4163752)"
18,D3,23,E3,0.3289047493294357,"LINESTRING (-111.9315452 33.419993,-111.9318168 33.4165951)"
18,D3,24,E4,0.6352884032640577,"LINESTRING (-111.9315452 33.419993,-111.925987 33.4164638)"
18,D3,25,E5,1.1073643600347576,"LINESTRING (-111.9315452 33.419993,-111.9207683 33.4160473)"
18,D3,26,Gate1,1.5854177932204356,"LINESTRING (-111.9315452 33.419993,-111.947725 33.4228545)"
18,D3,27,Gate2,1.1937899713023383,"LINESTRING (-111.9315452 33.419993,-111.931375 33.432364)"
18,D3,28,Gate3,1.617768379995944,"LINESTRING (-111.9315452 33.419993,-111.915025 33.4228545)"
18,D3,29,Gate4,0.6416757860800242,"LINESTRING (-111.9315452 33.419993,-111.931375 33.413345)"
19,D4,1,A1,1.831295300753623,"LINESTRING (-111.9259415 33.4197604,-111.9423966 33.4292176)"
19,D4,2,A2,1.4472582053056737,"LINESTRING (-111.9259415 33.4197604,-111.9370258 33.4298654)"
19,D4,3,A3,1.0440498170389478,"LINESTRING (-111.9259415 33.4197604,-111.9314053 33.4290999)"
19,D4,4,A4,0.8820255441200636,"LINESTRING (-111.9259415 33.4197604,-111.926268 33.4288957)"
19,D4,5,A5,1.1122075686498476,"LINESTRING (-111.9259415 33.4197604,-111.9196324 33.4294071)"
19,D4,6,B1,1.6267671071533993,"LINESTRING (-111.9259415 33.4197604,-111.9415443 33.4261476)"
19,D4,7,B2,1.2113057503375873,"LINESTRING (-111.9259415 33.4197604,-111.9369258 33.4258385)"
19,D4,8,B3,0.7167310910158202,"LINESTRING (-111.9259415 33.4197604,-111.9305188 33.4256106)"
19,D4,9,B4,0.5600004093905272,"LINESTRING (-111.9259415 33.4197604,-111.9257505 33.425561)"
19,D4,10,B5,0.6797179834743571,"LINESTRING (-111.9259415 33.4197604,-111.9226959 33.4260126)"
19,D4,11,C1,1.540252219405859,"LINESTRING (-111.9259415 33.4197604,-111.9416434 33.4226352)"
19,D4,12,C2,1.0944381689269702,"LINESTRING (-111.9259415 33.4197604,-111.9368547 33.4228517)"
19,D4,13,C3,0.5640290049240894,"LINESTRING (-111.9259415 33.4197604,-111.9311424 33.4224288)"
19,D4,14,C4,0.26377479495147516,"LINESTRING (-111.9259415 33.4197604,-111.9258398 33.4224923)"
19,D4,15,C5,0.5874702180253644,"LINESTRING (-111.9259415 33.4197604,-111.920573 33.4226323)"
19,D4,16,D1,1.4514502138552223,"LINESTRING (-111.9259415 33.4197604,-111.940984 33.4197283)"
19,D4,17,D2,1.0472307519506594,"LINESTRING (-111.9259415 33.4197604,-111.9367946 33.4196978)"
19,D4,18,D3,0.5411604673510629,"LINESTRING (-111.9259415 33.4197604,-111.9315452 33.419993)"
19,D4,19,D4,0.0,"LINESTRING (-111.9259415 33.4197604,-111.9259415 33.4197604)"
19,D4,20,D5,0.440812097455148,"LINESTRING (-111.9259415 33.4197604,-111.9213745 33.419648)"
19,D4,21,E1,1.4686325918618897,"LINESTRING (-111.9259415 33.4197604,-111.9408989 33.4169422)"
19,D4,22,E2,1.081016210812171,"LINESTRING (-111.9259415 33.4197604,-111.9366213 33.4163752)"
19,D4,23,E3,0.6439416458727945,"LINESTRING (-111.9259415 33.4197604,-111.9318168 33.4165951)"
19,D4,24,E4,0.3181212012486797,"LINESTRING (-111.9259415 33.4197604,-111.925987 33.4164638)"
19,D4,25,E5,0.6144360275279135,"LINESTRING (-111.9259415 33.4197604,-111.9207683 33.4160473)"
19,D4,26,Gate1,2.122981663823227,"LINESTRING (-111.9259415 33.4197604,-111.947725 33.4228545)"
19,D4,27,Gate2,1.3243117714262056,"LINESTRING (-111.9259415 33.4197604,-111.931375 33.432364)"
19,D4,28,Gate3,1.0948283842021027,"LINESTRING (-111.9259415 33.4197604,-111.915025 33.4228545)"
19,D4,29,Gate4,0.8112070435446728,"LINESTRING (-111.9259415 33.4197604,-111.931375 33.413345)"
20,D5,1,A1,2.228708757980549,"LINESTRING (-111.9213745 33.419648,-111.9423966 33.4292176)"
20,D5,2,A2,1.8035150260022637,"LINESTRING (-111.9213745 33.419648,-111.9370258 33.4298654)"
20,D5,3,A3,1.3298761601940303,"LINESTRING (-111.9213745 33.419648,-111.9314053 33.4290999)"
20,D5,4,A4,1.0095469466870295,"LINESTRING (-111.9213745 33.419648,-111.926268 33.4288957)"
20,D5,5,A5,0.9565481822498283,"LINESTRING (-111.9213745 33.419648,-111.9196324 33.4294071)"
20,D5,6,B1,2.0447384092355185,"LINESTRING (-111.9213745 33.419648,-111.9415443 33.4261476)"
20,D5,7,B2,1.6150633418198737,"LINESTRING (-111.9213745 33.419648,-111.9369258 33.4258385)"
20,D5,8,B3,1.0533433788491906,"LINESTRING (-111.9213745 33.419648,-111.9305188 33.4256106)"
20,D5,9,B4,0.7098006791822398,"LINESTRING (-111.9213745 33.419648,-111.9257505 33.425561)"
20,D5,10,B5,0.6272227745175326,"LINESTRING (-111.9213745 33.419648,-111.9226959 33.4260126)"
20,D5,11,C1,1.9768740899615205,"LINESTRING (-111.9213745 33.419648,-111.9416434 33.4226352)"
20,D5,12,C2,1.5253396681660398,"LINESTRING (-111.9213745 33.419648,-111.9368547 33.4228517)"
20,D5,13,C3,0.9799628471180881,"LINESTRING (-111.9213745 33.419648,-111.9311424 33.4224288)"
20,D5,14,C4,0.5108454049998213,"LINESTRING (-111.9213745 33.419648,-111.9258398 33.4224923)"
20,D5,15,C5,0.2981615587738861,"LINESTRING (-111.9213745 33.419648,-111.920573 33.4226323)"
20,D5,16,D1,1.892141190746325,"LINESTRING (-111.9213745 33.419648,-111.940984 33.4197283)"
20,D5,17,D2,1.4878995191332818,"LINESTRING (-111.9213745 33.419648,-111.9367946 33.4196978)"
20,D5,18,D3,0.9819380771947066,"LINESTRING (-111.9213745 33.419648,-111.9315452 33.419993)"
20,D5,19,D4,0.440812097455148,"LINESTRING (-111.9213745 33.419648,-111.9259415 33.4197604)"
20,D5,20,D5,0.0,"LINESTRING (-111.9213745 33.419648,-111.9213745 33.419648)"
20,D5,21,E1,1.901920257937134,"LINESTRING (-111.9213745 33.419648,-111.9408989 33.4169422)"
20,D5,22,E2,1.504674385530693,"LINESTRING (-111.9213745 33.419648,-111.9366213 33.4163752)"
20,D5,23,E3,1.049757162121807,"LINESTRING (-111.9213745 33.419648,-111.9318168 33.4165951)"
20,D5,24,E4,0.5408086193735159,"LINESTRING (-111.9213745 33.419648,-111.925987 33.4164638)"
20,D5,25,E5,0.35231778466013913,"LINESTRING (-111.9213745 33.419648,-111.9207683 33.4160473)"
20,D5,26,Gate1,2.5613197199149083,"LINESTRING (-111.9213745 33.419648,-111.947725 33.4228545)"
20,D5,27,Gate2,1.5609580855479148,"LINESTRING (-111.9213745 33.419648,-111.931375 33.432364)"
20,D5,28,Gate3,0.6863521543080177,"LINESTRING (-111.9213745 33.419648,-111.915025 33.4228545)"
20,D5,29,Gate4,1.140616518450578,"LINESTRING (-111.9213745 33.419648,-111.931375 33.413345)"
21,E1,1,A1,1.193235459429476,"LINESTRING (-111.9408989 33.4169422,-111.9423966 33.4292176)"
21,E1,2,A2,1.301762756324128,"LINESTRING (-111.9408989 33.4169422,-111.9370258 33.4298654)"
21,E1,3,A3,1.4883833977082725,"LINESTRING (-111.9408989 33.4169422,-111.9314053 33.4290999)"
21,E1,4,A4,1.822997034654288,"LINESTRING (-111.9408989 33.4169422,-111.926268 33.4288957)"
21,E1,5,A5,2.378512650131365,"LINESTRING (-111.9408989 33.4169422,-111.9196324 33.4294071)"
21,E1,6,B1,0.890407452725374,"LINESTRING (-111.9408989 33.4169422,-111.9415443 33.4261476)"
21,E1,7,B2,0.9401193949404546,"LINESTRING (-111.9408989 33.4169422,-111.9369258 33.4258385)"
21,E1,8,B3,1.3048952273856274,"LINESTRING (-111.9408989 33.4169422,-111.9305188 33.4256106)"
21,E1,9,B4,1.6816954842549887,"LINESTRING (-111.9408989 33.4169422,-111.9257505 33.425561)"
21,E1,10,B5,1.9623895931095268,"LINESTRING (-111.9408989 33.4169422,-111.9226959 33.4260126)"
21,E1,11,C1,0.5539909901945956,"LINESTRING (-111.9408989 33.4169422,-111.9416434 33.4226352)"
21,E1,12,C2,0.6909560487938327,"LINESTRING (-111.9408989 33.4169422,-111.9368547 33.4228517)"
21,E1,13,C3,1.0800531241256386,"LINESTRING (-111.9408989 33.4169422,-111.9311424 33.4224288)"
21,E1,14,C4,1.5485970060254046,"LINESTRING (-111.9408989 33.4169422,-111.9258398 33.4224923)"
21,E1,15,C5,2.036647772688108,"LINESTRING (-111.9408989 33.4169422,-111.920573 33.4226323)"
21,E1,16,D1,0.26895255254231687,"LINESTRING (-111.9408989 33.4169422,-111.940984 33.4197283)"
21,E1,17,D2,0.47700310994552786,"LINESTRING (-111.9408989 33.4169422,-111.9367946 33.4196978)"
21,E1,18,D3,0.9493354225013029,"LINESTRING (-111.9408989 33.4169422,-111.9315452 33.419993)"
21,E1,19,D4,1.4686325918618897,"LINESTRING (-111.9408989 33.4169422,-111.9259415 33.4197604)"
21,E1,20,D5,1.901920257937134,"LINESTRING (-111.9408989 33.4169422,-111.9213745 33.419648)"
21,E1,21,E1,0.0,"LINESTRING (-111.9408989 33.4169422,-111.9408989 33.4169422)"
21,E1,22,E2,0.4163628667867629,"LINESTRING (-111.9408989 33.4169422,-111.9366213 33.4163752)"
21,E1,23,E3,0.8769732921626944,"LINESTRING (-111.9408989 33.4169422,-111.9318168 33.4165951)"
21,E1,24,E4,1.4395944048426912,"LINESTRING (-111.9408989 33.4169422,-111.925987 33.4164638)"
21,E1,25,E5,1.944319125902208,"LINESTRING (-111.9408989 33.4169422,-111.9207683 33.4160473)"
21,E1,26,Gate1,0.8713568807939395,"LINESTRING (-111.9408989 33.4169422,-111.947725 33.4228545)"
21,E1,27,Gate2,1.7489384044055558,"LINESTRING (-111.9408989 33.4169422,-111.931375 33.432364)"
21,E1,28,Gate3,2.560924022502242,"LINESTRING (-111.9408989 33.4169422,-111.915025 33.4228545)"
21,E1,29,Gate4,0.9823275013851928,"LINESTRING (-111.9408989 33.4169422,-111.931375 33.413345)"
22,E2,1,A1,1.358702568137121,"LINESTRING (-111.9366213 33.4163752,-111.9423966 33.4292176)"
22,E2,2,A2,1.3022616597394172,"LINESTRING (-111.9366213 33.4163752,-111.9370258 33.4298654)"
22,E2,3,A3,1.3269570928389425,"LINESTRING (-111.9366213 33.4163752,-111.9314053 33.4290999)"
22,E2,4,A4,1.5676386623599017,"LINESTRING (-111.9366213 33.4163752,-111.926268 33.4288957)"
22,E2,5,A5,2.0659977561376075,"LINESTRING (-111.9366213 33.4163752,-111.9196324 33.4294071)"
22,E2,6,B1,1.0558319478216127,"LINESTRING (-111.9366213 33.4163752,-111.9415443 33.4261476)"
22,E2,7,B2,0.9135851270323354,"LINESTRING (-111.9366213 33.4163752,-111.9369258 33.4258385)"
22,E2,8,B3,1.068094285091391,"LINESTRING (-111.9366213 33.4163752,-111.9305188 33.4256106)"
22,E2,9,B4,1.3732584062357949,"LINESTRING (-111.9366213 33.4163752,-111.9257505 33.425561)"
22,E2,10,B5,1.634065824578585,"LINESTRING (-111.9366213 33.4163752,-111.9226959 33.4260126)"
22,E2,11,C1,0.7743838074550343,"LINESTRING (-111.9366213 33.4163752,-111.9416434 33.4226352)"
22,E2,12,C2,0.6253290894345953,"LINESTRING (-111.9366213 33.4163752,-111.9368547 33.4228517)"
22,E2,13,C3,0.7878249977926524,"LINESTRING (-111.9366213 33.4163752,-111.9311424 33.4224288)"
22,E2,14,C4,1.196079756731018,"LINESTRING (-111.9366213 33.4163752,-111.9258398 33.4224923)"
22,E2,15,C5,1.6620319387047544,"LINESTRING (-111.9366213 33.4163752,-111.920573 33.4226323)"
22,E2,16,D1,0.5309300050296049,"LINESTRING (-111.9366213 33.4163752,-111.940984 33.4197283)"
22,E2,17,D2,0.3210370537694532,"LINESTRING (-111.9366213 33.4163752,-111.9367946 33.4196978)"
22,E2,18,D3,0.6014598672528543,"LINESTRING (-111.9366213 33.4163752,-111.9315452 33.419993)"
22,E2,19,D4,1.081016210812171,"LINESTRING (-111.9366213 33.4163752,-111.9259415 33.4197604)"
22,E2,20,D5,1.504674385530693,"LINESTRING (-111.9366213 33.4163752,-111.9213745 33.419648)"
22,E2,21,E1,0.4163628667867629,"LINESTRING (-111.9366213 33.4163752,-111.9408989 33.4169422)"
22,E2,22,E2,0.0,"LINESTRING (-111.9366213 33.4163752,-111.9366213 33.4163752)"
22,E2,23,E3,0.46406688410450747,"LINESTRING (-111.9366213 33.4163752,-111.9318168 33.4165951)"
22,E2,24,E4,1.026137376503999,"LINESTRING (-111.9366213 33.4163752,-111.925987 33.4164638)"
22,E2,25,E5,1.5299753304876997,"LINESTRING (-111.9366213 33.4163752,-111.9207683 33.4160473)"
22,E2,26,Gate1,1.2404684849594856,"LINESTRING (-111.9366213 33.4163752,-111.947725 33.4228545)"
22,E2,27,Gate2,1.6236879817065344,"LINESTRING (-111.9366213 33.4163752,-111.931375 33.432364)"
22,E2,28,Gate3,2.175586952081727,"LINESTRING (-111.9366213 33.4163752,-111.915025 33.4228545)"
22,E2,29,Gate4,0.5845820609248572,"LINESTRING (-111.9366213 33.4163752,-111.931375 33.413345)"
23,E3,1,A1,1.5891830242025542,"LINESTRING (-111.9318168 33.4165951,-111.9423966 33.4292176)"
23,E3,2,A2,1.3755641034122936,"LINESTRING (-111.9318168 33.4165951,-111.9370258 33.4298654)"
23,E3,3,A3,1.2072384934988751,"LINESTRING (-111.9318168 33.4165951,-111.9314053 33.4290999)"
23,E3,4,A4,1.302053933431923,"LINESTRING (-111.9318168 33.4165951,-111.926268 33.4288957)"
23,E3,5,A5,1.7060096367726463,"LINESTRING (-111.9318168 33.4165951,-111.9196324 33.4294071)"
23,E3,6,B1,1.3154974372448476,"LINESTRING (-111.9318168 33.4165951,-111.9415443 33.4261476)"
23,E3,7,B2,1.0190559842452065,"LINESTRING (-111.9318168 33.4165951,-111.9369258 33.4258385)"
23,E3,8,B3,0.878872408633414,"LINESTRING (-111.9318168 33.4165951,-111.9305188 33.4256106)"
23,E3,9,B4,1.044533304653228,"LINESTRING (-111.9318168 33.4165951,-111.9257505 33.425561)"
23,E3,10,B5,1.2650142708868715,"LINESTRING (-111.9318168 33.4165951,-111.9226959 33.4260126)"
23,E3,11,C1,1.1129581382373408,"LINESTRING (-111.9318168 33.4165951,-111.9416434 33.4226352)"
23,E3,12,C2,0.7750794404920969,"LINESTRING (-111.9318168 33.4165951,-111.9368547 33.4228517)"
23,E3,13,C3,0.5666421211571434,"LINESTRING (-111.9318168 33.4165951,-111.9311424 33.4224288)"
23,E3,14,C4,0.8101730349803882,"LINESTRING (-111.9318168 33.4165951,-111.9258398 33.4224923)"
23,E3,15,C5,1.2314105190800886,"LINESTRING (-111.9318168 33.4165951,-111.920573 33.4226323)"
23,E3,16,D1,0.9347782423976893,"LINESTRING (-111.9318168 33.4165951,-111.940984 33.4197283)"
23,E3,17,D2,0.5659708653394199,"LINESTRING (-111.9318168 33.4165951,-111.9367946 33.4196978)"
23,E3,18,D3,0.3289047493294357,"LINESTRING (-111.9318168 33.4165951,-111.9315452 33.419993)"
23,E3,19,D4,0.6439416458727945,"LINESTRING (-111.9318168 33.4165951,-111.9259415 33.4197604)"
23,E3,20,D5,1.049757162121807,"LINESTRING (-111.9318168 33.4165951,-111.9213745 33.419648)"
23,E3,21,E1,0.8769732921626944,"LINESTRING (-111.9318168 33.4165951,-111.9408989 33.4169422)"
23,E3,22,E2,0.46406688410450747,"LINESTRING (-111.9318168 33.4165951,-111.9366213 33.4163752)"
23,E3,23,E3,0.0,"LINESTRING (-111.9318168 33.4165951,-111.9318168 33.4165951)"
23,E3,24,E4,0.5626631996682883,"LINESTRING (-111.9318168 33.4165951,-111.925987 33.4164638)"
23,E3,25,E5,1.0673768676220878,"LINESTRING (-111.9318168 33.4165951,-111.9207683 33.4160473)"
23,E3,26,Gate1,1.649527934727742,"LINESTRING (-111.9318168 33.4165951,-111.947725 33.4228545)"
23,E3,27,Gate2,1.5221329824031344,"LINESTRING (-111.9318168 33.4165951,-111.931375 33.432364)"
23,E3,28,Gate3,1.729148545180537,"LINESTRING (-111.9318168 33.4165951,-111.915025 33.4228545)"
23,E3,29,Gate4,0.31649088814119364,"LINESTRING (-111.9318168 33.4165951,-111.931375 33.413345)"
24,E4,1,A1,2.005356110176013,"LINESTRING (-111.925987 33.4164638,-111.9423966 33.4292176)"
24,E4,2,A2,1.675314654428868,"LINESTRING (-111.925987 33.4164638,-111.9370258 33.4298654)"
24,E4,3,A3,1.3266216684776848,"LINESTRING (-111.925987 33.4164638,-111.9314053 33.4290999)"
24,E4,4,A4,1.1998603158181087,"LINESTRING (-111.925987 33.4164638,-111.926268 33.4288957)"
24,E4,5,A5,1.3912968972379955,"LINESTRING (-111.925987 33.4164638,-111.9196324 33.4294071)"
24,E4,6,B1,1.7681770222113977,"LINESTRING (-111.925987 33.4164638,-111.9415443 33.4261476)"
24,E4,7,B2,1.3900617539405162,"LINESTRING (-111.925987 33.4164638,-111.9369258 33.4258385)"
24,E4,8,B3,0.9849602853460014,"LINESTRING (-111.925987 33.4164638,-111.9305188 33.4256106)"
24,E4,9,B4,0.8780844110767444,"LINESTRING (-111.925987 33.4164638,-111.9257505 33.425561)"
24,E4,10,B5,0.9745531479282408,"LINESTRING (-111.925987 33.4164638,-111.9226959 33.4260126)"
24,E4,11,C1,1.6238107591399658,"LINESTRING (-111.925987 33.4164638,-111.9416434 33.4226352)"
24,E4,12,C2,1.2163569895468784,"LINESTRING (-111.925987 33.4164638,-111.9368547 33.4228517)"
24,E4,13,C3,0.7607436323923572,"LINESTRING (-111.925987 33.4164638,-111.9311424 33.4224288)"
24,E4,14,C4,0.5818563628906424,"LINESTRING (-111.925987 33.4164638,-111.9258398 33.4224923)"
24,E4,15,C5,0.7919291843477957,"LINESTRING (-111.925987 33.4164638,-111.920573 33.4226323)"
24,E4,16,D1,1.4809487376280537,"LINESTRING (-111.925987 33.4164638,-111.940984 33.4197283)"
24,E4,17,D2,1.0885164238592435,"LINESTRING (-111.925987 33.4164638,-111.9367946 33.4196978)"
24,E4,18,D3,0.6352884032640577,"LINESTRING (-111.925987 33.4164638,-111.9315452 33.419993)"
24,E4,19,D4,0.3181212012486797,"LINESTRING (-111.925987 33.4164638,-111.9259415 33.4197604)"
24,E4,20,D5,0.5408086193735159,"LINESTRING (-111.925987 33.4164638,-111.9213745 33.419648)"
24,E4,21,E1,1.4395944048426912,"LINESTRING (-111.925987 33.4164638,-111.9408989 33.4169422)"
24,E4,22,E2,1.026137376503999,"LINESTRING (-111.925987 33.4164638,-111.9366213 33.4163752)"
24,E4,23,E3,0.5626631996682883,"LINESTRING (-111.925987 33.4164638,-111.9318168 33.4165951)"
24,E4,24,E4,0.0,"LINESTRING (-111.925987 33.4164638,-111.925987 33.4164638)"
24,E4,25,E5,0.5051480071093016,"LINESTRING (-111.925987 33.4164638,-111.9207683 33.4160473)"
24,E4,26,Gate1,2.186265258661647,"LINESTRING (-111.925987 33.4164638,-111.947725 33.4228545)"
24,E4,27,Gate2,1.6199006670360776,"LINESTRING (-111.925987 33.4164638,-111.931375 33.432364)"
24,E4,28,Gate3,1.2243417883469838,"LINESTRING (-111.925987 33.4164638,-111.915025 33.4228545)"
24,E4,29,Gate4,0.6007067708207611,"LINESTRING (-111.925987 33.4164638,-111.931375 33.413345)"
25,E5,1,A1,2.4433890573088535,"LINESTRING (-111.9207683 33.4160473,-111.9423966 33.4292176)"
25,E5,2,A2,2.058760231197866,"LINESTRING (-111.9207683 33.4160473,-111.9370258 33.4298654)"
25,E5,3,A3,1.6246959194012354,"LINESTRING (-111.9207683 33.4160473,-111.9314053 33.4290999)"
25,E5,4,A4,1.348546901437151,"LINESTRING (-111.9207683 33.4160473,-111.926268 33.4288957)"
25,E5,5,A5,1.2937441696748795,"LINESTRING (-111.9207683 33.4160473,-111.9196324 33.4294071)"
25,E5,6,B1,2.229015045136317,"LINESTRING (-111.9207683 33.4160473,-111.9415443 33.4261476)"
25,E5,7,B2,1.8229455771682286,"LINESTRING (-111.9207683 33.4160473,-111.9369258 33.4258385)"
25,E5,8,B3,1.3178184661347239,"LINESTRING (-111.9207683 33.4160473,-111.9305188 33.4256106)"
25,E5,9,B4,1.0362370860724606,"LINESTRING (-111.9207683 33.4160473,-111.9257505 33.425561)"
25,E5,10,B5,0.97937824172165,"LINESTRING (-111.9207683 33.4160473,-111.9226959 33.4260126)"
25,E5,11,C1,2.1121566352679233,"LINESTRING (-111.9207683 33.4160473,-111.9416434 33.4226352)"
25,E5,12,C2,1.6853215878637327,"LINESTRING (-111.9207683 33.4160473,-111.9368547 33.4228517)"
25,E5,13,C3,1.1752237396506828,"LINESTRING (-111.9207683 33.4160473,-111.9311424 33.4224288)"
25,E5,14,C4,0.7913220003231662,"LINESTRING (-111.9207683 33.4160473,-111.9258398 33.4224923)"
25,E5,15,C5,0.6356675668745911,"LINESTRING (-111.9207683 33.4160473,-111.920573 33.4226323)"
25,E5,16,D1,1.982682988458343,"LINESTRING (-111.9207683 33.4160473,-111.940984 33.4197283)"
25,E5,17,D2,1.5859866703742653,"LINESTRING (-111.9207683 33.4160473,-111.9367946 33.4196978)"
25,E5,18,D3,1.1073643600347576,"LINESTRING (-111.9207683 33.4160473,-111.9315452 33.419993)"
25,E5,19,D4,0.6144360275279135,"LINESTRING (-111.9207683 33.4160473,-111.9259415 33.4197604)"
25,E5,20,D5,0.35231778466013913,"LINESTRING (-111.9207683 33.4160473,-111.9213745 33.419648)"
25,E5,21,E1,1.944319125902208,"LINESTRING (-111.9207683 33.4160473,-111.9408989 33.4169422)"
25,E5,22,E2,1.5299753304876997,"LINESTRING (-111.9207683 33.4160473,-111.9366213 33.4163752)"
25,E5,23,E3,1.0673768676220878,"LINESTRING (-111.9207683 33.4160473,-111.9318168 33.4165951)"
25,E5,24,E4,0.5051480071093016,"LINESTRING (-111.9207683 33.4160473,-111.925987 33.4164638)"
25,E5,25,E5,0.0,"LINESTRING (-111.9207683 33.4160473,-111.9207683 33.4160473)"
25,E5,26,Gate1,2.6826999523040924,"LINESTRING (-111.9207683 33.4160473,-111.947725 33.4228545)"
25,E5,27,Gate2,1.8778073054359161,"LINESTRING (-111.9207683 33.4160473,-111.931375 33.432364)"
25,E5,28,Gate3,0.8593796802246559,"LINESTRING (-111.9207683 33.4160473,-111.915025 33.4228545)"
25,E5,29,Gate4,1.056129912547961,"LINESTRING (-111.9207683 33.4160473,-111.931375 33.413345)"
26,Gate1,1,A1,0.8008109920247961,"LINESTRING (-111.947725 33.4228545,-111.9423966 33.4292176)"
26,Gate1,2,A2,1.2342667376354832,"LINESTRING (-111.947725 33.4228545,-111.9370258 33.4298654)"
26,Gate1,3,A3,1.6860558662240566,"LINESTRING (-111.947725 33.4228545,-111.9314053 33.4290999)"
26,Gate1,4,A4,2.150878598296399,"LINESTRING (-111.947725 33.4228545,-111.926268 33.4288957)"
26,Gate1,5,A5,2.7834169341372688,"LINESTRING (-111.947725 33.4228545,-111.9196324 33.4294071)"
26,Gate1,6,B1,0.6757447178428688,"LINESTRING (-111.947725 33.4228545,-111.9415443 33.4261476)"
26,Gate1,7,B2,1.081065076396257,"LINESTRING (-111.947725 33.4228545,-111.9369258 33.4258385)"
26,Gate1,8,B3,1.6813907918284967,"LINESTRING (-111.947725 33.4228545,-111.9305188 33.4256106)"
26,Gate1,9,B4,2.1363440429058107,"LINESTRING (-111.947725 33.4228545,-111.9257505 33.425561)"
26,Gate1,10,B5,2.4342104961983013,"LINESTRING (-111.947725 33.4228545,-111.9226959 33.4260126)"
26,Gate1,11,C1,0.5871969916468764,"LINESTRING (-111.947725 33.4228545,-111.9416434 33.4226352)"
26,Gate1,12,C2,1.0488777369913338,"LINESTRING (-111.947725 33.4228545,-111.9368547 33.4228517)"
26,Gate1,13,C3,1.6005797770491532,"LINESTRING (-111.947725 33.4228545,-111.9311424 33.4224288)"
26,Gate1,14,C4,2.111991037934665,"LINESTRING (-111.947725 33.4228545,-111.9258398 33.4224923)"
26,Gate1,15,C5,2.619983391007226,"LINESTRING (-111.947725 33.4228545,-111.920573 33.4226323)"
26,Gate1,16,D1,0.7169822892795104,"LINESTRING (-111.947725 33.4228545,-111.940984 33.4197283)"
26,Gate1,17,D2,1.0977740227702588,"LINESTRING (-111.947725 33.4228545,-111.9367946 33.4196978)"
26,Gate1,18,D3,1.5854177932204356,"LINESTRING (-111.947725 33.4228545,-111.9315452 33.419993)"
26,Gate1,19,D4,2.122981663823227,"LINESTRING (-111.947725 33.4228545,-111.9259415 33.4197604)"
26,Gate1,20,D5,2.5613197199149083,"LINESTRING (-111.947725 33.4228545,-111.9213745 33.419648)"
26,Gate1,21,E1,0.8713568807939395,"LINESTRING (-111.947725 33.4228545,-111.9408989 33.4169422)"
26,Gate1,22,E2,1.2404684849594856,"LINESTRING (-111.947725 33.4228545,-111.9366213 33.4163752)"
26,Gate1,23,E3,1.649527934727742,"LINESTRING (-111.947725 33.4228545,-111.9318168 33.4165951)"
26,Gate1,24,E4,2.186265258661647,"LINESTRING (-111.947725 33.4228545,-111.925987 33.4164638)"
26,Gate1,25,E5,2.6826999523040924,"LINESTRING (-111.947725 33.4228545,-111.9207683 33.4160473)"
26,Gate1,26,Gate1,0.0,"LINESTRING (-111.947725 33.4228545,-111.947725 33.4228545)"
26,Gate1,27,Gate2,1.8250466267150838,"LINESTRING (-111.947725 33.4228545,-111.931375 33.432364)"
26,Gate1,28,Gate3,3.1552229999991597,"LINESTRING (-111.947725 33.4228545,-111.915025 33.4228545)"
26,Gate1,29,Gate4,1.8250466267150838,"LINESTRING (-111.947725 33.4228545,-111.931375 33.413345)"
27,Gate2,1,A1,1.1059631241825352,"LINESTRING (-111.931375 33.432364,-111.9423966 33.4292176)"
27,Gate2,2,A2,0.596166137208572,"LINESTRING (-111.931375 33.432364,-111.9370258 33.4298654)"
27,Gate2,3,A3,0.3149640579962177,"LINESTRING (-111.931375 33.432364,-111.9314053 33.4290999)"
27,Gate2,4,A4,0.595664806797846,"LINESTRING (-111.931375 33.432364,-111.926268 33.4288957)"
27,Gate2,5,A5,1.1684128827433016,"LINESTRING (-111.931375 33.432364,-111.9196324 33.4294071)"
27,Gate2,6,B1,1.1500462463489414,"LINESTRING (-111.931375 33.432364,-111.9415443 33.4261476)"
27,Gate2,7,B2,0.8266303976830549,"LINESTRING (-111.931375 33.432364,-111.9369258 33.4258385)"
27,Gate2,8,B3,0.6568494828655413,"LINESTRING (-111.931375 33.432364,-111.9305188 33.4256106)"
27,Gate2,9,B4,0.8517165502426994,"LINESTRING (-111.931375 33.432364,-111.9257505 33.425561)"
27,Gate2,10,B5,1.0377380906883575,"LINESTRING (-111.931375 33.432364,-111.9226959 33.4260126)"
27,Gate2,11,C1,1.3648813280043026,"LINESTRING (-111.931375 33.432364,-111.9416434 33.4226352)"
27,Gate2,12,C2,1.0592385898298358,"LINESTRING (-111.931375 33.432364,-111.9368547 33.4228517)"
27,Gate2,13,C3,0.9589050637703657,"LINESTRING (-111.931375 33.432364,-111.9311424 33.4224288)"
27,Gate2,14,C4,1.0920414934741143,"LINESTRING (-111.931375 33.432364,-111.9258398 33.4224923)"
27,Gate2,15,C5,1.40288995962976,"LINESTRING (-111.931375 33.432364,-111.920573 33.4226323)"
27,Gate2,16,D1,1.53171574894059,"LINESTRING (-111.931375 33.432364,-111.940984 33.4197283)"
27,Gate2,17,D2,1.3293390342823164,"LINESTRING (-111.931375 33.432364,-111.9367946 33.4196978)"
27,Gate2,18,D3,1.1937899713023383,"LINESTRING (-111.931375 33.432364,-111.9315452 33.419993)"
27,Gate2,19,D4,1.3243117714262056,"LINESTRING (-111.931375 33.432364,-111.9259415 33.4197604)"
27,Gate2,20,D5,1.5609580855479148,"LINESTRING (-111.931375 33.432364,-111.9213745 33.419648)"
27,Gate2,21,E1,1.7489384044055558,"LINESTRING (-111.931375 33.432364,-111.9408989 33.4169422)"
27,Gate2,22,E2,1.6236879817065344,"LINESTRING (-111.931375 33.432364,-111.9366213 33.4163752)"
27,Gate2,23,E3,1.5221329824031344,"LINESTRING (-111.931375 33.432364,-111.9318168 33.4165951)"
27,Gate2,24,E4,1.6199006670360776,"LINESTRING (-111.931375 33.432364,-111.925987 33.4164638)"
27,Gate2,25,E5,1.8778073054359161,"LINESTRING (-111.931375 33.432364,-111.9207683 33.4160473)"
27,Gate2,26,Gate1,1.8250466267150838,"LINESTRING (-111.931375 33.432364,-111.947725 33.4228545)"
27,Gate2,27,Gate2,0.0,"LINESTRING (-111.931375 33.432364,-111.931375 33.432364)"
27,Gate2,28,Gate3,1.8250466267162688,"LINESTRING (-111.931375 33.432364,-111.915025 33.4228545)"
27,Gate2,29,Gate4,1.835142659038087,"LINESTRING (-111.931375 33.432364,-111.931375 33.413345)"
28,Gate3,1,A1,2.711514574934541,"LINESTRING (-111.915025 33.4228545,-111.9423966 33.4292176)"
28,Gate3,2,A2,2.228037994274467,"LINESTRING (-111.915025 33.4228545,-111.9370258 33.4298654)"
28,Gate3,3,A3,1.69152376837803,"LINESTRING (-111.915025 33.4228545,-111.9314053 33.4290999)"
28,Gate3,4,A4,1.2315321058883806,"LINESTRING (-111.915025 33.4228545,-111.926268 33.4288957)"
28,Gate3,5,A5,0.7729152491272188,"LINESTRING (-111.915025 33.4228545,-111.9196324 33.4294071)"
28,Gate3,6,B1,2.5784982511268195,"LINESTRING (-111.915025 33.4228545,-111.9415443 33.4261476)"
28,Gate3,7,B2,2.1327289391334068,"LINESTRING (-111.915025 33.4228545,-111.9369258 33.4258385)"
28,Gate3,8,B3,1.5184655401920255,"LINESTRING (-111.915025 33.4228545,-111.9305188 33.4256106)"
28,Gate3,9,B4,1.0673426692218322,"LINESTRING (-111.915025 33.4228545,-111.9257505 33.425561)"
28,Gate3,10,B5,0.8004359790962278,"LINESTRING (-111.915025 33.4228545,-111.9226959 33.4260126)"
28,Gate3,11,C1,2.568494734187222,"LINESTRING (-111.915025 33.4228545,-111.9416434 33.4226352)"
28,Gate3,12,C2,2.106345313864512,"LINESTRING (-111.915025 33.4228545,-111.9368547 33.4228517)"
28,Gate3,13,C3,1.5557124917536755,"LINESTRING (-111.915025 33.4228545,-111.9311424 33.4224288)"
28,Gate3,14,C4,1.0441064189640112,"LINESTRING (-111.915025 33.4228545,-111.9258398 33.4224923)"
28,Gate3,15,C5,0.5357565453061734,"LINESTRING (-111.915025 33.4228545,-111.920573 33.4226323)"
28,Gate3,16,D1,2.522883047312659,"LINESTRING (-111.915025 33.4228545,-111.940984 33.4197283)"
28,Gate3,17,D2,2.1225194655607735,"LINESTRING (-111.915025 33.4228545,-111.9367946 33.4196978)"
28,Gate3,18,D3,1.617768379995944,"LINESTRING (-111.915025 33.4228545,-111.9315452 33.419993)"
28,Gate3,19,D4,1.0948283842021027,"LINESTRING (-111.915025 33.4228545,-111.9259415 33.4197604)"
28,Gate3,20,D5,0.6863521543080177,"LINESTRING (-111.915025 33.4228545,-111.9213745 33.419648)"
28,Gate3,21,E1,2.560924022502242,"LINESTRING (-111.915025 33.4228545,-111.9408989 33.4169422)"
28,Gate3,22,E2,2.175586952081727,"LINESTRING (-111.915025 33.4228545,-111.9366213 33.4163752)"
28,Gate3,23,E3,1.729148545180537,"LINESTRING (-111.915025 33.4228545,-111.9318168 33.4165951)"
28,Gate3,24,E4,1.2243417883469838,"LINESTRING (-111.915025 33.4228545,-111.925987 33.4164638)"
28,Gate3,25,E5,0.8593796802246559,"LINESTRING (-111.915025 33.4228545,-111.9207683 33.4160473)"
28,Gate3,26,Gate1,3.1552229999991597,"LINESTRING (-111.915025 33.4228545,-111.947725 33.4228545)"
28,Gate3,27,Gate2,1.8250466267162688,"LINESTRING (-111.915025 33.4228545,-111.931375 33.432364)"
28,Gate3,28,Gate3,0.0,"LINESTRING (-111.915025 33.4228545,-111.915025 33.4228545)"
28,Gate3,29,Gate4,1.8250466267162688,"LINESTRING (-111.915025 33.4228545,-111.931375 33.413345)"
29,Gate4,1,A1,1.8645678594850106,"LINESTRING (-111.931375 33.413345,-111.9423966 33.4292176)"
29,Gate4,2,A2,1.6847290049313821,"LINESTRING (-111.931375 33.413345,-111.9370258 33.4298654)"
29,Gate4,3,A3,1.520195015396299,"LINESTRING (-111.931375 33.413345,-111.9314053 33.4290999)"
29,Gate4,4,A4,1.5793326787083306,"LINESTRING (-111.931375 33.413345,-111.926268 33.4288957)"
29,Gate4,5,A5,1.919837843846959,"LINESTRING (-111.931375 33.413345,-111.9196324 33.4294071)"
29,Gate4,6,B1,1.5776045086337283,"LINESTRING (-111.931375 33.413345,-111.9415443 33.4261476)"
29,Gate4,7,B2,1.3191189531253347,"LINESTRING (-111.931375 33.413345,-111.9369258 33.4258385)"
29,Gate4,8,B3,1.1863892902857214,"LINESTRING (-111.931375 33.413345,-111.9305188 33.4256106)"
29,Gate4,9,B4,1.297660726420329,"LINESTRING (-111.931375 33.413345,-111.9257505 33.425561)"
29,Gate4,10,B5,1.4816667476930623,"LINESTRING (-111.931375 33.413345,-111.9226959 33.4260126)"
29,Gate4,11,C1,1.3361222498925631,"LINESTRING (-111.931375 33.413345,-111.9416434 33.4226352)"
29,Gate4,12,C2,1.058776132077856,"LINESTRING (-111.931375 33.413345,-111.9368547 33.4228517)"
29,Gate4,13,C3,0.8767874645668708,"LINESTRING (-111.931375 33.413345,-111.9311424 33.4224288)"
29,Gate4,14,C4,1.031633624219047,"LINESTRING (-111.931375 33.413345,-111.9258398 33.4224923)"
29,Gate4,15,C5,1.374556657913322,"LINESTRING (-111.931375 33.413345,-111.920573 33.4226323)"
29,Gate4,16,D1,1.1131071546134992,"LINESTRING (-111.931375 33.413345,-111.940984 33.4197283)"
29,Gate4,17,D2,0.8057373134802398,"LINESTRING (-111.931375 33.413345,-111.9367946 33.4196978)"
29,Gate4,18,D3,0.6416757860800242,"LINESTRING (-111.931375 33.413345,-111.9315452 33.419993)"
29,Gate4,19,D4,0.8112070435446728,"LINESTRING (-111.931375 33.413345,-111.9259415 33.4197604)"
29,Gate4,20,D5,1.140616518450578,"LINESTRING (-111.931375 33.413345,-111.9213745 33.419648)"
29,Gate4,21,E1,0.9823275013851928,"LINESTRING (-111.931375 33.413345,-111.9408989 33.4169422)"
29,Gate4,22,E2,0.5845820609248572,"LINESTRING (-111.931375 33.413345,-111.9366213 33.4163752)"
29,Gate4,23,E3,0.31649088814119364,"LINESTRING (-111.931375 33.413345,-111.9318168 33.4165951)"
29,Gate4,24,E4,0.6007067708207611,"LINESTRING (-111.931375 33.413345,-111.925987 33.4164638)"
29,Gate4,25,E5,1.056129912547961,"LINESTRING (-111.931375 33.413345,-111.9207683 33.4160473)"
29,Gate4,26,Gate1,1.8250466267150838,"LINESTRING (-111.931375 33.413345,-111.947725 33.4228545)"
29,Gate4,27,Gate2,1.835142659038087,"LINESTRING (-111.931375 33.413345,-111.931375 33.432364)"
29,Gate4,28,Gate3,1.8250466267162688,"LINESTRING (-111.931375 33.413345,-111.915025 33.4228545)"
29,Gate4,29,Gate4,0.0,"LINESTRING (-111.931375 33.413345,-111.931375 33.413345)"
