name,link_id,osm_way_id,from_node_id,to_node_id,dir_flag,length,lanes,free_speed,capacity,link_type_name,link_type,geometry,allowed_uses,from_biway
,100000,,320,100001,,,,,,connector with residential,-1,"LINESTRING (-111.9449232 33.4294451 ,-111.94318503199999 33.429279767999994)"
,100001,,321,100001,,,,,,connector with residential,-1,"LINESTRING (-111.9445362 33.4301978 ,-111.94318503199999 33.429279767999994)"
,100002,,431,100001,,,,,,connector with residential,-1,"LINESTRING (-111.9447336 33.4302 ,-111.94318503199999 33.429279767999994)"
,100003,,579,100001,,,,,,connector with poi,-1,"LINESTRING (-111.9427134 33.4299705 ,-111.94318503199999 33.429279767999994)"
,100004,,580,100001,,,,,,connector with poi,-1,"LINESTRING (-111.9426416 33.4296715 ,-111.94318503199999 33.429279767999994)"
,100005,,587,100001,,,,,,connector with poi,-1,"LINESTRING (-111.9433358 33.4277712 ,-111.94318503199999 33.429279767999994)"
,100006,,603,100001,,,,,,connector with poi,-1,"LINESTRING (-111.9418549 33.4289587 ,-111.94318503199999 33.429279767999994)"
,100007,,633,100001,,,,,,connector with poi,-1,"LINESTRING (-111.9415252 33.4300788 ,-111.94318503199999 33.429279767999994)"
,100008,,700,100001,,,,,,connector with poi,-1,"LINESTRING (-111.9416895 33.4280571 ,-111.94318503199999 33.429279767999994)"
,100009,,701,100001,,,,,,connector with poi,-1,"LINESTRING (-111.9404138 33.4280488 ,-111.94318503199999 33.429279767999994)"
,100010,,767,100001,,,,,,connector with poi,-1,"LINESTRING (-111.9396276 33.4290018 ,-111.94318503199999 33.429279767999994)"
,100011,,769,100001,,,,,,connector with poi,-1,"LINESTRING (-111.9404432 33.4291212 ,-111.94318503199999 33.429279767999994)"
,100012,,776,100001,,,,,,connector with poi,-1,"LINESTRING (-111.9409219 33.4288786 ,-111.94318503199999 33.429279767999994)"
,100013,,878,100001,,,,,,connector with poi,-1,"LINESTRING (-111.9445009 33.4294361 ,-111.94318503199999 33.429279767999994)"
,100014,,879,100001,,,,,,connector with poi,-1,"LINESTRING (-111.944463 33.4300281 ,-111.94318503199999 33.429279767999994)"
,100015,,880,100001,,,,,,connector with poi,-1,"LINESTRING (-111.9445403 33.4297769 ,-111.94318503199999 33.429279767999994)"
,100016,,881,100001,,,,,,connector with poi,-1,"LINESTRING (-111.944818 33.42935 ,-111.94318503199999 33.429279767999994)"
,100017,,882,100001,,,,,,connector with poi,-1,"LINESTRING (-111.9446676 33.4300474 ,-111.94318503199999 33.429279767999994)"
,100018,,883,100001,,,,,,connector with poi,-1,"LINESTRING (-111.9446671 33.429926 ,-111.94318503199999 33.429279767999994)"
,100019,,884,100001,,,,,,connector with poi,-1,"LINESTRING (-111.9449178 33.4302576 ,-111.94318503199999 33.429279767999994)"
,100020,,886,100001,,,,,,connector with poi,-1,"LINESTRING (-111.9439325 33.4283066 ,-111.94318503199999 33.429279767999994)"
,100021,,887,100001,,,,,,connector with poi,-1,"LINESTRING (-111.9440529 33.4288937 ,-111.94318503199999 33.429279767999994)"
,100022,,894,100001,,,,,,connector with poi,-1,"LINESTRING (-111.944872 33.429055 ,-111.94318503199999 33.429279767999994)"
,100023,,912,100001,,,,,,connector with poi,-1,"LINESTRING (-111.939942 33.427787 ,-111.94318503199999 33.429279767999994)"
,100024,,949,100001,,,,,,connector with poi,-1,"LINESTRING (-111.9448918 33.4297287 ,-111.94318503199999 33.429279767999994)"
,200000,,705,100002,,,,,,connector with poi,-1,"LINESTRING (-111.9384709 33.4306011 ,-111.93820167999999 33.429676560000004)"
,200001,,706,100002,,,,,,connector with poi,-1,"LINESTRING (-111.9395159 33.430268 ,-111.93820167999999 33.429676560000004)"
,200002,,764,100002,,,,,,connector with poi,-1,"LINESTRING (-111.9394959 33.4278439 ,-111.93820167999999 33.429676560000004)"
,200003,,768,100002,,,,,,connector with poi,-1,"LINESTRING (-111.9392637 33.4288908 ,-111.93820167999999 33.429676560000004)"
,200004,,779,100002,,,,,,connector with poi,-1,"LINESTRING (-111.934262 33.430779 ,-111.93820167999999 33.429676560000004)"
,300000,,558,100003,,,,,,connector with poi,-1,"LINESTRING (-111.9323497 33.4282513 ,-111.93096888888891 33.42902277777778)"
,300001,,688,100003,,,,,,connector with poi,-1,"LINESTRING (-111.9287618 33.4281591 ,-111.93096888888891 33.42902277777778)"
,300002,,689,100003,,,,,,connector with poi,-1,"LINESTRING (-111.9298064 33.4281537 ,-111.93096888888891 33.42902277777778)"
,300003,,693,100003,,,,,,connector with poi,-1,"LINESTRING (-111.9317781 33.4297731 ,-111.93096888888891 33.42902277777778)"
,300004,,780,100003,,,,,,connector with poi,-1,"LINESTRING (-111.9331848 33.429885 ,-111.93096888888891 33.42902277777778)"
,300005,,781,100003,,,,,,connector with poi,-1,"LINESTRING (-111.9321107 33.4305406 ,-111.93096888888891 33.42902277777778)"
,300006,,782,100003,,,,,,connector with poi,-1,"LINESTRING (-111.9301937 33.4297 ,-111.93096888888891 33.42902277777778)"
,300007,,900,100003,,,,,,connector with poi,-1,"LINESTRING (-111.9299627 33.4291276 ,-111.93096888888891 33.42902277777778)"
,300008,,937,100003,,,,,,connector with poi,-1,"LINESTRING (-111.9305721 33.4276146 ,-111.93096888888891 33.42902277777778)"
,400000,,556,100004,,,,,,connector with poi,-1,"LINESTRING (-111.9281838 33.4284898 ,-111.92652061999999 33.42865924)"
,400001,,557,100004,,,,,,connector with poi,-1,"LINESTRING (-111.9279301 33.4276964 ,-111.92652061999999 33.42865924)"
,400002,,572,100004,,,,,,connector with poi,-1,"LINESTRING (-111.9236149 33.4284178 ,-111.92652061999999 33.42865924)"
,400003,,778,100004,,,,,,connector with poi,-1,"LINESTRING (-111.924806 33.4293144 ,-111.92652061999999 33.42865924)"
,400004,,804,100004,,,,,,connector with poi,-1,"LINESTRING (-111.9280683 33.4293778 ,-111.92652061999999 33.42865924)"
,500000,,568,100005,,,,,,connector with poi,-1,"LINESTRING (-111.9221543 33.4279785 ,-111.9221543 33.4279785)"
,600000,,3,100006,,,,,,connector with residential,-1,"LINESTRING (-111.9442814 33.4254737 ,-111.94170140285715 33.42598325428572)"
,600001,,29,100006,,,,,,connector with residential,-1,"LINESTRING (-111.943347 33.4254811 ,-111.94170140285715 33.42598325428572)"
,600002,,41,100006,,,,,,connector with residential,-1,"LINESTRING (-111.9400776 33.4264624 ,-111.94170140285715 33.42598325428572)"
,600003,,42,100006,,,,,,connector with residential,-1,"LINESTRING (-111.940778 33.4264585 ,-111.94170140285715 33.42598325428572)"
,600004,,47,100006,,,,,,connector with residential,-1,"LINESTRING (-111.9400679 33.4273849 ,-111.94170140285715 33.42598325428572)"
,600005,,48,100006,,,,,,connector with residential,-1,"LINESTRING (-111.9400797 33.4254922 ,-111.94170140285715 33.42598325428572)"
,600006,,140,100006,,,,,,connector with residential,-1,"LINESTRING (-111.9399641 33.4264662 ,-111.94170140285715 33.42598325428572)"
,600007,,189,100006,,,,,,connector with residential,-1,"LINESTRING (-111.9412674 33.4261177 ,-111.94170140285715 33.42598325428572)"
,600008,,190,100006,,,,,,connector with residential,-1,"LINESTRING (-111.9412736 33.4254885 ,-111.94170140285715 33.42598325428572)"
,600009,,192,100006,,,,,,connector with residential,-1,"LINESTRING (-111.9442762 33.426894 ,-111.94170140285715 33.42598325428572)"
,600010,,329,100006,,,,,,connector with residential,-1,"LINESTRING (-111.9446893 33.4254741 ,-111.94170140285715 33.42598325428572)"
,600011,,334,100006,,,,,,connector with residential,-1,"LINESTRING (-111.9412594 33.4264482 ,-111.94170140285715 33.42598325428572)"
,600012,,358,100006,,,,,,connector with residential,-1,"LINESTRING (-111.944695 33.4254749 ,-111.94170140285715 33.42598325428572)"
,600013,,407,100006,,,,,,connector with residential,-1,"LINESTRING (-111.945 33.4264311 ,-111.94170140285715 33.42598325428572)"
,600014,,584,100006,,,,,,connector with poi,-1,"LINESTRING (-111.9428647 33.4249455 ,-111.94170140285715 33.42598325428572)"
,600015,,602,100006,,,,,,connector with poi,-1,"LINESTRING (-111.9403003 33.4252246 ,-111.94170140285715 33.42598325428572)"
,600016,,629,100006,,,,,,connector with poi,-1,"LINESTRING (-111.9396364 33.4252043 ,-111.94170140285715 33.42598325428572)"
,600017,,630,100006,,,,,,connector with poi,-1,"LINESTRING (-111.9403503 33.4248897 ,-111.94170140285715 33.42598325428572)"
,600018,,631,100006,,,,,,connector with poi,-1,"LINESTRING (-111.9408995 33.4251447 ,-111.94170140285715 33.42598325428572)"
,600019,,632,100006,,,,,,connector with poi,-1,"LINESTRING (-111.9409802 33.4245472 ,-111.94170140285715 33.42598325428572)"
,600020,,660,100006,,,,,,connector with poi,-1,"LINESTRING (-111.9396448 33.4257591 ,-111.94170140285715 33.42598325428572)"
,600021,,709,100006,,,,,,connector with poi,-1,"LINESTRING (-111.9447301 33.4260399 ,-111.94170140285715 33.42598325428572)"
,600022,,766,100006,,,,,,connector with poi,-1,"LINESTRING (-111.9396988 33.4261603 ,-111.94170140285715 33.42598325428572)"
,600023,,770,100006,,,,,,connector with poi,-1,"LINESTRING (-111.9431126 33.4259531 ,-111.94170140285715 33.42598325428572)"
,600024,,771,100006,,,,,,connector with poi,-1,"LINESTRING (-111.942665 33.4264914 ,-111.94170140285715 33.42598325428572)"
,600025,,772,100006,,,,,,connector with poi,-1,"LINESTRING (-111.9403808 33.426002 ,-111.94170140285715 33.42598325428572)"
,600026,,773,100006,,,,,,connector with poi,-1,"LINESTRING (-111.9409537 33.4258189 ,-111.94170140285715 33.42598325428572)"
,600027,,774,100006,,,,,,connector with poi,-1,"LINESTRING (-111.9409049 33.4267899 ,-111.94170140285715 33.42598325428572)"
,600028,,775,100006,,,,,,connector with poi,-1,"LINESTRING (-111.9410657 33.4271188 ,-111.94170140285715 33.42598325428572)"
,600029,,815,100006,,,,,,connector with poi,-1,"LINESTRING (-111.9413434 33.4267077 ,-111.94170140285715 33.42598325428572)"
,600030,,885,100006,,,,,,connector with poi,-1,"LINESTRING (-111.9439797 33.426675 ,-111.94170140285715 33.42598325428572)"
,600031,,888,100006,,,,,,connector with poi,-1,"LINESTRING (-111.9432661 33.4273883 ,-111.94170140285715 33.42598325428572)"
,600032,,913,100006,,,,,,connector with poi,-1,"LINESTRING (-111.9398961 33.427163 ,-111.94170140285715 33.42598325428572)"
,600033,,914,100006,,,,,,connector with poi,-1,"LINESTRING (-111.9399411 33.4249177 ,-111.94170140285715 33.42598325428572)"
,600034,,952,100006,,,,,,connector with poi,-1,"LINESTRING (-111.9418783 33.4249253 ,-111.94170140285715 33.42598325428572)"
,700000,,444,100007,,,,,,connector with poi,-1,"LINESTRING (-111.9375866 33.4261909 ,-111.9368847647059 33.42570965294118)"
,700001,,549,100007,,,,,,connector with poi,-1,"LINESTRING (-111.9361198 33.4247288 ,-111.9368847647059 33.42570965294118)"
,700002,,573,100007,,,,,,connector with poi,-1,"LINESTRING (-111.9356533 33.4274366 ,-111.9368847647059 33.42570965294118)"
,700003,,574,100007,,,,,,connector with poi,-1,"LINESTRING (-111.9353213 33.4273596 ,-111.9368847647059 33.42570965294118)"
,700004,,577,100007,,,,,,connector with poi,-1,"LINESTRING (-111.9359326 33.4251373 ,-111.9368847647059 33.42570965294118)"
,700005,,592,100007,,,,,,connector with poi,-1,"LINESTRING (-111.9384454 33.4249338 ,-111.9368847647059 33.42570965294118)"
,700006,,628,100007,,,,,,connector with poi,-1,"LINESTRING (-111.9395473 33.4246614 ,-111.9368847647059 33.42570965294118)"
,700007,,757,100007,,,,,,connector with poi,-1,"LINESTRING (-111.9373262 33.4250752 ,-111.9368847647059 33.42570965294118)"
,700008,,758,100007,,,,,,connector with poi,-1,"LINESTRING (-111.9370488 33.4246679 ,-111.9368847647059 33.42570965294118)"
,700009,,762,100007,,,,,,connector with poi,-1,"LINESTRING (-111.9353206 33.4247365 ,-111.9368847647059 33.42570965294118)"
,700010,,763,100007,,,,,,connector with poi,-1,"LINESTRING (-111.9352797 33.4251597 ,-111.9368847647059 33.42570965294118)"
,700011,,765,100007,,,,,,connector with poi,-1,"LINESTRING (-111.9391558 33.4269134 ,-111.9368847647059 33.42570965294118)"
,700012,,809,100007,,,,,,connector with poi,-1,"LINESTRING (-111.9391671 33.4252055 ,-111.9368847647059 33.42570965294118)"
,700013,,819,100007,,,,,,connector with poi,-1,"LINESTRING (-111.9366946 33.4259464 ,-111.9368847647059 33.42570965294118)"
,700014,,820,100007,,,,,,connector with poi,-1,"LINESTRING (-111.9364624 33.4256295 ,-111.9368847647059 33.42570965294118)"
,700015,,821,100007,,,,,,connector with poi,-1,"LINESTRING (-111.9362882 33.4256278 ,-111.9368847647059 33.42570965294118)"
,700016,,822,100007,,,,,,connector with poi,-1,"LINESTRING (-111.9360738 33.4256288 ,-111.9368847647059 33.42570965294118)"
,700017,,823,100007,,,,,,connector with poi,-1,"LINESTRING (-111.9358734 33.4256289 ,-111.9368847647059 33.42570965294118)"
,700018,,824,100007,,,,,,connector with poi,-1,"LINESTRING (-111.935666 33.4256278 ,-111.9368847647059 33.42570965294118)"
,700019,,825,100007,,,,,,connector with poi,-1,"LINESTRING (-111.9363484 33.4257017 ,-111.9368847647059 33.42570965294118)"
,700020,,826,100007,,,,,,connector with poi,-1,"LINESTRING (-111.93609 33.4257141 ,-111.9368847647059 33.42570965294118)"
,700021,,827,100007,,,,,,connector with poi,-1,"LINESTRING (-111.9358665 33.4257202 ,-111.9368847647059 33.42570965294118)"
,700022,,828,100007,,,,,,connector with poi,-1,"LINESTRING (-111.9355867 33.4256907 ,-111.9368847647059 33.42570965294118)"
,700023,,829,100007,,,,,,connector with poi,-1,"LINESTRING (-111.9356033 33.4258915 ,-111.9368847647059 33.42570965294118)"
,700024,,830,100007,,,,,,connector with poi,-1,"LINESTRING (-111.935856 33.4259113 ,-111.9368847647059 33.42570965294118)"
,700025,,831,100007,,,,,,connector with poi,-1,"LINESTRING (-111.9360971 33.4259148 ,-111.9368847647059 33.42570965294118)"
,700026,,832,100007,,,,,,connector with poi,-1,"LINESTRING (-111.9364101 33.4258879 ,-111.9368847647059 33.42570965294118)"
,700027,,905,100007,,,,,,connector with poi,-1,"LINESTRING (-111.9386383 33.4263144 ,-111.9368847647059 33.42570965294118)"
,700028,,906,100007,,,,,,connector with poi,-1,"LINESTRING (-111.9388406 33.4258244 ,-111.9368847647059 33.42570965294118)"
,700029,,908,100007,,,,,,connector with poi,-1,"LINESTRING (-111.9361235 33.4258169 ,-111.9368847647059 33.42570965294118)"
,700030,,909,100007,,,,,,connector with poi,-1,"LINESTRING (-111.9367903 33.426279 ,-111.9368847647059 33.42570965294118)"
,700031,,910,100007,,,,,,connector with poi,-1,"LINESTRING (-111.9391693 33.4253545 ,-111.9368847647059 33.42570965294118)"
,700032,,911,100007,,,,,,connector with poi,-1,"LINESTRING (-111.9388396 33.4253758 ,-111.9368847647059 33.42570965294118)"
,700033,,951,100007,,,,,,connector with poi,-1,"LINESTRING (-111.9388594 33.4264352 ,-111.9368847647059 33.42570965294118)"
,800000,,441,100008,,,,,,connector with poi,-1,"LINESTRING (-111.9287466 33.4255082 ,-111.9302741 33.425639964285715)"
,800001,,442,100008,,,,,,connector with poi,-1,"LINESTRING (-111.9324938 33.4248362 ,-111.9302741 33.425639964285715)"
,800002,,443,100008,,,,,,connector with poi,-1,"LINESTRING (-111.9310035 33.4245108 ,-111.9302741 33.425639964285715)"
,800003,,559,100008,,,,,,connector with poi,-1,"LINESTRING (-111.9301671 33.4254462 ,-111.9302741 33.425639964285715)"
,800004,,673,100008,,,,,,connector with poi,-1,"LINESTRING (-111.9297048 33.4247148 ,-111.9302741 33.425639964285715)"
,800005,,690,100008,,,,,,connector with poi,-1,"LINESTRING (-111.9297943 33.4274945 ,-111.9302741 33.425639964285715)"
,800006,,691,100008,,,,,,connector with poi,-1,"LINESTRING (-111.9287527 33.4274982 ,-111.9302741 33.425639964285715)"
,800007,,744,100008,,,,,,connector with poi,-1,"LINESTRING (-111.929673 33.424508 ,-111.9302741 33.425639964285715)"
,800008,,746,100008,,,,,,connector with poi,-1,"LINESTRING (-111.9297256 33.4248806 ,-111.9302741 33.425639964285715)"
,800009,,747,100008,,,,,,connector with poi,-1,"LINESTRING (-111.9296996 33.425032 ,-111.9302741 33.425639964285715)"
,800010,,748,100008,,,,,,connector with poi,-1,"LINESTRING (-111.9296396 33.4251944 ,-111.9302741 33.425639964285715)"
,800011,,749,100008,,,,,,connector with poi,-1,"LINESTRING (-111.9295947 33.4253732 ,-111.9302741 33.425639964285715)"
,800012,,896,100008,,,,,,connector with poi,-1,"LINESTRING (-111.9322502 33.4274587 ,-111.9302741 33.425639964285715)"
,800013,,936,100008,,,,,,connector with poi,-1,"LINESTRING (-111.9325919 33.4265037 ,-111.9302741 33.425639964285715)"
,900000,,0,100009,,,,,,connector with residential,-1,"LINESTRING (-111.9275146 33.4245016 ,-111.92559442857142 33.425397735714284)"
,900001,,156,100009,,,,,,connector with residential,-1,"LINESTRING (-111.9263814 33.4245047 ,-111.92559442857142 33.425397735714284)"
,900002,,440,100009,,,,,,connector with poi,-1,"LINESTRING (-111.9280358 33.4250628 ,-111.92559442857142 33.425397735714284)"
,900003,,554,100009,,,,,,connector with poi,-1,"LINESTRING (-111.9276731 33.4248114 ,-111.92559442857142 33.425397735714284)"
,900004,,555,100009,,,,,,connector with poi,-1,"LINESTRING (-111.927613 33.4252375 ,-111.92559442857142 33.425397735714284)"
,900005,,561,100009,,,,,,connector with poi,-1,"LINESTRING (-111.925024 33.4249976 ,-111.92559442857142 33.425397735714284)"
,900006,,562,100009,,,,,,connector with poi,-1,"LINESTRING (-111.924081 33.4255564 ,-111.92559442857142 33.425397735714284)"
,900007,,564,100009,,,,,,connector with poi,-1,"LINESTRING (-111.9235159 33.4253469 ,-111.92559442857142 33.425397735714284)"
,900008,,565,100009,,,,,,connector with poi,-1,"LINESTRING (-111.9233172 33.4262404 ,-111.92559442857142 33.425397735714284)"
,900009,,566,100009,,,,,,connector with poi,-1,"LINESTRING (-111.9236948 33.4265306 ,-111.92559442857142 33.425397735714284)"
,900010,,626,100009,,,,,,connector with poi,-1,"LINESTRING (-111.9234468 33.4248025 ,-111.92559442857142 33.425397735714284)"
,900011,,733,100009,,,,,,connector with poi,-1,"LINESTRING (-111.9259114 33.4256487 ,-111.92559442857142 33.425397735714284)"
,900012,,735,100009,,,,,,connector with poi,-1,"LINESTRING (-111.9241022 33.4262946 ,-111.92559442857142 33.425397735714284)"
,900013,,812,100009,,,,,,connector with poi,-1,"LINESTRING (-111.9280108 33.4260326 ,-111.92559442857142 33.425397735714284)"
,1000000,,563,100010,,,,,,connector with poi,-1,"LINESTRING (-111.9224203 33.4245643 ,-111.92269586666667 33.42601263333333)"
,1000001,,567,100010,,,,,,connector with poi,-1,"LINESTRING (-111.9227979 33.4268422 ,-111.92269586666667 33.42601263333333)"
,1000002,,736,100010,,,,,,connector with poi,-1,"LINESTRING (-111.9228694 33.4266314 ,-111.92269586666667 33.42601263333333)"
,1100000,,4,100011,,,,,,connector with residential,-1,"LINESTRING (-111.9443033 33.4243197 ,-111.9416702627907 33.42286143255814)"
,1100001,,5,100011,,,,,,connector with residential,-1,"LINESTRING (-111.9442993 33.4231771 ,-111.9416702627907 33.42286143255814)"
,1100002,,6,100011,,,,,,connector with residential,-1,"LINESTRING (-111.9442661 33.4218936 ,-111.9416702627907 33.42286143255814)"
,1100003,,17,100011,,,,,,connector with residential,-1,"LINESTRING (-111.9400786 33.4243437 ,-111.9416702627907 33.42286143255814)"
,1100004,,49,100011,,,,,,connector with residential,-1,"LINESTRING (-111.9400687 33.4231956 ,-111.9416702627907 33.42286143255814)"
,1100005,,137,100011,,,,,,connector with residential,-1,"LINESTRING (-111.9399685 33.4231886 ,-111.9416702627907 33.42286143255814)"
,1100006,,138,100011,,,,,,connector with residential,-1,"LINESTRING (-111.9399523 33.4243448 ,-111.9416702627907 33.42286143255814)"
,1100007,,191,100011,,,,,,connector with residential,-1,"LINESTRING (-111.9412665 33.4243385 ,-111.9416702627907 33.42286143255814)"
,1100008,,276,100011,,,,,,connector with residential,-1,"LINESTRING (-111.9414555 33.4238427 ,-111.9416702627907 33.42286143255814)"
,1100009,,277,100011,,,,,,connector with residential,-1,"LINESTRING (-111.9416982 33.4236367 ,-111.9416702627907 33.42286143255814)"
,1100010,,582,100011,,,,,,connector with poi,-1,"LINESTRING (-111.9414584 33.4230064 ,-111.9416702627907 33.42286143255814)"
,1100011,,583,100011,,,,,,connector with poi,-1,"LINESTRING (-111.9419334 33.4230019 ,-111.9416702627907 33.42286143255814)"
,1100012,,588,100011,,,,,,connector with poi,-1,"LINESTRING (-111.9431241 33.4232121 ,-111.9416702627907 33.42286143255814)"
,1100013,,589,100011,,,,,,connector with poi,-1,"LINESTRING (-111.9417409 33.4222943 ,-111.9416702627907 33.42286143255814)"
,1100014,,597,100011,,,,,,connector with poi,-1,"LINESTRING (-111.941918 33.4239876 ,-111.9416702627907 33.42286143255814)"
,1100015,,598,100011,,,,,,connector with poi,-1,"LINESTRING (-111.9424313 33.4236501 ,-111.9416702627907 33.42286143255814)"
,1100016,,604,100011,,,,,,connector with poi,-1,"LINESTRING (-111.9396537 33.422608 ,-111.9416702627907 33.42286143255814)"
,1100017,,605,100011,,,,,,connector with poi,-1,"LINESTRING (-111.9396398 33.4222083 ,-111.9416702627907 33.42286143255814)"
,1100018,,627,100011,,,,,,connector with poi,-1,"LINESTRING (-111.9395879 33.4240592 ,-111.9416702627907 33.42286143255814)"
,1100019,,692,100011,,,,,,connector with poi,-1,"LINESTRING (-111.9408694 33.4216672 ,-111.9416702627907 33.42286143255814)"
,1100020,,696,100011,,,,,,connector with poi,-1,"LINESTRING (-111.9430581 33.4212854 ,-111.9416702627907 33.42286143255814)"
,1100021,,697,100011,,,,,,connector with poi,-1,"LINESTRING (-111.9427063 33.4215114 ,-111.9416702627907 33.42286143255814)"
,1100022,,698,100011,,,,,,connector with poi,-1,"LINESTRING (-111.9438609 33.4216046 ,-111.9416702627907 33.42286143255814)"
,1100023,,699,100011,,,,,,connector with poi,-1,"LINESTRING (-111.9403549 33.4215581 ,-111.9416702627907 33.42286143255814)"
,1100024,,710,100011,,,,,,connector with poi,-1,"LINESTRING (-111.9414222 33.4236071 ,-111.9416702627907 33.42286143255814)"
,1100025,,711,100011,,,,,,connector with poi,-1,"LINESTRING (-111.940901 33.4238554 ,-111.9416702627907 33.42286143255814)"
,1100026,,712,100011,,,,,,connector with poi,-1,"LINESTRING (-111.9404718 33.4234407 ,-111.9416702627907 33.42286143255814)"
,1100027,,713,100011,,,,,,connector with poi,-1,"LINESTRING (-111.940282 33.4238233 ,-111.9416702627907 33.42286143255814)"
,1100028,,714,100011,,,,,,connector with poi,-1,"LINESTRING (-111.940576 33.4241433 ,-111.9416702627907 33.42286143255814)"
,1100029,,715,100011,,,,,,connector with poi,-1,"LINESTRING (-111.9408928 33.4224433 ,-111.9416702627907 33.42286143255814)"
,1100030,,716,100011,,,,,,connector with poi,-1,"LINESTRING (-111.940386 33.4227341 ,-111.9416702627907 33.42286143255814)"
,1100031,,889,100011,,,,,,connector with poi,-1,"LINESTRING (-111.9440948 33.4239595 ,-111.9416702627907 33.42286143255814)"
,1100032,,890,100011,,,,,,connector with poi,-1,"LINESTRING (-111.9440853 33.4234235 ,-111.9416702627907 33.42286143255814)"
,1100033,,891,100011,,,,,,connector with poi,-1,"LINESTRING (-111.9409164 33.4214064 ,-111.9416702627907 33.42286143255814)"
,1100034,,892,100011,,,,,,connector with poi,-1,"LINESTRING (-111.9415994 33.4214416 ,-111.9416702627907 33.42286143255814)"
,1100035,,893,100011,,,,,,connector with poi,-1,"LINESTRING (-111.9416592 33.421587 ,-111.9416702627907 33.42286143255814)"
,1100036,,915,100011,,,,,,connector with poi,-1,"LINESTRING (-111.9398639 33.4225673 ,-111.9416702627907 33.42286143255814)"
,1100037,,916,100011,,,,,,connector with poi,-1,"LINESTRING (-111.9398638 33.4225313 ,-111.9416702627907 33.42286143255814)"
,1100038,,917,100011,,,,,,connector with poi,-1,"LINESTRING (-111.9421011 33.4215774 ,-111.9416702627907 33.42286143255814)"
,1100039,,918,100011,,,,,,connector with poi,-1,"LINESTRING (-111.9429875 33.422444 ,-111.9416702627907 33.42286143255814)"
,1100040,,919,100011,,,,,,connector with poi,-1,"LINESTRING (-111.9439911 33.4222844 ,-111.9416702627907 33.42286143255814)"
,1100041,,920,100011,,,,,,connector with poi,-1,"LINESTRING (-111.9445439 33.4221841 ,-111.9416702627907 33.42286143255814)"
,1100042,,950,100011,,,,,,connector with poi,-1,"LINESTRING (-111.941489 33.4216523 ,-111.9416702627907 33.42286143255814)"
,1200000,,18,100012,,,,,,connector with residential,-1,"LINESTRING (-111.9391418 33.4243489 ,-111.93696253000002 33.422868258)"
,1200001,,19,100012,,,,,,connector with residential,-1,"LINESTRING (-111.936666 33.4243591 ,-111.93696253000002 33.422868258)"
,1200002,,53,100012,,,,,,connector with residential,-1,"LINESTRING (-111.9366625 33.4219038 ,-111.93696253000002 33.422868258)"
,1200003,,62,100012,,,,,,connector with residential,-1,"LINESTRING (-111.9366746 33.4232058 ,-111.93696253000002 33.422868258)"
,1200004,,64,100012,,,,,,connector with residential,-1,"LINESTRING (-111.9381595 33.4231914 ,-111.93696253000002 33.422868258)"
,1200005,,124,100012,,,,,,connector with residential,-1,"LINESTRING (-111.9381462 33.4218977 ,-111.93696253000002 33.422868258)"
,1200006,,129,100012,,,,,,connector with residential,-1,"LINESTRING (-111.9366407 33.4212929 ,-111.93696253000002 33.422868258)"
,1200007,,130,100012,,,,,,connector with residential,-1,"LINESTRING (-111.936667 33.4212884 ,-111.93696253000002 33.422868258)"
,1200008,,148,100012,,,,,,connector with residential,-1,"LINESTRING (-111.9376334 33.4243567 ,-111.93696253000002 33.422868258)"
,1200009,,181,100012,,,,,,connector with residential,-1,"LINESTRING (-111.9366619 33.4219911 ,-111.93696253000002 33.422868258)"
,1200010,,182,100012,,,,,,connector with residential,-1,"LINESTRING (-111.9381452 33.4219872 ,-111.93696253000002 33.422868258)"
,1200011,,333,100012,,,,,,connector with residential,-1,"LINESTRING (-111.9377644 33.4242905 ,-111.93696253000002 33.422868258)"
,1200012,,464,100012,,,,,,connector with poi,-1,"LINESTRING (-111.9375169 33.4215848 ,-111.93696253000002 33.422868258)"
,1200013,,465,100012,,,,,,connector with poi,-1,"LINESTRING (-111.9378248 33.421633 ,-111.93696253000002 33.422868258)"
,1200014,,466,100012,,,,,,connector with poi,-1,"LINESTRING (-111.9370509 33.4215473 ,-111.93696253000002 33.422868258)"
,1200015,,479,100012,,,,,,connector with poi,-1,"LINESTRING (-111.9344444 33.4222825 ,-111.93696253000002 33.422868258)"
,1200016,,511,100012,,,,,,connector with poi,-1,"LINESTRING (-111.9353223 33.4215124 ,-111.93696253000002 33.422868258)"
,1200017,,513,100012,,,,,,connector with poi,-1,"LINESTRING (-111.9361905 33.4215084 ,-111.93696253000002 33.422868258)"
,1200018,,514,100012,,,,,,connector with poi,-1,"LINESTRING (-111.9363509 33.4217045 ,-111.93696253000002 33.422868258)"
,1200019,,534,100012,,,,,,connector with poi,-1,"LINESTRING (-111.9343278 33.4230381 ,-111.93696253000002 33.422868258)"
,1200020,,535,100012,,,,,,connector with poi,-1,"LINESTRING (-111.9347613 33.422862 ,-111.93696253000002 33.422868258)"
,1200021,,552,100012,,,,,,connector with poi,-1,"LINESTRING (-111.9347455 33.4238622 ,-111.93696253000002 33.422868258)"
,1200022,,553,100012,,,,,,connector with poi,-1,"LINESTRING (-111.9341852 33.4238096 ,-111.93696253000002 33.422868258)"
,1200023,,581,100012,,,,,,connector with poi,-1,"LINESTRING (-111.9394712 33.4235614 ,-111.93696253000002 33.422868258)"
,1200024,,586,100012,,,,,,connector with poi,-1,"LINESTRING (-111.9387472 33.424017 ,-111.93696253000002 33.422868258)"
,1200025,,599,100012,,,,,,connector with poi,-1,"LINESTRING (-111.9383609 33.4235224 ,-111.93696253000002 33.422868258)"
,1200026,,600,100012,,,,,,connector with poi,-1,"LINESTRING (-111.9385643 33.4235761 ,-111.93696253000002 33.422868258)"
,1200027,,601,100012,,,,,,connector with poi,-1,"LINESTRING (-111.9389177 33.4234766 ,-111.93696253000002 33.422868258)"
,1200028,,606,100012,,,,,,connector with poi,-1,"LINESTRING (-111.9390497 33.4224809 ,-111.93696253000002 33.422868258)"
,1200029,,607,100012,,,,,,connector with poi,-1,"LINESTRING (-111.9389767 33.4222044 ,-111.93696253000002 33.422868258)"
,1200030,,608,100012,,,,,,connector with poi,-1,"LINESTRING (-111.9364445 33.4225267 ,-111.93696253000002 33.422868258)"
,1200031,,609,100012,,,,,,connector with poi,-1,"LINESTRING (-111.9362394 33.4223886 ,-111.93696253000002 33.422868258)"
,1200032,,610,100012,,,,,,connector with poi,-1,"LINESTRING (-111.9352566 33.4228523 ,-111.93696253000002 33.422868258)"
,1200033,,611,100012,,,,,,connector with poi,-1,"LINESTRING (-111.9361322 33.4227141 ,-111.93696253000002 33.422868258)"
,1200034,,664,100012,,,,,,connector with poi,-1,"LINESTRING (-111.9370621 33.4240404 ,-111.93696253000002 33.422868258)"
,1200035,,718,100012,,,,,,connector with poi,-1,"LINESTRING (-111.9357482 33.4215551 ,-111.93696253000002 33.422868258)"
,1200036,,751,100012,,,,,,connector with poi,-1,"LINESTRING (-111.9355837 33.4235155 ,-111.93696253000002 33.422868258)"
,1200037,,752,100012,,,,,,connector with poi,-1,"LINESTRING (-111.9368756 33.4235195 ,-111.93696253000002 33.422868258)"
,1200038,,753,100012,,,,,,connector with poi,-1,"LINESTRING (-111.9378326 33.4239835 ,-111.93696253000002 33.422868258)"
,1200039,,754,100012,,,,,,connector with poi,-1,"LINESTRING (-111.9376548 33.4236001 ,-111.93696253000002 33.422868258)"
,1200040,,755,100012,,,,,,connector with poi,-1,"LINESTRING (-111.937351 33.4235094 ,-111.93696253000002 33.422868258)"
,1200041,,756,100012,,,,,,connector with poi,-1,"LINESTRING (-111.9364506 33.4235229 ,-111.93696253000002 33.422868258)"
,1200042,,759,100012,,,,,,connector with poi,-1,"LINESTRING (-111.9359834 33.4240345 ,-111.93696253000002 33.422868258)"
,1200043,,760,100012,,,,,,connector with poi,-1,"LINESTRING (-111.9352275 33.4239639 ,-111.93696253000002 33.422868258)"
,1200044,,761,100012,,,,,,connector with poi,-1,"LINESTRING (-111.9384549 33.4228304 ,-111.93696253000002 33.422868258)"
,1200045,,813,100012,,,,,,connector with poi,-1,"LINESTRING (-111.9359117 33.4222725 ,-111.93696253000002 33.422868258)"
,1200046,,814,100012,,,,,,connector with poi,-1,"LINESTRING (-111.9364452 33.4221707 ,-111.93696253000002 33.422868258)"
,1200047,,816,100012,,,,,,connector with poi,-1,"LINESTRING (-111.9392655 33.4229569 ,-111.93696253000002 33.422868258)"
,1200048,,817,100012,,,,,,connector with poi,-1,"LINESTRING (-111.9389078 33.4228793 ,-111.93696253000002 33.422868258)"
,1200049,,934,100012,,,,,,connector with poi,-1,"LINESTRING (-111.9355278 33.4222795 ,-111.93696253000002 33.422868258)"
,1300000,,15,100013,,,,,,connector with residential,-1,"LINESTRING (-111.9290798 33.4242989 ,-111.93140438571427 33.42246310571428)"
,1300001,,92,100013,,,,,,connector with residential,-1,"LINESTRING (-111.930412 33.4231839 ,-111.93140438571427 33.42246310571428)"
,1300002,,105,100013,,,,,,connector with residential,-1,"LINESTRING (-111.9304005 33.4232277 ,-111.93140438571427 33.42246310571428)"
,1300003,,445,100013,,,,,,connector with poi,-1,"LINESTRING (-111.9331086 33.4240275 ,-111.93140438571427 33.42246310571428)"
,1300004,,517,100013,,,,,,connector with poi,-1,"LINESTRING (-111.9330655 33.4213634 ,-111.93140438571427 33.42246310571428)"
,1300005,,520,100013,,,,,,connector with poi,-1,"LINESTRING (-111.9315262 33.4213726 ,-111.93140438571427 33.42246310571428)"
,1300006,,521,100013,,,,,,connector with poi,-1,"LINESTRING (-111.9313451 33.4216613 ,-111.93140438571427 33.42246310571428)"
,1300007,,522,100013,,,,,,connector with poi,-1,"LINESTRING (-111.9321378 33.4216503 ,-111.93140438571427 33.42246310571428)"
,1300008,,523,100013,,,,,,connector with poi,-1,"LINESTRING (-111.9322175 33.4213545 ,-111.93140438571427 33.42246310571428)"
,1300009,,530,100013,,,,,,connector with poi,-1,"LINESTRING (-111.9294109 33.4213278 ,-111.93140438571427 33.42246310571428)"
,1300010,,531,100013,,,,,,connector with poi,-1,"LINESTRING (-111.9295894 33.4216069 ,-111.93140438571427 33.42246310571428)"
,1300011,,550,100013,,,,,,connector with poi,-1,"LINESTRING (-111.9313502 33.4224352 ,-111.93140438571427 33.42246310571428)"
,1300012,,551,100013,,,,,,connector with poi,-1,"LINESTRING (-111.9305881 33.4228419 ,-111.93140438571427 33.42246310571428)"
,1300013,,612,100013,,,,,,connector with poi,-1,"LINESTRING (-111.9300864 33.4224631 ,-111.93140438571427 33.42246310571428)"
,1300014,,695,100013,,,,,,connector with poi,-1,"LINESTRING (-111.9302113 33.4215347 ,-111.93140438571427 33.42246310571428)"
,1300015,,743,100013,,,,,,connector with poi,-1,"LINESTRING (-111.9333858 33.4214293 ,-111.93140438571427 33.42246310571428)"
,1300016,,745,100013,,,,,,connector with poi,-1,"LINESTRING (-111.9297272 33.424336 ,-111.93140438571427 33.42246310571428)"
,1300017,,750,100013,,,,,,connector with poi,-1,"LINESTRING (-111.9294895 33.4223492 ,-111.93140438571427 33.42246310571428)"
,1300018,,783,100013,,,,,,connector with poi,-1,"LINESTRING (-111.9324018 33.4223747 ,-111.93140438571427 33.42246310571428)"
,1300019,,784,100013,,,,,,connector with poi,-1,"LINESTRING (-111.933197 33.4227466 ,-111.93140438571427 33.42246310571428)"
,1300020,,785,100013,,,,,,connector with poi,-1,"LINESTRING (-111.9331929 33.4223693 ,-111.93140438571427 33.42246310571428)"
,1300021,,786,100013,,,,,,connector with poi,-1,"LINESTRING (-111.930891 33.4225269 ,-111.93140438571427 33.42246310571428)"
,1300022,,787,100013,,,,,,connector with poi,-1,"LINESTRING (-111.9305956 33.4226005 ,-111.93140438571427 33.42246310571428)"
,1300023,,801,100013,,,,,,connector with poi,-1,"LINESTRING (-111.9308859 33.421675 ,-111.93140438571427 33.42246310571428)"
,1300024,,806,100013,,,,,,connector with poi,-1,"LINESTRING (-111.9318029 33.4215442 ,-111.93140438571427 33.42246310571428)"
,1300025,,807,100013,,,,,,connector with poi,-1,"LINESTRING (-111.9317967 33.4217834 ,-111.93140438571427 33.42246310571428)"
,1300026,,808,100013,,,,,,connector with poi,-1,"LINESTRING (-111.932526 33.4214742 ,-111.93140438571427 33.42246310571428)"
,1300027,,847,100013,,,,,,connector with poi,-1,"LINESTRING (-111.933343 33.4233512 ,-111.93140438571427 33.42246310571428)"
,1300028,,848,100013,,,,,,connector with poi,-1,"LINESTRING (-111.9328312 33.4231614 ,-111.93140438571427 33.42246310571428)"
,1300029,,849,100013,,,,,,connector with poi,-1,"LINESTRING (-111.9323541 33.4229788 ,-111.93140438571427 33.42246310571428)"
,1300030,,921,100013,,,,,,connector with poi,-1,"LINESTRING (-111.929863 33.4234963 ,-111.93140438571427 33.42246310571428)"
,1300031,,922,100013,,,,,,connector with poi,-1,"LINESTRING (-111.929373 33.4237718 ,-111.93140438571427 33.42246310571428)"
,1300032,,929,100013,,,,,,connector with poi,-1,"LINESTRING (-111.9313394 33.4228808 ,-111.93140438571427 33.42246310571428)"
,1300033,,931,100013,,,,,,connector with poi,-1,"LINESTRING (-111.9320874 33.4225104 ,-111.93140438571427 33.42246310571428)"
,1300034,,932,100013,,,,,,connector with poi,-1,"LINESTRING (-111.9335408 33.422499 ,-111.93140438571427 33.42246310571428)"
,1400000,,532,100014,,,,,,connector with poi,-1,"LINESTRING (-111.9284066 33.4215267 ,-111.92504856956522 33.4224314)"
,1400001,,560,100014,,,,,,connector with poi,-1,"LINESTRING (-111.9237806 33.424292 ,-111.92504856956522 33.4224314)"
,1400002,,569,100014,,,,,,connector with poi,-1,"LINESTRING (-111.9242621 33.4234924 ,-111.92504856956522 33.4224314)"
,1400003,,591,100014,,,,,,connector with poi,-1,"LINESTRING (-111.9247625 33.4213286 ,-111.92504856956522 33.4224314)"
,1400004,,620,100014,,,,,,connector with poi,-1,"LINESTRING (-111.9236924 33.4224501 ,-111.92504856956522 33.4224314)"
,1400005,,621,100014,,,,,,connector with poi,-1,"LINESTRING (-111.9243889 33.4224218 ,-111.92504856956522 33.4224314)"
,1400006,,622,100014,,,,,,connector with poi,-1,"LINESTRING (-111.9252258 33.4223816 ,-111.92504856956522 33.4224314)"
,1400007,,623,100014,,,,,,connector with poi,-1,"LINESTRING (-111.925861 33.422741 ,-111.92504856956522 33.4224314)"
,1400008,,624,100014,,,,,,connector with poi,-1,"LINESTRING (-111.9258421 33.4231622 ,-111.92504856956522 33.4224314)"
,1400009,,625,100014,,,,,,connector with poi,-1,"LINESTRING (-111.9258498 33.4235805 ,-111.92504856956522 33.4224314)"
,1400010,,640,100014,,,,,,connector with poi,-1,"LINESTRING (-111.9259122 33.4216604 ,-111.92504856956522 33.4224314)"
,1400011,,641,100014,,,,,,connector with poi,-1,"LINESTRING (-111.9258382 33.421356 ,-111.92504856956522 33.4224314)"
,1400012,,642,100014,,,,,,connector with poi,-1,"LINESTRING (-111.925511 33.4216684 ,-111.92504856956522 33.4224314)"
,1400013,,643,100014,,,,,,connector with poi,-1,"LINESTRING (-111.9252186 33.421653 ,-111.92504856956522 33.4224314)"
,1400014,,644,100014,,,,,,connector with poi,-1,"LINESTRING (-111.925226 33.4214152 ,-111.92504856956522 33.4224314)"
,1400015,,645,100014,,,,,,connector with poi,-1,"LINESTRING (-111.9243398 33.4216811 ,-111.92504856956522 33.4224314)"
,1400016,,731,100014,,,,,,connector with poi,-1,"LINESTRING (-111.9250793 33.4231379 ,-111.92504856956522 33.4224314)"
,1400017,,732,100014,,,,,,connector with poi,-1,"LINESTRING (-111.9244646 33.4239792 ,-111.92504856956522 33.4224314)"
,1400018,,737,100014,,,,,,connector with poi,-1,"LINESTRING (-111.9243376 33.4227476 ,-111.92504856956522 33.4224314)"
,1400019,,738,100014,,,,,,connector with poi,-1,"LINESTRING (-111.9235298 33.4233368 ,-111.92504856956522 33.4224314)"
,1400020,,857,100014,,,,,,connector with poi,-1,"LINESTRING (-111.9232897 33.4216654 ,-111.92504856956522 33.4224314)"
,1400021,,858,100014,,,,,,connector with poi,-1,"LINESTRING (-111.9232893 33.4213917 ,-111.92504856956522 33.4224314)"
,1400022,,930,100014,,,,,,connector with poi,-1,"LINESTRING (-111.9280092 33.4228526 ,-111.92504856956522 33.4224314)"
,1500000,,98,100015,,,,,,connector with residential,-1,"LINESTRING (-111.9228983 33.4238125 ,-111.92057721538458 33.422679211538465)"
,1500001,,336,100015,,,,,,connector with residential,-1,"LINESTRING (-111.921426 33.4213406 ,-111.92057721538458 33.422679211538465)"
,1500002,,570,100015,,,,,,connector with poi,-1,"LINESTRING (-111.9221619 33.4229782 ,-111.92057721538458 33.422679211538465)"
,1500003,,571,100015,,,,,,connector with poi,-1,"LINESTRING (-111.9211684 33.4232412 ,-111.92057721538458 33.422679211538465)"
,1500004,,618,100015,,,,,,connector with poi,-1,"LINESTRING (-111.9203657 33.4232492 ,-111.92057721538458 33.422679211538465)"
,1500005,,619,100015,,,,,,connector with poi,-1,"LINESTRING (-111.9199283 33.4224076 ,-111.92057721538458 33.422679211538465)"
,1500006,,674,100015,,,,,,connector with poi,-1,"LINESTRING (-111.9215582 33.4231381 ,-111.92057721538458 33.422679211538465)"
,1500007,,675,100015,,,,,,connector with poi,-1,"LINESTRING (-111.9215439 33.422965 ,-111.92057721538458 33.422679211538465)"
,1500008,,676,100015,,,,,,connector with poi,-1,"LINESTRING (-111.9214472 33.4227908 ,-111.92057721538458 33.422679211538465)"
,1500009,,677,100015,,,,,,connector with poi,-1,"LINESTRING (-111.9213964 33.4226103 ,-111.92057721538458 33.422679211538465)"
,1500010,,678,100015,,,,,,connector with poi,-1,"LINESTRING (-111.9213461 33.4224334 ,-111.92057721538458 33.422679211538465)"
,1500011,,679,100015,,,,,,connector with poi,-1,"LINESTRING (-111.9204012 33.422432 ,-111.92057721538458 33.422679211538465)"
,1500012,,680,100015,,,,,,connector with poi,-1,"LINESTRING (-111.9202806 33.4226095 ,-111.92057721538458 33.422679211538465)"
,1500013,,681,100015,,,,,,connector with poi,-1,"LINESTRING (-111.9202089 33.4227897 ,-111.92057721538458 33.422679211538465)"
,1500014,,682,100015,,,,,,connector with poi,-1,"LINESTRING (-111.9202089 33.4227897 ,-111.92057721538458 33.422679211538465)"
,1500015,,683,100015,,,,,,connector with poi,-1,"LINESTRING (-111.9199911 33.4229654 ,-111.92057721538458 33.422679211538465)"
,1500016,,684,100015,,,,,,connector with poi,-1,"LINESTRING (-111.9212418 33.4237276 ,-111.92057721538458 33.422679211538465)"
,1500017,,685,100015,,,,,,connector with poi,-1,"LINESTRING (-111.9207661 33.4235607 ,-111.92057721538458 33.422679211538465)"
,1500018,,734,100015,,,,,,connector with poi,-1,"LINESTRING (-111.9228595 33.4242988 ,-111.92057721538458 33.422679211538465)"
,1500019,,843,100015,,,,,,connector with poi,-1,"LINESTRING (-111.9183286 33.4216102 ,-111.92057721538458 33.422679211538465)"
,1500020,,844,100015,,,,,,connector with poi,-1,"LINESTRING (-111.9185819 33.4213106 ,-111.92057721538458 33.422679211538465)"
,1500021,,845,100015,,,,,,connector with poi,-1,"LINESTRING (-111.9188283 33.4217061 ,-111.92057721538458 33.422679211538465)"
,1500022,,846,100015,,,,,,connector with poi,-1,"LINESTRING (-111.9180125 33.4212765 ,-111.92057721538458 33.422679211538465)"
,1500023,,850,100015,,,,,,connector with poi,-1,"LINESTRING (-111.9185106 33.422457 ,-111.92057721538458 33.422679211538465)"
,1500024,,851,100015,,,,,,connector with poi,-1,"LINESTRING (-111.918562 33.4235198 ,-111.92057721538458 33.422679211538465)"
,1500025,,855,100015,,,,,,connector with poi,-1,"LINESTRING (-111.9229852 33.421639 ,-111.92057721538458 33.422679211538465)"
,1600000,,7,100016,,,,,,connector with residential,-1,"LINESTRING (-111.9442498 33.420638 ,-111.94121926904761 33.419742619047625)"
,1600001,,8,100016,,,,,,connector with residential,-1,"LINESTRING (-111.9442498 33.4203483 ,-111.94121926904761 33.419742619047625)"
,1600002,,9,100016,,,,,,connector with residential,-1,"LINESTRING (-111.944246 33.4194019 ,-111.94121926904761 33.419742619047625)"
,1600003,,10,100016,,,,,,connector with residential,-1,"LINESTRING (-111.9442453 33.4189174 ,-111.94121926904761 33.419742619047625)"
,1600004,,21,100016,,,,,,connector with residential,-1,"LINESTRING (-111.9412375 33.4190521 ,-111.94121926904761 33.419742619047625)"
,1600005,,26,100016,,,,,,connector with residential,-1,"LINESTRING (-111.9423945 33.4190482 ,-111.94121926904761 33.419742619047625)"
,1600006,,27,100016,,,,,,connector with residential,-1,"LINESTRING (-111.9423721 33.4205087 ,-111.94121926904761 33.419742619047625)"
,1600007,,69,100016,,,,,,connector with residential,-1,"LINESTRING (-111.9435657 33.4204019 ,-111.94121926904761 33.419742619047625)"
,1600008,,100,100016,,,,,,connector with residential,-1,"LINESTRING (-111.9423905 33.4212237 ,-111.94121926904761 33.419742619047625)"
,1600009,,121,100016,,,,,,connector with residential,-1,"LINESTRING (-111.940028 33.4190552 ,-111.94121926904761 33.419742619047625)"
,1600010,,122,100016,,,,,,connector with residential,-1,"LINESTRING (-111.9400474 33.4204936 ,-111.94121926904761 33.419742619047625)"
,1600011,,135,100016,,,,,,connector with residential,-1,"LINESTRING (-111.939854 33.4190575 ,-111.94121926904761 33.419742619047625)"
,1600012,,136,100016,,,,,,connector with residential,-1,"LINESTRING (-111.9398833 33.4204904 ,-111.94121926904761 33.419742619047625)"
,1600013,,196,100016,,,,,,connector with residential,-1,"LINESTRING (-111.9435652 33.4189718 ,-111.94121926904761 33.419742619047625)"
,1600014,,268,100016,,,,,,connector with residential,-1,"LINESTRING (-111.9397193 33.4204945 ,-111.94121926904761 33.419742619047625)"
,1600015,,337,100016,,,,,,connector with residential,-1,"LINESTRING (-111.9398947 33.419057 ,-111.94121926904761 33.419742619047625)"
,1600016,,338,100016,,,,,,connector with residential,-1,"LINESTRING (-111.939915 33.4204911 ,-111.94121926904761 33.419742619047625)"
,1600017,,339,100016,,,,,,connector with residential,-1,"LINESTRING (-111.9399806 33.4190558 ,-111.94121926904761 33.419742619047625)"
,1600018,,340,100016,,,,,,connector with residential,-1,"LINESTRING (-111.9399908 33.4204925 ,-111.94121926904761 33.419742619047625)"
,1600019,,347,100016,,,,,,connector with residential,-1,"LINESTRING (-111.9423293 33.4204753 ,-111.94121926904761 33.419742619047625)"
,1600020,,348,100016,,,,,,connector with residential,-1,"LINESTRING (-111.9424218 33.4204698 ,-111.94121926904761 33.419742619047625)"
,1600021,,349,100016,,,,,,connector with residential,-1,"LINESTRING (-111.9411873 33.4204889 ,-111.94121926904761 33.419742619047625)"
,1600022,,350,100016,,,,,,connector with residential,-1,"LINESTRING (-111.9423295 33.4204704 ,-111.94121926904761 33.419742619047625)"
,1600023,,351,100016,,,,,,connector with residential,-1,"LINESTRING (-111.9412797 33.4204834 ,-111.94121926904761 33.419742619047625)"
,1600024,,352,100016,,,,,,connector with residential,-1,"LINESTRING (-111.9411875 33.4204825 ,-111.94121926904761 33.419742619047625)"
,1600025,,353,100016,,,,,,connector with residential,-1,"LINESTRING (-111.9412313 33.4204449 ,-111.94121926904761 33.419742619047625)"
,1600026,,354,100016,,,,,,connector with residential,-1,"LINESTRING (-111.94123 33.4205223 ,-111.94121926904761 33.419742619047625)"
,1600027,,355,100016,,,,,,connector with residential,-1,"LINESTRING (-111.9423734 33.4204313 ,-111.94121926904761 33.419742619047625)"
,1600028,,740,100016,,,,,,connector with poi,-1,"LINESTRING (-111.9396364 33.4186825 ,-111.94121926904761 33.419742619047625)"
,1600029,,834,100016,,,,,,connector with poi,-1,"LINESTRING (-111.9404089 33.4181266 ,-111.94121926904761 33.419742619047625)"
,1600030,,835,100016,,,,,,connector with poi,-1,"LINESTRING (-111.9402787 33.4184994 ,-111.94121926904761 33.419742619047625)"
,1600031,,836,100016,,,,,,connector with poi,-1,"LINESTRING (-111.9402477 33.4188601 ,-111.94121926904761 33.419742619047625)"
,1600032,,837,100016,,,,,,connector with poi,-1,"LINESTRING (-111.9402188 33.4187049 ,-111.94121926904761 33.419742619047625)"
,1600033,,838,100016,,,,,,connector with poi,-1,"LINESTRING (-111.9402228 33.4193049 ,-111.94121926904761 33.419742619047625)"
,1600034,,839,100016,,,,,,connector with poi,-1,"LINESTRING (-111.9402508 33.4193883 ,-111.94121926904761 33.419742619047625)"
,1600035,,840,100016,,,,,,connector with poi,-1,"LINESTRING (-111.9404674 33.4193263 ,-111.94121926904761 33.419742619047625)"
,1600036,,895,100016,,,,,,connector with poi,-1,"LINESTRING (-111.940393 33.4211767 ,-111.94121926904761 33.419742619047625)"
,1600037,,901,100016,,,,,,connector with poi,-1,"LINESTRING (-111.9404753 33.4188691 ,-111.94121926904761 33.419742619047625)"
,1600038,,902,100016,,,,,,connector with poi,-1,"LINESTRING (-111.9404352 33.4186991 ,-111.94121926904761 33.419742619047625)"
,1600039,,903,100016,,,,,,connector with poi,-1,"LINESTRING (-111.9403085 33.418349 ,-111.94121926904761 33.419742619047625)"
,1600040,,904,100016,,,,,,connector with poi,-1,"LINESTRING (-111.9405013 33.418506 ,-111.94121926904761 33.419742619047625)"
,1600041,,907,100016,,,,,,connector with poi,-1,"LINESTRING (-111.9399652 33.4212287 ,-111.94121926904761 33.419742619047625)"
,1700000,,63,100017,,,,,,connector with residential,-1,"LINESTRING (-111.9381178 33.419078 ,-111.93679462432434 33.41969780810811)"
,1700001,,193,100017,,,,,,connector with residential,-1,"LINESTRING (-111.9366173 33.4190676 ,-111.93679462432434 33.41969780810811)"
,1700002,,195,100017,,,,,,connector with residential,-1,"LINESTRING (-111.9381205 33.4205221 ,-111.93679462432434 33.41969780810811)"
,1700003,,267,100017,,,,,,connector with residential,-1,"LINESTRING (-111.9389314 33.4205069 ,-111.93679462432434 33.41969780810811)"
,1700004,,454,100017,,,,,,connector with poi,-1,"LINESTRING (-111.9372563 33.418883 ,-111.93679462432434 33.41969780810811)"
,1700005,,456,100017,,,,,,connector with poi,-1,"LINESTRING (-111.9384161 33.4186855 ,-111.93679462432434 33.41969780810811)"
,1700006,,457,100017,,,,,,connector with poi,-1,"LINESTRING (-111.9393999 33.4194169 ,-111.93679462432434 33.41969780810811)"
,1700007,,458,100017,,,,,,connector with poi,-1,"LINESTRING (-111.9377832 33.4202025 ,-111.93679462432434 33.41969780810811)"
,1700008,,459,100017,,,,,,connector with poi,-1,"LINESTRING (-111.937336 33.4193724 ,-111.93679462432434 33.41969780810811)"
,1700009,,460,100017,,,,,,connector with poi,-1,"LINESTRING (-111.9371207 33.4198612 ,-111.93679462432434 33.41969780810811)"
,1700010,,461,100017,,,,,,connector with poi,-1,"LINESTRING (-111.9369019 33.420325 ,-111.93679462432434 33.41969780810811)"
,1700011,,462,100017,,,,,,connector with poi,-1,"LINESTRING (-111.9373196 33.4205089 ,-111.93679462432434 33.41969780810811)"
,1700012,,463,100017,,,,,,connector with poi,-1,"LINESTRING (-111.9378201 33.4209311 ,-111.93679462432434 33.41969780810811)"
,1700013,,467,100017,,,,,,connector with poi,-1,"LINESTRING (-111.9370487 33.4210195 ,-111.93679462432434 33.41969780810811)"
,1700014,,469,100017,,,,,,connector with poi,-1,"LINESTRING (-111.9345787 33.4190232 ,-111.93679462432434 33.41969780810811)"
,1700015,,470,100017,,,,,,connector with poi,-1,"LINESTRING (-111.9352842 33.4188625 ,-111.93679462432434 33.41969780810811)"
,1700016,,471,100017,,,,,,connector with poi,-1,"LINESTRING (-111.9353134 33.4185236 ,-111.93679462432434 33.41969780810811)"
,1700017,,472,100017,,,,,,connector with poi,-1,"LINESTRING (-111.9359876 33.4185275 ,-111.93679462432434 33.41969780810811)"
,1700018,,473,100017,,,,,,connector with poi,-1,"LINESTRING (-111.9358671 33.4191156 ,-111.93679462432434 33.41969780810811)"
,1700019,,474,100017,,,,,,connector with poi,-1,"LINESTRING (-111.9362726 33.4191167 ,-111.93679462432434 33.41969780810811)"
,1700020,,475,100017,,,,,,connector with poi,-1,"LINESTRING (-111.936137 33.4201191 ,-111.93679462432434 33.41969780810811)"
,1700021,,476,100017,,,,,,connector with poi,-1,"LINESTRING (-111.9354903 33.4199516 ,-111.93679462432434 33.41969780810811)"
,1700022,,477,100017,,,,,,connector with poi,-1,"LINESTRING (-111.9363861 33.4205425 ,-111.93679462432434 33.41969780810811)"
,1700023,,478,100017,,,,,,connector with poi,-1,"LINESTRING (-111.9362692 33.421004 ,-111.93679462432434 33.41969780810811)"
,1700024,,492,100017,,,,,,connector with poi,-1,"LINESTRING (-111.934572 33.4209301 ,-111.93679462432434 33.41969780810811)"
,1700025,,506,100017,,,,,,connector with poi,-1,"LINESTRING (-111.9355015 33.4206 ,-111.93679462432434 33.41969780810811)"
,1700026,,512,100017,,,,,,connector with poi,-1,"LINESTRING (-111.9355421 33.4210603 ,-111.93679462432434 33.41969780810811)"
,1700027,,596,100017,,,,,,connector with poi,-1,"LINESTRING (-111.9390348 33.4197351 ,-111.93679462432434 33.41969780810811)"
,1700028,,686,100017,,,,,,connector with poi,-1,"LINESTRING (-111.9346555 33.4183804 ,-111.93679462432434 33.41969780810811)"
,1700029,,687,100017,,,,,,connector with poi,-1,"LINESTRING (-111.9350771 33.4181103 ,-111.93679462432434 33.41969780810811)"
,1700030,,717,100017,,,,,,connector with poi,-1,"LINESTRING (-111.938969 33.4202254 ,-111.93679462432434 33.41969780810811)"
,1700031,,730,100017,,,,,,connector with poi,-1,"LINESTRING (-111.9390224 33.4194018 ,-111.93679462432434 33.41969780810811)"
,1700032,,741,100017,,,,,,connector with poi,-1,"LINESTRING (-111.9394697 33.4183961 ,-111.93679462432434 33.41969780810811)"
,1700033,,788,100017,,,,,,connector with poi,-1,"LINESTRING (-111.9360556 33.4205745 ,-111.93679462432434 33.41969780810811)"
,1700034,,805,100017,,,,,,connector with poi,-1,"LINESTRING (-111.9371585 33.4186186 ,-111.93679462432434 33.41969780810811)"
,1700035,,924,100017,,,,,,connector with poi,-1,"LINESTRING (-111.9360761 33.4196892 ,-111.93679462432434 33.41969780810811)"
,1700036,,925,100017,,,,,,connector with poi,-1,"LINESTRING (-111.9344911 33.4199302 ,-111.93679462432434 33.41969780810811)"
,1800000,,67,100018,,,,,,connector with residential,-1,"LINESTRING (-111.9339665 33.4183547 ,-111.93193018085105 33.41989386595745)"
,1800001,,77,100018,,,,,,connector with residential,-1,"LINESTRING (-111.9338292 33.4183283 ,-111.93193018085105 33.41989386595745)"
,1800002,,273,100018,,,,,,connector with residential,-1,"LINESTRING (-111.9313989 33.4183647 ,-111.93193018085105 33.41989386595745)"
,1800003,,480,100018,,,,,,connector with poi,-1,"LINESTRING (-111.9306065 33.4190371 ,-111.93193018085105 33.41989386595745)"
,1800004,,481,100018,,,,,,connector with poi,-1,"LINESTRING (-111.9314524 33.4189251 ,-111.93193018085105 33.41989386595745)"
,1800005,,483,100018,,,,,,connector with poi,-1,"LINESTRING (-111.9295619 33.4206425 ,-111.93193018085105 33.41989386595745)"
,1800006,,484,100018,,,,,,connector with poi,-1,"LINESTRING (-111.9295954 33.4210385 ,-111.93193018085105 33.41989386595745)"
,1800007,,493,100018,,,,,,connector with poi,-1,"LINESTRING (-111.9335621 33.4190933 ,-111.93193018085105 33.41989386595745)"
,1800008,,494,100018,,,,,,connector with poi,-1,"LINESTRING (-111.9338194 33.4195227 ,-111.93193018085105 33.41989386595745)"
,1800009,,495,100018,,,,,,connector with poi,-1,"LINESTRING (-111.9337502 33.420015 ,-111.93193018085105 33.41989386595745)"
,1800010,,496,100018,,,,,,connector with poi,-1,"LINESTRING (-111.9321004 33.4200745 ,-111.93193018085105 33.41989386595745)"
,1800011,,497,100018,,,,,,connector with poi,-1,"LINESTRING (-111.9313689 33.4197609 ,-111.93193018085105 33.41989386595745)"
,1800012,,498,100018,,,,,,connector with poi,-1,"LINESTRING (-111.9321261 33.4186278 ,-111.93193018085105 33.41989386595745)"
,1800013,,499,100018,,,,,,connector with poi,-1,"LINESTRING (-111.9323716 33.4187934 ,-111.93193018085105 33.41989386595745)"
,1800014,,500,100018,,,,,,connector with poi,-1,"LINESTRING (-111.9322365 33.4189616 ,-111.93193018085105 33.41989386595745)"
,1800015,,501,100018,,,,,,connector with poi,-1,"LINESTRING (-111.9321958 33.4191301 ,-111.93193018085105 33.41989386595745)"
,1800016,,502,100018,,,,,,connector with poi,-1,"LINESTRING (-111.9322387 33.4193092 ,-111.93193018085105 33.41989386595745)"
,1800017,,503,100018,,,,,,connector with poi,-1,"LINESTRING (-111.9321958 33.4194919 ,-111.93193018085105 33.41989386595745)"
,1800018,,504,100018,,,,,,connector with poi,-1,"LINESTRING (-111.9322387 33.4196638 ,-111.93193018085105 33.41989386595745)"
,1800019,,505,100018,,,,,,connector with poi,-1,"LINESTRING (-111.9295583 33.419874 ,-111.93193018085105 33.41989386595745)"
,1800020,,515,100018,,,,,,connector with poi,-1,"LINESTRING (-111.9339623 33.4205656 ,-111.93193018085105 33.41989386595745)"
,1800021,,516,100018,,,,,,connector with poi,-1,"LINESTRING (-111.9335481 33.4209652 ,-111.93193018085105 33.41989386595745)"
,1800022,,518,100018,,,,,,connector with poi,-1,"LINESTRING (-111.9330453 33.4205338 ,-111.93193018085105 33.41989386595745)"
,1800023,,519,100018,,,,,,connector with poi,-1,"LINESTRING (-111.931406 33.420992 ,-111.93193018085105 33.41989386595745)"
,1800024,,524,100018,,,,,,connector with poi,-1,"LINESTRING (-111.932214 33.4210641 ,-111.93193018085105 33.41989386595745)"
,1800025,,525,100018,,,,,,connector with poi,-1,"LINESTRING (-111.9321444 33.4208366 ,-111.93193018085105 33.41989386595745)"
,1800026,,526,100018,,,,,,connector with poi,-1,"LINESTRING (-111.9323712 33.4205916 ,-111.93193018085105 33.41989386595745)"
,1800027,,527,100018,,,,,,connector with poi,-1,"LINESTRING (-111.9319692 33.4206279 ,-111.93193018085105 33.41989386595745)"
,1800028,,528,100018,,,,,,connector with poi,-1,"LINESTRING (-111.9309813 33.4206974 ,-111.93193018085105 33.41989386595745)"
,1800029,,529,100018,,,,,,connector with poi,-1,"LINESTRING (-111.9304716 33.4207844 ,-111.93193018085105 33.41989386595745)"
,1800030,,585,100018,,,,,,connector with poi,-1,"LINESTRING (-111.9306996 33.4199612 ,-111.93193018085105 33.41989386595745)"
,1800031,,594,100018,,,,,,connector with poi,-1,"LINESTRING (-111.9295163 33.4187859 ,-111.93193018085105 33.41989386595745)"
,1800032,,595,100018,,,,,,connector with poi,-1,"LINESTRING (-111.9295675 33.4193669 ,-111.93193018085105 33.41989386595745)"
,1800033,,672,100018,,,,,,connector with poi,-1,"LINESTRING (-111.9339996 33.4209487 ,-111.93193018085105 33.41989386595745)"
,1800034,,739,100018,,,,,,connector with poi,-1,"LINESTRING (-111.9329169 33.4192019 ,-111.93193018085105 33.41989386595745)"
,1800035,,742,100018,,,,,,connector with poi,-1,"LINESTRING (-111.9331234 33.4209421 ,-111.93193018085105 33.41989386595745)"
,1800036,,791,100018,,,,,,connector with poi,-1,"LINESTRING (-111.9326349 33.4206602 ,-111.93193018085105 33.41989386595745)"
,1800037,,802,100018,,,,,,connector with poi,-1,"LINESTRING (-111.9319977 33.4212108 ,-111.93193018085105 33.41989386595745)"
,1800038,,803,100018,,,,,,connector with poi,-1,"LINESTRING (-111.9320432 33.4212293 ,-111.93193018085105 33.41989386595745)"
,1800039,,810,100018,,,,,,connector with poi,-1,"LINESTRING (-111.933751 33.4186776 ,-111.93193018085105 33.41989386595745)"
,1800040,,811,100018,,,,,,connector with poi,-1,"LINESTRING (-111.933182 33.4186425 ,-111.93193018085105 33.41989386595745)"
,1800041,,833,100018,,,,,,connector with poi,-1,"LINESTRING (-111.9318337 33.4204622 ,-111.93193018085105 33.41989386595745)"
,1800042,,841,100018,,,,,,connector with poi,-1,"LINESTRING (-111.9302122 33.4185961 ,-111.93193018085105 33.41989386595745)"
,1800043,,897,100018,,,,,,connector with poi,-1,"LINESTRING (-111.9291485 33.4208426 ,-111.93193018085105 33.41989386595745)"
,1800044,,898,100018,,,,,,connector with poi,-1,"LINESTRING (-111.9300364 33.420569 ,-111.93193018085105 33.41989386595745)"
,1800045,,899,100018,,,,,,connector with poi,-1,"LINESTRING (-111.930628 33.4203923 ,-111.93193018085105 33.41989386595745)"
,1800046,,926,100018,,,,,,connector with poi,-1,"LINESTRING (-111.9331409 33.4198547 ,-111.93193018085105 33.41989386595745)"
,1900000,,269,100019,,,,,,connector with residential,-1,"LINESTRING (-111.9277064 33.4186462 ,-111.92574175882352 33.41969319411765)"
,1900001,,318,100019,,,,,,connector with residential,-1,"LINESTRING (-111.9278714 33.4202692 ,-111.92574175882352 33.41969319411765)"
,1900002,,508,100019,,,,,,connector with poi,-1,"LINESTRING (-111.9282766 33.4207184 ,-111.92574175882352 33.41969319411765)"
,1900003,,533,100019,,,,,,connector with poi,-1,"LINESTRING (-111.9283354 33.419028 ,-111.92574175882352 33.41969319411765)"
,1900004,,646,100019,,,,,,connector with poi,-1,"LINESTRING (-111.9242346 33.4212322 ,-111.92574175882352 33.41969319411765)"
,1900005,,647,100019,,,,,,connector with poi,-1,"LINESTRING (-111.9249669 33.4194331 ,-111.92574175882352 33.41969319411765)"
,1900006,,648,100019,,,,,,connector with poi,-1,"LINESTRING (-111.9232557 33.4188939 ,-111.92574175882352 33.41969319411765)"
,1900007,,653,100019,,,,,,connector with poi,-1,"LINESTRING (-111.9232999 33.4184474 ,-111.92574175882352 33.41969319411765)"
,1900008,,654,100019,,,,,,connector with poi,-1,"LINESTRING (-111.9237472 33.4201583 ,-111.92574175882352 33.41969319411765)"
,1900009,,666,100019,,,,,,connector with poi,-1,"LINESTRING (-111.9272209 33.4193616 ,-111.92574175882352 33.41969319411765)"
,1900010,,725,100019,,,,,,connector with poi,-1,"LINESTRING (-111.9252483 33.4199365 ,-111.92574175882352 33.41969319411765)"
,1900011,,726,100019,,,,,,connector with poi,-1,"LINESTRING (-111.9257238 33.4191768 ,-111.92574175882352 33.41969319411765)"
,1900012,,777,100019,,,,,,connector with poi,-1,"LINESTRING (-111.9246884 33.4198952 ,-111.92574175882352 33.41969319411765)"
,1900013,,818,100019,,,,,,connector with poi,-1,"LINESTRING (-111.9273486 33.4199901 ,-111.92574175882352 33.41969319411765)"
,1900014,,852,100019,,,,,,connector with poi,-1,"LINESTRING (-111.9240301 33.4188008 ,-111.92574175882352 33.41969319411765)"
,1900015,,859,100019,,,,,,connector with poi,-1,"LINESTRING (-111.9232887 33.4210528 ,-111.92574175882352 33.41969319411765)"
,1900016,,935,100019,,,,,,connector with poi,-1,"LINESTRING (-111.928367 33.4197438 ,-111.92574175882352 33.41969319411765)"
,2000000,,56,100020,,,,,,connector with residential,-1,"LINESTRING (-111.9186841 33.4184064 ,-111.92161275333332 33.419661893333334)"
,2000001,,83,100020,,,,,,connector with residential,-1,"LINESTRING (-111.9205552 33.4187226 ,-111.92161275333332 33.419661893333334)"
,2000002,,335,100020,,,,,,connector with residential,-1,"LINESTRING (-111.9192909 33.4209657 ,-111.92161275333332 33.419661893333334)"
,2000003,,649,100020,,,,,,connector with poi,-1,"LINESTRING (-111.922581 33.4193681 ,-111.92161275333332 33.419661893333334)"
,2000004,,650,100020,,,,,,connector with poi,-1,"LINESTRING (-111.9229863 33.4191582 ,-111.92161275333332 33.419661893333334)"
,2000005,,651,100020,,,,,,connector with poi,-1,"LINESTRING (-111.9227268 33.419276 ,-111.92161275333332 33.419661893333334)"
,2000006,,652,100020,,,,,,connector with poi,-1,"LINESTRING (-111.9226 33.418994 ,-111.92161275333332 33.419661893333334)"
,2000007,,655,100020,,,,,,connector with poi,-1,"LINESTRING (-111.9225634 33.4199575 ,-111.92161275333332 33.419661893333334)"
,2000008,,656,100020,,,,,,connector with poi,-1,"LINESTRING (-111.9217629 33.4198507 ,-111.92161275333332 33.419661893333334)"
,2000009,,657,100020,,,,,,connector with poi,-1,"LINESTRING (-111.9217224 33.4196344 ,-111.92161275333332 33.419661893333334)"
,2000010,,658,100020,,,,,,connector with poi,-1,"LINESTRING (-111.9221741 33.4197144 ,-111.92161275333332 33.419661893333334)"
,2000011,,659,100020,,,,,,connector with poi,-1,"LINESTRING (-111.9225787 33.4197939 ,-111.92161275333332 33.419661893333334)"
,2000012,,842,100020,,,,,,connector with poi,-1,"LINESTRING (-111.917949 33.419299 ,-111.92161275333332 33.419661893333334)"
,2000013,,854,100020,,,,,,connector with poi,-1,"LINESTRING (-111.9230338 33.4206702 ,-111.92161275333332 33.419661893333334)"
,2000014,,856,100020,,,,,,connector with poi,-1,"LINESTRING (-111.9229827 33.4211173 ,-111.92161275333332 33.419661893333334)"
,2100000,,11,100021,,,,,,connector with residential,-1,"LINESTRING (-111.9442439 33.4177833 ,-111.94137107857141 33.41713595714286)"
,2100001,,12,100021,,,,,,connector with residential,-1,"LINESTRING (-111.944241 33.4168222 ,-111.94137107857141 33.41713595714286)"
,2100002,,13,100021,,,,,,connector with residential,-1,"LINESTRING (-111.9442403 33.4160678 ,-111.94137107857141 33.41713595714286)"
,2100003,,22,100021,,,,,,connector with residential,-1,"LINESTRING (-111.94123 33.4176195 ,-111.94137107857141 33.41713595714286)"
,2100004,,23,100021,,,,,,connector with residential,-1,"LINESTRING (-111.941205 33.416204 ,-111.94137107857141 33.41713595714286)"
,2100005,,24,100021,,,,,,connector with residential,-1,"LINESTRING (-111.9424528 33.4161904 ,-111.94137107857141 33.41713595714286)"
,2100006,,25,100021,,,,,,connector with residential,-1,"LINESTRING (-111.9424525 33.4176183 ,-111.94137107857141 33.41713595714286)"
,2100007,,51,100021,,,,,,connector with residential,-1,"LINESTRING (-111.9400362 33.4176249 ,-111.94137107857141 33.41713595714286)"
,2100008,,52,100021,,,,,,connector with residential,-1,"LINESTRING (-111.9399894 33.4162047 ,-111.94137107857141 33.41713595714286)"
,2100009,,133,100021,,,,,,connector with residential,-1,"LINESTRING (-111.9398439 33.4174549 ,-111.94137107857141 33.41713595714286)"
,2100010,,134,100021,,,,,,connector with residential,-1,"LINESTRING (-111.9398468 33.4176189 ,-111.94137107857141 33.41713595714286)"
,2100011,,343,100021,,,,,,connector with residential,-1,"LINESTRING (-111.9398726 33.4174547 ,-111.94137107857141 33.41713595714286)"
,2100012,,346,100021,,,,,,connector with residential,-1,"LINESTRING (-111.9399592 33.4174561 ,-111.94137107857141 33.41713595714286)"
,2100013,,790,100021,,,,,,connector with poi,-1,"LINESTRING (-111.9395815 33.4177837 ,-111.94137107857141 33.41713595714286)"
,2200000,,119,100022,,,,,,connector with residential,-1,"LINESTRING (-111.9370673 33.4162376 ,-111.93650444411766 33.41649835588234)"
,2200001,,120,100022,,,,,,connector with residential,-1,"LINESTRING (-111.9373124 33.4163246 ,-111.93650444411766 33.41649835588234)"
,2200002,,290,100022,,,,,,connector with residential,-1,"LINESTRING (-111.9349531 33.4160981 ,-111.93650444411766 33.41649835588234)"
,2200003,,312,100022,,,,,,connector with residential,-1,"LINESTRING (-111.936655 33.4174833 ,-111.93650444411766 33.41649835588234)"
,2200004,,313,100022,,,,,,connector with residential,-1,"LINESTRING (-111.9366276 33.4162059 ,-111.93650444411766 33.41649835588234)"
,2200005,,314,100022,,,,,,connector with residential,-1,"LINESTRING (-111.9366549 33.4176535 ,-111.93650444411766 33.41649835588234)"
,2200006,,384,100022,,,,,,connector with residential,-1,"LINESTRING (-111.9366102 33.415 ,-111.93650444411766 33.41649835588234)"
,2200007,,447,100022,,,,,,connector with poi,-1,"LINESTRING (-111.9344966 33.4165642 ,-111.93650444411766 33.41649835588234)"
,2200008,,448,100022,,,,,,connector with poi,-1,"LINESTRING (-111.935525 33.416493 ,-111.93650444411766 33.41649835588234)"
,2200009,,449,100022,,,,,,connector with poi,-1,"LINESTRING (-111.9362788 33.4169601 ,-111.93650444411766 33.41649835588234)"
,2200010,,450,100022,,,,,,connector with poi,-1,"LINESTRING (-111.9356364 33.4172103 ,-111.93650444411766 33.41649835588234)"
,2200011,,451,100022,,,,,,connector with poi,-1,"LINESTRING (-111.9354974 33.4176258 ,-111.93650444411766 33.41649835588234)"
,2200012,,452,100022,,,,,,connector with poi,-1,"LINESTRING (-111.9361688 33.4179446 ,-111.93650444411766 33.41649835588234)"
,2200013,,453,100022,,,,,,connector with poi,-1,"LINESTRING (-111.9378256 33.4179253 ,-111.93650444411766 33.41649835588234)"
,2200014,,455,100022,,,,,,connector with poi,-1,"LINESTRING (-111.9390415 33.4180478 ,-111.93650444411766 33.41649835588234)"
,2200015,,468,100022,,,,,,connector with poi,-1,"LINESTRING (-111.9343609 33.4176835 ,-111.93650444411766 33.41649835588234)"
,2200016,,509,100022,,,,,,connector with poi,-1,"LINESTRING (-111.937249 33.4154523 ,-111.93650444411766 33.41649835588234)"
,2200017,,510,100022,,,,,,connector with poi,-1,"LINESTRING (-111.9388847 33.4169096 ,-111.93650444411766 33.41649835588234)"
,2200018,,536,100022,,,,,,connector with poi,-1,"LINESTRING (-111.9380136 33.4162599 ,-111.93650444411766 33.41649835588234)"
,2200019,,538,100022,,,,,,connector with poi,-1,"LINESTRING (-111.9357611 33.4151263 ,-111.93650444411766 33.41649835588234)"
,2200020,,539,100022,,,,,,connector with poi,-1,"LINESTRING (-111.9361294 33.4154285 ,-111.93650444411766 33.41649835588234)"
,2200021,,540,100022,,,,,,connector with poi,-1,"LINESTRING (-111.9361375 33.4159137 ,-111.93650444411766 33.41649835588234)"
,2200022,,541,100022,,,,,,connector with poi,-1,"LINESTRING (-111.9361097 33.4156697 ,-111.93650444411766 33.41649835588234)"
,2200023,,542,100022,,,,,,connector with poi,-1,"LINESTRING (-111.9358475 33.4156701 ,-111.93650444411766 33.41649835588234)"
,2200024,,543,100022,,,,,,connector with poi,-1,"LINESTRING (-111.9352476 33.4156841 ,-111.93650444411766 33.41649835588234)"
,2200025,,576,100022,,,,,,connector with poi,-1,"LINESTRING (-111.9356984 33.4162761 ,-111.93650444411766 33.41649835588234)"
,2200026,,578,100022,,,,,,connector with poi,-1,"LINESTRING (-111.9365939 33.4155674 ,-111.93650444411766 33.41649835588234)"
,2200027,,590,100022,,,,,,connector with poi,-1,"LINESTRING (-111.938774 33.4162649 ,-111.93650444411766 33.41649835588234)"
,2200028,,729,100022,,,,,,connector with poi,-1,"LINESTRING (-111.9389 33.4174426 ,-111.93650444411766 33.41649835588234)"
,2200029,,789,100022,,,,,,connector with poi,-1,"LINESTRING (-111.9379919 33.4156168 ,-111.93650444411766 33.41649835588234)"
,2200030,,792,100022,,,,,,connector with poi,-1,"LINESTRING (-111.9347191 33.416781 ,-111.93650444411766 33.41649835588234)"
,2200031,,923,100022,,,,,,connector with poi,-1,"LINESTRING (-111.9372546 33.4180582 ,-111.93650444411766 33.41649835588234)"
,2200032,,927,100022,,,,,,connector with poi,-1,"LINESTRING (-111.9355638 33.4159284 ,-111.93650444411766 33.41649835588234)"
,2200033,,928,100022,,,,,,connector with poi,-1,"LINESTRING (-111.9355638 33.4154369 ,-111.93650444411766 33.41649835588234)"
,2300000,,66,100023,,,,,,connector with residential,-1,"LINESTRING (-111.933278 33.4160881 ,-111.93204086571427 33.41663594285714)"
,2300001,,78,100023,,,,,,connector with residential,-1,"LINESTRING (-111.9338106 33.4174451 ,-111.93204086571427 33.41663594285714)"
,2300002,,79,100023,,,,,,connector with residential,-1,"LINESTRING (-111.9337028 33.4173518 ,-111.93204086571427 33.41663594285714)"
,2300003,,270,100023,,,,,,connector with residential,-1,"LINESTRING (-111.9326901 33.4173693 ,-111.93204086571427 33.41663594285714)"
,2300004,,271,100023,,,,,,connector with residential,-1,"LINESTRING (-111.9313904 33.4174105 ,-111.93204086571427 33.41663594285714)"
,2300005,,272,100023,,,,,,connector with residential,-1,"LINESTRING (-111.9301745 33.4173982 ,-111.93204086571427 33.41663594285714)"
,2300006,,408,100023,,,,,,connector with residential,-1,"LINESTRING (-111.9327989 33.415 ,-111.93204086571427 33.41663594285714)"
,2300007,,446,100023,,,,,,connector with poi,-1,"LINESTRING (-111.9338446 33.416548 ,-111.93204086571427 33.41663594285714)"
,2300008,,482,100023,,,,,,connector with poi,-1,"LINESTRING (-111.9313943 33.4178796 ,-111.93204086571427 33.41663594285714)"
,2300009,,485,100023,,,,,,connector with poi,-1,"LINESTRING (-111.9330756 33.4178483 ,-111.93204086571427 33.41663594285714)"
,2300010,,486,100023,,,,,,connector with poi,-1,"LINESTRING (-111.9323909 33.4178427 ,-111.93204086571427 33.41663594285714)"
,2300011,,487,100023,,,,,,connector with poi,-1,"LINESTRING (-111.9318601 33.4177987 ,-111.93204086571427 33.41663594285714)"
,2300012,,488,100023,,,,,,connector with poi,-1,"LINESTRING (-111.9307802 33.4178386 ,-111.93204086571427 33.41663594285714)"
,2300013,,489,100023,,,,,,connector with poi,-1,"LINESTRING (-111.9297223 33.4170885 ,-111.93204086571427 33.41663594285714)"
,2300014,,490,100023,,,,,,connector with poi,-1,"LINESTRING (-111.9294615 33.4178075 ,-111.93204086571427 33.41663594285714)"
,2300015,,537,100023,,,,,,connector with poi,-1,"LINESTRING (-111.9325418 33.415558 ,-111.93204086571427 33.41663594285714)"
,2300016,,544,100023,,,,,,connector with poi,-1,"LINESTRING (-111.9300158 33.4150365 ,-111.93204086571427 33.41663594285714)"
,2300017,,545,100023,,,,,,connector with poi,-1,"LINESTRING (-111.930075 33.4153989 ,-111.93204086571427 33.41663594285714)"
,2300018,,546,100023,,,,,,connector with poi,-1,"LINESTRING (-111.9294384 33.4151334 ,-111.93204086571427 33.41663594285714)"
,2300019,,547,100023,,,,,,connector with poi,-1,"LINESTRING (-111.9294253 33.4154899 ,-111.93204086571427 33.41663594285714)"
,2300020,,548,100023,,,,,,connector with poi,-1,"LINESTRING (-111.9296176 33.4157972 ,-111.93204086571427 33.41663594285714)"
,2300021,,575,100023,,,,,,connector with poi,-1,"LINESTRING (-111.9340217 33.415486 ,-111.93204086571427 33.41663594285714)"
,2300022,,614,100023,,,,,,connector with poi,-1,"LINESTRING (-111.9286558 33.4151311 ,-111.93204086571427 33.41663594285714)"
,2300023,,665,100023,,,,,,connector with poi,-1,"LINESTRING (-111.933149 33.4168202 ,-111.93204086571427 33.41663594285714)"
,2300024,,667,100023,,,,,,connector with poi,-1,"LINESTRING (-111.9300742 33.4177937 ,-111.93204086571427 33.41663594285714)"
,2300025,,668,100023,,,,,,connector with poi,-1,"LINESTRING (-111.9340229 33.4152849 ,-111.93204086571427 33.41663594285714)"
,2300026,,669,100023,,,,,,connector with poi,-1,"LINESTRING (-111.9340323 33.4157807 ,-111.93204086571427 33.41663594285714)"
,2300027,,793,100023,,,,,,connector with poi,-1,"LINESTRING (-111.9340747 33.4171277 ,-111.93204086571427 33.41663594285714)"
,2300028,,794,100023,,,,,,connector with poi,-1,"LINESTRING (-111.9337992 33.4171037 ,-111.93204086571427 33.41663594285714)"
,2300029,,795,100023,,,,,,connector with poi,-1,"LINESTRING (-111.933873 33.4168854 ,-111.93204086571427 33.41663594285714)"
,2300030,,796,100023,,,,,,connector with poi,-1,"LINESTRING (-111.9332385 33.417273 ,-111.93204086571427 33.41663594285714)"
,2300031,,797,100023,,,,,,connector with poi,-1,"LINESTRING (-111.9328565 33.4161787 ,-111.93204086571427 33.41663594285714)"
,2300032,,798,100023,,,,,,connector with poi,-1,"LINESTRING (-111.9312368 33.415483 ,-111.93204086571427 33.41663594285714)"
,2300033,,799,100023,,,,,,connector with poi,-1,"LINESTRING (-111.9333237 33.4167592 ,-111.93204086571427 33.41663594285714)"
,2300034,,800,100023,,,,,,connector with poi,-1,"LINESTRING (-111.9335833 33.4180219 ,-111.93204086571427 33.41663594285714)"
,2400000,,34,100024,,,,,,connector with residential,-1,"LINESTRING (-111.9263074 33.4168484 ,-111.9259553 33.41647459183673)"
,2400001,,491,100024,,,,,,connector with poi,-1,"LINESTRING (-111.9272285 33.417669 ,-111.9259553 33.41647459183673)"
,2400002,,507,100024,,,,,,connector with poi,-1,"LINESTRING (-111.9284122 33.417446 ,-111.9259553 33.41647459183673)"
,2400003,,593,100024,,,,,,connector with poi,-1,"LINESTRING (-111.9283935 33.4180264 ,-111.9259553 33.41647459183673)"
,2400004,,613,100024,,,,,,connector with poi,-1,"LINESTRING (-111.9281519 33.4162596 ,-111.9259553 33.41647459183673)"
,2400005,,615,100024,,,,,,connector with poi,-1,"LINESTRING (-111.9284176 33.4154809 ,-111.9259553 33.41647459183673)"
,2400006,,616,100024,,,,,,connector with poi,-1,"LINESTRING (-111.9276634 33.4151139 ,-111.9259553 33.41647459183673)"
,2400007,,617,100024,,,,,,connector with poi,-1,"LINESTRING (-111.92699 33.4152592 ,-111.9259553 33.41647459183673)"
,2400008,,634,100024,,,,,,connector with poi,-1,"LINESTRING (-111.9257678 33.4176174 ,-111.9259553 33.41647459183673)"
,2400009,,635,100024,,,,,,connector with poi,-1,"LINESTRING (-111.925957 33.417467 ,-111.9259553 33.41647459183673)"
,2400010,,636,100024,,,,,,connector with poi,-1,"LINESTRING (-111.925469 33.417424 ,-111.9259553 33.41647459183673)"
,2400011,,637,100024,,,,,,connector with poi,-1,"LINESTRING (-111.9248578 33.417588 ,-111.9259553 33.41647459183673)"
,2400012,,638,100024,,,,,,connector with poi,-1,"LINESTRING (-111.9251064 33.4171633 ,-111.9259553 33.41647459183673)"
,2400013,,639,100024,,,,,,connector with poi,-1,"LINESTRING (-111.9245326 33.4171522 ,-111.9259553 33.41647459183673)"
,2400014,,661,100024,,,,,,connector with poi,-1,"LINESTRING (-111.9266252 33.4156317 ,-111.9259553 33.41647459183673)"
,2400015,,662,100024,,,,,,connector with poi,-1,"LINESTRING (-111.9266404 33.4163426 ,-111.9259553 33.41647459183673)"
,2400016,,663,100024,,,,,,connector with poi,-1,"LINESTRING (-111.9269932 33.4162673 ,-111.9259553 33.41647459183673)"
,2400017,,670,100024,,,,,,connector with poi,-1,"LINESTRING (-111.927544 33.4174442 ,-111.9259553 33.41647459183673)"
,2400018,,671,100024,,,,,,connector with poi,-1,"LINESTRING (-111.9269102 33.4176722 ,-111.9259553 33.41647459183673)"
,2400019,,719,100024,,,,,,connector with poi,-1,"LINESTRING (-111.9258558 33.4171283 ,-111.9259553 33.41647459183673)"
,2400020,,720,100024,,,,,,connector with poi,-1,"LINESTRING (-111.9259025 33.4162933 ,-111.9259553 33.41647459183673)"
,2400021,,721,100024,,,,,,connector with poi,-1,"LINESTRING (-111.9259067 33.4166518 ,-111.9259553 33.41647459183673)"
,2400022,,722,100024,,,,,,connector with poi,-1,"LINESTRING (-111.9259211 33.4157804 ,-111.9259553 33.41647459183673)"
,2400023,,723,100024,,,,,,connector with poi,-1,"LINESTRING (-111.9257357 33.4157085 ,-111.9259553 33.41647459183673)"
,2400024,,724,100024,,,,,,connector with poi,-1,"LINESTRING (-111.925797 33.4160707 ,-111.9259553 33.41647459183673)"
,2400025,,727,100024,,,,,,connector with poi,-1,"LINESTRING (-111.9253136 33.4174228 ,-111.9259553 33.41647459183673)"
,2400026,,728,100024,,,,,,connector with poi,-1,"LINESTRING (-111.9249678 33.4174664 ,-111.9259553 33.41647459183673)"
,2400027,,853,100024,,,,,,connector with poi,-1,"LINESTRING (-111.9284422 33.4169753 ,-111.9259553 33.41647459183673)"
,2400028,,866,100024,,,,,,connector with poi,-1,"LINESTRING (-111.9245297 33.416211 ,-111.9259553 33.41647459183673)"
,2400029,,867,100024,,,,,,connector with poi,-1,"LINESTRING (-111.9258185 33.4150257 ,-111.9259553 33.41647459183673)"
,2400030,,868,100024,,,,,,connector with poi,-1,"LINESTRING (-111.9259656 33.4153637 ,-111.9259553 33.41647459183673)"
,2400031,,869,100024,,,,,,connector with poi,-1,"LINESTRING (-111.925821 33.415215 ,-111.9259553 33.41647459183673)"
,2400032,,870,100024,,,,,,connector with poi,-1,"LINESTRING (-111.9255791 33.4153903 ,-111.9259553 33.41647459183673)"
,2400033,,871,100024,,,,,,connector with poi,-1,"LINESTRING (-111.9243043 33.4153462 ,-111.9259553 33.41647459183673)"
,2400034,,872,100024,,,,,,connector with poi,-1,"LINESTRING (-111.9255332 33.4161938 ,-111.9259553 33.41647459183673)"
,2400035,,873,100024,,,,,,connector with poi,-1,"LINESTRING (-111.9255909 33.4163529 ,-111.9259553 33.41647459183673)"
,2400036,,874,100024,,,,,,connector with poi,-1,"LINESTRING (-111.9256663 33.4167135 ,-111.9259553 33.41647459183673)"
,2400037,,875,100024,,,,,,connector with poi,-1,"LINESTRING (-111.9255167 33.4166722 ,-111.9259553 33.41647459183673)"
,2400038,,876,100024,,,,,,connector with poi,-1,"LINESTRING (-111.9260174 33.4165535 ,-111.9259553 33.41647459183673)"
,2400039,,877,100024,,,,,,connector with poi,-1,"LINESTRING (-111.925397 33.4166921 ,-111.9259553 33.41647459183673)"
,2400040,,933,100024,,,,,,connector with poi,-1,"LINESTRING (-111.9273659 33.415768 ,-111.9259553 33.41647459183673)"
,2400041,,941,100024,,,,,,connector with poi,-1,"LINESTRING (-111.9235546 33.4153427 ,-111.9259553 33.41647459183673)"
,2400042,,942,100024,,,,,,connector with poi,-1,"LINESTRING (-111.9235756 33.4162831 ,-111.9259553 33.41647459183673)"
,2400043,,943,100024,,,,,,connector with poi,-1,"LINESTRING (-111.924058 33.4163172 ,-111.9259553 33.41647459183673)"
,2400044,,944,100024,,,,,,connector with poi,-1,"LINESTRING (-111.9250724 33.4162701 ,-111.9259553 33.41647459183673)"
,2400045,,945,100024,,,,,,connector with poi,-1,"LINESTRING (-111.9251225 33.4152156 ,-111.9259553 33.41647459183673)"
,2400046,,946,100024,,,,,,connector with poi,-1,"LINESTRING (-111.9256108 33.4165728 ,-111.9259553 33.41647459183673)"
,2400047,,947,100024,,,,,,connector with poi,-1,"LINESTRING (-111.9260276 33.4169694 ,-111.9259553 33.41647459183673)"
,2400048,,948,100024,,,,,,connector with poi,-1,"LINESTRING (-111.9238721 33.4174154 ,-111.9259553 33.41647459183673)"
,2500000,,39,100025,,,,,,connector with residential,-1,"LINESTRING (-111.922468 33.4167526 ,-111.92065910454545 33.416053040909084)"
,2500001,,44,100025,,,,,,connector with residential,-1,"LINESTRING (-111.920587 33.4167118 ,-111.92065910454545 33.416053040909084)"
,2500002,,45,100025,,,,,,connector with residential,-1,"LINESTRING (-111.9187765 33.4166821 ,-111.92065910454545 33.416053040909084)"
,2500003,,85,100025,,,,,,connector with residential,-1,"LINESTRING (-111.9225348 33.4167548 ,-111.92065910454545 33.416053040909084)"
,2500004,,86,100025,,,,,,connector with residential,-1,"LINESTRING (-111.9223108 33.4167475 ,-111.92065910454545 33.416053040909084)"
,2500005,,102,100025,,,,,,connector with residential,-1,"LINESTRING (-111.9223974 33.4167503 ,-111.92065910454545 33.416053040909084)"
,2500006,,398,100025,,,,,,connector with residential,-1,"LINESTRING (-111.9178 33.4166722 ,-111.92065910454545 33.416053040909084)"
,2500007,,694,100025,,,,,,connector with poi,-1,"LINESTRING (-111.918771 33.4159758 ,-111.92065910454545 33.416053040909084)"
,2500008,,702,100025,,,,,,connector with poi,-1,"LINESTRING (-111.9184234 33.4161348 ,-111.92065910454545 33.416053040909084)"
,2500009,,703,100025,,,,,,connector with poi,-1,"LINESTRING (-111.9184099 33.4154162 ,-111.92065910454545 33.416053040909084)"
,2500010,,704,100025,,,,,,connector with poi,-1,"LINESTRING (-111.9192531 33.4152632 ,-111.92065910454545 33.416053040909084)"
,2500011,,707,100025,,,,,,connector with poi,-1,"LINESTRING (-111.9180454 33.4151142 ,-111.92065910454545 33.416053040909084)"
,2500012,,708,100025,,,,,,connector with poi,-1,"LINESTRING (-111.9210933 33.4162654 ,-111.92065910454545 33.416053040909084)"
,2500013,,860,100025,,,,,,connector with poi,-1,"LINESTRING (-111.9199348 33.4152951 ,-111.92065910454545 33.416053040909084)"
,2500014,,861,100025,,,,,,connector with poi,-1,"LINESTRING (-111.9218398 33.4153985 ,-111.92065910454545 33.416053040909084)"
,2500015,,862,100025,,,,,,connector with poi,-1,"LINESTRING (-111.9224882 33.415333 ,-111.92065910454545 33.416053040909084)"
,2500016,,863,100025,,,,,,connector with poi,-1,"LINESTRING (-111.9229741 33.4154453 ,-111.92065910454545 33.416053040909084)"
,2500017,,864,100025,,,,,,connector with poi,-1,"LINESTRING (-111.9218751 33.4157992 ,-111.92065910454545 33.416053040909084)"
,2500018,,865,100025,,,,,,connector with poi,-1,"LINESTRING (-111.9224856 33.4162517 ,-111.92065910454545 33.416053040909084)"
,2500019,,938,100025,,,,,,connector with poi,-1,"LINESTRING (-111.9228429 33.4162795 ,-111.92065910454545 33.416053040909084)"
,2500020,,939,100025,,,,,,connector with poi,-1,"LINESTRING (-111.9193216 33.4161007 ,-111.92065910454545 33.416053040909084)"
,2500021,,940,100025,,,,,,connector with poi,-1,"LINESTRING (-111.9198676 33.416023 ,-111.92065910454545 33.416053040909084)"
,2600000,,385,100026,,,,,,connector with boundary,-1,"LINESTRING (-111.945 33.4168248 ,-111.94772499999999 33.416515)"
,2600001,,387,100026,,,,,,connector with boundary,-1,"LINESTRING (-111.945 33.4160696 ,-111.94772499999999 33.416515)"
,2600002,,389,100026,,,,,,connector with boundary,-1,"LINESTRING (-111.945 33.4177879 ,-111.94772499999999 33.416515)"
,2700000,,381,100027,,,,,,connector with boundary,-1,"LINESTRING (-111.945 33.4194026 ,-111.94772499999999 33.419684999999994)"
,2700001,,388,100027,,,,,,connector with boundary,-1,"LINESTRING (-111.945 33.420639 ,-111.94772499999999 33.419684999999994)"
,2800000,,382,100028,,,,,,connector with boundary,-1,"LINESTRING (-111.945 33.4231773 ,-111.94772499999999 33.422855)"
,2800001,,386,100028,,,,,,connector with boundary,-1,"LINESTRING (-111.945 33.4243234 ,-111.94772499999999 33.422855)"
,2800002,,415,100028,,,,,,connector with boundary,-1,"LINESTRING (-111.945 33.421896 ,-111.94772499999999 33.422855)"
,2900000,,436,100029,,,,,,connector with boundary,-1,"LINESTRING (-111.945 33.4254913 ,-111.94772499999999 33.426024999999996)"
,2900001,,437,100029,,,,,,connector with boundary,-1,"LINESTRING (-111.945 33.4254599 ,-111.94772499999999 33.426024999999996)"
,3000000,,411,100030,,,,,,connector with boundary,-1,"LINESTRING (-111.945 33.4291403 ,-111.94772499999999 33.429195)"
,3000001,,425,100030,,,,,,connector with boundary,-1,"LINESTRING (-111.9445362 33.4302 ,-111.94772499999999 33.429195)"
,3000002,,432,100030,,,,,,connector with boundary,-1,"LINESTRING (-111.945 33.4294296 ,-111.94772499999999 33.429195)"
,3100000,,378,100031,,,,,,connector with boundary,-1,"LINESTRING (-111.9442627 33.4302 ,-111.942275 33.432364)"
,3100001,,394,100031,,,,,,connector with boundary,-1,"LINESTRING (-111.9435808 33.4302 ,-111.942275 33.432364)"
,3100002,,395,100031,,,,,,connector with boundary,-1,"LINESTRING (-111.9434997 33.4302 ,-111.942275 33.432364)"
,3100003,,400,100031,,,,,,connector with boundary,-1,"LINESTRING (-111.9434559 33.4302 ,-111.942275 33.432364)"
,3100004,,401,100031,,,,,,connector with boundary,-1,"LINESTRING (-111.9433042 33.4302 ,-111.942275 33.432364)"
,3100005,,414,100031,,,,,,connector with boundary,-1,"LINESTRING (-111.9401279 33.4302 ,-111.942275 33.432364)"
,3100006,,426,100031,,,,,,connector with boundary,-1,"LINESTRING (-111.9431842 33.4302 ,-111.942275 33.432364)"
,3200000,,390,100032,,,,,,connector with boundary,-1,"LINESTRING (-111.9351443 33.4302 ,-111.936825 33.432364)"
,3200001,,419,100032,,,,,,connector with boundary,-1,"LINESTRING (-111.9350646 33.4302 ,-111.936825 33.432364)"
,3200002,,420,100032,,,,,,connector with boundary,-1,"LINESTRING (-111.9378599 33.4302 ,-111.936825 33.432364)"
,3200003,,438,100032,,,,,,connector with boundary,-1,"LINESTRING (-111.9381035 33.4302 ,-111.936825 33.432364)"
,3200004,,439,100032,,,,,,connector with boundary,-1,"LINESTRING (-111.934942 33.4302 ,-111.936825 33.432364)"
,3300000,,315,100033,,,,,,connector with boundary,-1,"LINESTRING (-111.9293144 33.4297279 ,-111.93137499999999 33.432364)"
,3400000,,392,100034,,,,,,connector with boundary,-1,"LINESTRING (-111.9262887 33.4302 ,-111.92592499999999 33.432364)"
,3500000,,403,100035,,,,,,connector with boundary,-1,"LINESTRING (-111.9206533 33.4302 ,-111.920475 33.432364)"
,3500001,,404,100035,,,,,,connector with boundary,-1,"LINESTRING (-111.9205264 33.4302 ,-111.920475 33.432364)"
,3500002,,405,100035,,,,,,connector with boundary,-1,"LINESTRING (-111.9190716 33.4302 ,-111.920475 33.432364)"
,3600000,,416,100036,,,,,,connector with boundary,-1,"LINESTRING (-111.9178 33.4291958 ,-111.915025 33.429194)"
,3600001,,417,100036,,,,,,connector with boundary,-1,"LINESTRING (-111.9178 33.4293355 ,-111.915025 33.429194)"
,3600002,,430,100036,,,,,,connector with boundary,-1,"LINESTRING (-111.9180917 33.4302 ,-111.915025 33.429194)"
,3800000,,413,100038,,,,,,connector with boundary,-1,"LINESTRING (-111.9178 33.4220186 ,-111.915025 33.422854)"
,3900000,,123,100039,,,,,,connector with boundary,-1,"LINESTRING (-111.918685 33.4188785 ,-111.915025 33.419684000000004)"
,3900001,,428,100039,,,,,,connector with boundary,-1,"LINESTRING (-111.9178 33.4184012 ,-111.915025 33.419684000000004)"
,4100000,,396,100041,,,,,,connector with boundary,-1,"LINESTRING (-111.9205171 33.415 ,-111.920475 33.413345)"
,4100001,,399,100041,,,,,,connector with boundary,-1,"LINESTRING (-111.9204628 33.415 ,-111.920475 33.413345)"
,4100002,,423,100041,,,,,,connector with boundary,-1,"LINESTRING (-111.9206093 33.415 ,-111.920475 33.413345)"
,4300000,,427,100043,,,,,,connector with boundary,-1,"LINESTRING (-111.9306869 33.415 ,-111.931375 33.413345)"
,4400000,,380,100044,,,,,,connector with boundary,-1,"LINESTRING (-111.9384473 33.415 ,-111.936825 33.413345)"
,4400001,,422,100044,,,,,,connector with boundary,-1,"LINESTRING (-111.9349519 33.415 ,-111.936825 33.413345)"
,4400002,,433,100044,,,,,,connector with boundary,-1,"LINESTRING (-111.9382051 33.415 ,-111.936825 33.413345)"
,4400003,,434,100044,,,,,,connector with boundary,-1,"LINESTRING (-111.9383997 33.415 ,-111.936825 33.413345)"
,4500000,,379,100045,,,,,,connector with boundary,-1,"LINESTRING (-111.9424473 33.415 ,-111.942275 33.413345)"
,4500001,,391,100045,,,,,,connector with boundary,-1,"LINESTRING (-111.9399674 33.415 ,-111.942275 33.413345)"
,4500002,,393,100045,,,,,,connector with boundary,-1,"LINESTRING (-111.9435524 33.415 ,-111.942275 33.413345)"
,4500003,,406,100045,,,,,,connector with boundary,-1,"LINESTRING (-111.9442379 33.415 ,-111.942275 33.413345)"
,4500004,,409,100045,,,,,,connector with boundary,-1,"LINESTRING (-111.943598 33.415 ,-111.942275 33.413345)"
,4500005,,410,100045,,,,,,connector with boundary,-1,"LINESTRING (-111.9398526 33.415 ,-111.942275 33.413345)"
,4500006,,435,100045,,,,,,connector with boundary,-1,"LINESTRING (-111.9411921 33.415 ,-111.942275 33.413345)"
