name,node_id,osm_node_id,osm_highway,zone_id,ctrl_type,node_type,activity_type,is_boundary,x_coord,y_coord,main_node_id,poi_id,notes,production,attraction,activity_zone_id,activity_location_tab
,0,41459438.0,,9,0.0,,residential,0.0,-111.9275146,33.4245016,,,,15.0,15.0,9,residential
,1,41520506.0,,1,0.0,,tertiary,0.0,-111.9442567,33.4295155,,,,0.0,0.0,,
,2,41520509.0,,1,0.0,,tertiary,0.0,-111.94432520000001,33.4291446,,,,0.0,0.0,,
,3,41520512.0,,6,0.0,,residential,0.0,-111.94428140000001,33.4254737,,,,15.0,15.0,6,residential
,4,41520515.0,,11,0.0,,residential,0.0,-111.9443033,33.4243197,,,,15.0,15.0,11,residential
,5,41520518.0,,11,0.0,,residential,0.0,-111.9442993,33.423177100000004,,,,15.0,15.0,11,residential
,6,41520521.0,traffic_signals,11,1.0,,residential,0.0,-111.94426609999998,33.4218936,,,,15.0,15.0,11,residential
,7,41520523.0,,16,0.0,,residential,0.0,-111.9442498,33.420638000000004,,,,15.0,15.0,16,residential
,8,41520525.0,,16,0.0,,residential,0.0,-111.9442498,33.4203483,,,,15.0,15.0,16,residential
,9,41520528.0,,16,0.0,,residential,0.0,-111.94424599999999,33.4194019,,,,15.0,15.0,16,residential
,10,41520531.0,,16,0.0,,residential,0.0,-111.94424529999999,33.4189174,,,,15.0,15.0,16,residential
,11,41520533.0,,21,0.0,,residential,0.0,-111.9442439,33.417783299999996,,,,15.0,15.0,21,residential
,12,41520536.0,,21,0.0,,residential,0.0,-111.94424099999999,33.4168222,,,,15.0,15.0,21,residential
,13,41520539.0,,21,0.0,,residential,0.0,-111.94424029999999,33.4160678,,,,15.0,15.0,21,residential
,14,41529691.0,traffic_signals,13,1.0,,tertiary,0.0,-111.9304264,33.4231268,,,,0.0,0.0,,
,15,41529697.0,,13,0.0,,residential,0.0,-111.9290798,33.4242989,,,,15.0,15.0,13,residential
,16,41529701.0,traffic_signals,9,1.0,,primary,0.0,-111.9262237,33.424502600000004,13.0,,,0.0,0.0,,
,17,41529740.0,traffic_signals,11,1.0,,residential,0.0,-111.94007859999998,33.424343699999994,4.0,,,15.0,15.0,11,residential
,18,41529742.0,turning_loop,12,0.0,,residential,0.0,-111.9391418,33.4243489,,,,15.0,15.0,12,residential
,19,41529813.0,,12,0.0,,residential,0.0,-111.93666599999999,33.424359100000004,,,,15.0,15.0,12,residential
,20,41533533.0,,11,0.0,,primary,0.0,-111.9412608,33.4219305,,,,0.0,0.0,,
,21,41533538.0,,16,0.0,,residential,0.0,-111.9412375,33.4190521,,,,15.0,15.0,16,residential
,22,41533540.0,,21,0.0,,residential,0.0,-111.94123,33.4176195,,,,15.0,15.0,21,residential
,23,41533544.0,,21,0.0,,residential,0.0,-111.94120500000001,33.416204,,,,15.0,15.0,21,residential
,24,41563458.0,,21,0.0,,residential,0.0,-111.9424528,33.4161904,,,,15.0,15.0,21,residential
,25,41563460.0,,21,0.0,,residential,0.0,-111.94245249999999,33.4176183,,,,15.0,15.0,21,residential
,26,41563464.0,,16,0.0,,residential,0.0,-111.9423945,33.4190482,,,,15.0,15.0,16,residential
,27,41563472.0,,16,0.0,,residential,0.0,-111.94237209999999,33.4205087,,,,15.0,15.0,16,residential
,28,41563475.0,traffic_signals,11,1.0,,primary,0.0,-111.9423899,33.4219281,,,,0.0,0.0,,
,29,41563500.0,traffic_signals,6,1.0,,residential,0.0,-111.943347,33.4254811,,,,15.0,15.0,6,residential
,30,41563515.0,traffic_signals,6,1.0,,tertiary,0.0,-111.94277190000001,33.4275569,,,,0.0,0.0,,
,31,41563519.0,,1,0.0,,tertiary,0.0,-111.94266909999999,33.427701899999995,,,,0.0,0.0,,
,32,41563527.0,,1,0.0,,tertiary,0.0,-111.94246499999998,33.428442600000004,,,,0.0,0.0,,
,33,41563536.0,,1,0.0,,tertiary,0.0,-111.94262479999999,33.4289759,,,,0.0,0.0,,
,34,41573980.0,traffic_signals,24,1.0,,residential,0.0,-111.9263074,33.4168484,,,,15.0,15.0,24,residential
,35,41573982.0,traffic_signals,19,1.0,,primary,0.0,-111.92629050000001,33.4191375,,,,0.0,0.0,,
,36,41573985.0,,19,0.0,,tertiary,0.0,-111.92623789999999,33.42097630000001,,,,0.0,0.0,,
,37,41573995.0,traffic_signals,4,1.0,,secondary,0.0,-111.9262821,33.4287845,8.0,,,0.0,0.0,,
,38,41605233.0,traffic_signals,1,1.0,,primary,0.0,-111.9400872,33.429569199999996,3.0,,,0.0,0.0,,
,39,41606179.0,,25,0.0,,residential,0.0,-111.922468,33.4167526,,,,15.0,15.0,25,residential
,40,41624255.0,,21,0.0,,primary,0.0,-111.93996670000001,33.4167979,,,,0.0,0.0,,
,41,41630200.0,traffic_signals,6,1.0,,residential,0.0,-111.94007759999998,33.4264624,0.0,,,15.0,15.0,6,residential
,42,41630202.0,,6,0.0,,residential,0.0,-111.94077800000001,33.4264585,,,,15.0,15.0,6,residential
,43,41654675.0,,23,0.0,,tertiary,0.0,-111.9294043,33.4166443,,,,0.0,0.0,,
,44,41654678.0,,25,0.0,,residential,0.0,-111.92058700000001,33.4167118,,,,15.0,15.0,25,residential
,45,41654679.0,,25,0.0,,residential,0.0,-111.91877649999999,33.4166821,,,,15.0,15.0,25,residential
,46,41662569.0,crossing,1,0.0,,primary,0.0,-111.94009479999998,33.4297326,,,,0.0,0.0,,
,47,41662581.0,traffic_signals,6,1.0,,residential,0.0,-111.9400679,33.4273849,5.0,,,15.0,15.0,6,residential
,48,41662584.0,traffic_signals,6,1.0,,residential,0.0,-111.9400797,33.4254922,6.0,,,15.0,15.0,6,residential
,49,41662587.0,traffic_signals,11,1.0,,residential,0.0,-111.9400687,33.4231956,1.0,,,15.0,15.0,11,residential
,50,41662590.0,traffic_signals,11,1.0,,primary,0.0,-111.9400803,33.4219289,12.0,,,0.0,0.0,,
,51,41662596.0,,21,0.0,,residential,0.0,-111.9400362,33.4176249,,,,15.0,15.0,21,residential
,52,41662598.0,,21,0.0,,residential,0.0,-111.9399894,33.4162047,,,,15.0,15.0,21,residential
,53,41714336.0,traffic_signals,12,1.0,,residential,0.0,-111.9366625,33.4219038,2.0,,,15.0,15.0,12,residential
,54,41714339.0,traffic_signals,12,1.0,,secondary,0.0,-111.93494309999998,33.4220042,15.0,,,0.0,0.0,,
,55,41714341.0,traffic_signals,13,1.0,,secondary,0.0,-111.92894150000001,33.422019399999996,,,,0.0,0.0,,
,56,41715037.0,,20,0.0,,residential,0.0,-111.91868410000001,33.4184064,,,,15.0,15.0,20,residential
,57,41736773.0,,3,0.0,,secondary,0.0,-111.9301262,33.4287001,,,,0.0,0.0,,
,58,41736777.0,traffic_signals,3,1.0,,unclassified,0.0,-111.9293057,33.4286516,10.0,,,0.0,0.0,,
,59,41746580.0,,7,0.0,,tertiary,0.0,-111.93667240000002,33.4254992,,,,0.0,0.0,,
,60,41746582.0,traffic_signals,7,1.0,,tertiary,0.0,-111.9349278,33.425439600000004,,,,0.0,0.0,,
,61,41800245.0,,18,0.0,,tertiary,0.0,-111.92891979999999,33.4202704,,,,0.0,0.0,,
,62,41957870.0,,12,0.0,,residential,0.0,-111.9366746,33.423205800000005,,,,15.0,15.0,12,residential
,63,41995466.0,,17,0.0,,residential,0.0,-111.9381178,33.419078000000006,,,,15.0,15.0,17,residential
,64,42273739.0,,12,0.0,,residential,0.0,-111.9381595,33.4231914,,,,15.0,15.0,12,residential
,65,42304472.0,,12,0.0,,tertiary,0.0,-111.93498989999999,33.4232132,,,,0.0,0.0,,
,66,42351327.0,,23,0.0,,residential,0.0,-111.933278,33.416088099999996,,,,15.0,15.0,23,residential
,67,42351391.0,turning_circle,18,0.0,,residential,0.0,-111.9339665,33.4183547,,,,15.0,15.0,18,residential
,68,42556577.0,,11,0.0,,rail,0.0,-111.9435706,33.4219441,,,,0.0,0.0,,
,69,42556581.0,,16,0.0,,residential,0.0,-111.94356570000001,33.420401899999995,,,,15.0,15.0,16,residential
,70,193252222.0,,3,0.0,,secondary,0.0,-111.93219180000001,33.4292423,,,,0.0,0.0,,
,71,255819598.0,,1,0.0,,tertiary,0.0,-111.9434575,33.4295241,,,,0.0,0.0,,
,72,255819874.0,,1,0.0,,secondary,0.0,-111.9430761,33.429697,,,,0.0,0.0,,
,73,316007232.0,traffic_signals,12,1.0,,tertiary,0.0,-111.93498090000001,33.4243346,,,,0.0,0.0,,
,74,316008315.0,,7,0.0,,tertiary,0.0,-111.93535190000001,33.4255151,,,,0.0,0.0,,
,75,316128740.0,,4,0.0,,primary,0.0,-111.92628899999998,33.4298413,,,,0.0,0.0,,
,76,316870186.0,traffic_signals,21,1.0,,primary,0.0,-111.9395884,33.4159654,,,,0.0,0.0,,
,77,316872729.0,,18,0.0,,residential,0.0,-111.93382920000002,33.4183283,,,,15.0,15.0,18,residential
,78,316872730.0,,23,0.0,,residential,0.0,-111.93381059999999,33.4174451,,,,15.0,15.0,23,residential
,79,316872733.0,,23,0.0,,residential,0.0,-111.93370279999999,33.4173518,,,,15.0,15.0,23,residential
,80,317498437.0,,6,0.0,,rail,0.0,-111.9435715,33.4254464,,,,0.0,0.0,,
,81,317498474.0,,1,0.0,,tertiary,0.0,-111.9435847,33.4295124,,,,0.0,0.0,,
,82,317577797.0,,19,0.0,,primary,0.0,-111.92628300000001,33.4201745,,,,0.0,0.0,,
,83,317654988.0,,20,0.0,,residential,0.0,-111.92055520000001,33.4187226,,,,15.0,15.0,20,residential
,84,317701014.0,,21,0.0,,primary,0.0,-111.94002900000001,33.4174558,,,,0.0,0.0,,
,85,330689192.0,traffic_signals,25,1.0,,residential,0.0,-111.9225348,33.4167548,,,,15.0,15.0,25,residential
,86,330689685.0,traffic_signals,25,1.0,,residential,0.0,-111.9223108,33.4167475,,,,15.0,15.0,25,residential
,87,330689687.0,,25,0.0,,tertiary,0.0,-111.923179,33.417528999999995,,,,0.0,0.0,,
,88,330691269.0,,14,0.0,,secondary,0.0,-111.9283481,33.422014000000004,,,,0.0,0.0,,
,89,330691322.0,traffic_signals,19,1.0,,primary,0.0,-111.9262825,33.4200903,,,,0.0,0.0,,
,90,330693619.0,,13,0.0,,tertiary,0.0,-111.9312627,33.4233579,,,,0.0,0.0,,
,91,330693684.0,,7,0.0,,light_rail,0.0,-111.9347997,33.4254989,,,,0.0,0.0,,
,92,330693951.0,,13,0.0,,residential,0.0,-111.93041200000002,33.4231839,,,,15.0,15.0,13,residential
,93,330694011.0,crossing,13,0.0,,light_rail,0.0,-111.93052479999999,33.423204600000005,,,,0.0,0.0,,
,94,330695748.0,,6,0.0,,light_rail,0.0,-111.9400695,33.427491100000005,,,,0.0,0.0,,
,95,330696552.0,,1,0.0,,tertiary,0.0,-111.9435008,33.429520000000004,,,,0.0,0.0,,
,96,335595768.0,,14,0.0,,primary,0.0,-111.92622620000002,33.423814799999995,,,,0.0,0.0,,
,97,337713512.0,,7,0.0,,tertiary,0.0,-111.93941609999999,33.425497299999996,,,,0.0,0.0,,
,98,337822444.0,,15,0.0,,residential,0.0,-111.9228983,33.4238125,,,,15.0,15.0,15,residential
,99,863733787.0,,22,0.0,,tertiary,0.0,-111.9349501,33.4150744,,,,0.0,0.0,,
,100,863736682.0,,16,0.0,,residential,0.0,-111.9423905,33.4212237,,,,15.0,15.0,16,residential
,101,1497998030.0,,1,0.0,,rail,0.0,-111.9435781,33.42887460000001,,,,0.0,0.0,,
,102,1501648903.0,,25,0.0,,residential,0.0,-111.92239740000002,33.416750300000004,,,,15.0,15.0,25,residential
,103,1501648953.0,,19,0.0,,primary,0.0,-111.92628529999999,33.4202273,,,,0.0,0.0,,
,104,1501648993.0,,14,0.0,,secondary,0.0,-111.9282882,33.422014000000004,,,,0.0,0.0,,
,105,1501649070.0,,13,0.0,,residential,0.0,-111.93040049999999,33.4232277,,,,15.0,15.0,13,residential
,106,1501649086.0,,13,0.0,,tertiary,0.0,-111.93060790000001,33.4232582,,,,0.0,0.0,,
,107,1501649230.0,,7,0.0,,light_rail,0.0,-111.93470829999998,33.4254777,,,,0.0,0.0,,
,108,1501649261.0,,7,0.0,,light_rail,0.0,-111.9366206,33.4263351,,,,0.0,0.0,,
,109,1501649264.0,,7,0.0,,light_rail,0.0,-111.9365845,33.4264032,,,,0.0,0.0,,
,110,1501649280.0,,7,0.0,,light_rail,0.0,-111.93690459999999,33.4264765,,,,0.0,0.0,,
,111,1501649305.0,,7,0.0,,light_rail,0.0,-111.9385707,33.427147600000005,,,,0.0,0.0,,
,112,1501649318.0,,7,0.0,,light_rail,0.0,-111.93893290000001,33.427278,,,,0.0,0.0,,
,113,1501649320.0,,7,0.0,,light_rail,0.0,-111.93889909999999,33.4273357,,,,0.0,0.0,,
,114,1501649373.0,,6,0.0,,light_rail,0.0,-111.9400695,33.4275261,,,,0.0,0.0,,
,115,1501649392.0,,1,0.0,,tertiary,0.0,-111.942647,33.4277383,,,,0.0,0.0,,
,116,1617023042.0,,1,0.0,,secondary,0.0,-111.9424679,33.4293072,,,,0.0,0.0,,
,117,1617023067.0,,1,0.0,,secondary,0.0,-111.94284679999998,33.4292652,,,,0.0,0.0,,
,118,1617023089.0,,1,0.0,,secondary,0.0,-111.94284840000002,33.4296132,,,,0.0,0.0,,
,119,1698683701.0,,22,0.0,,residential,0.0,-111.9370673,33.4162376,,,,15.0,15.0,22,residential
,120,1698683743.0,,22,0.0,,residential,0.0,-111.93731240000001,33.4163246,,,,15.0,15.0,22,residential
,121,1698683826.0,traffic_signals,16,1.0,,residential,0.0,-111.940028,33.419055199999995,,,,15.0,15.0,16,residential
,122,1698683852.0,traffic_signals,16,1.0,,residential,0.0,-111.94004740000001,33.4204936,,,,15.0,15.0,16,residential
,123,1799680779.0,turning_circle,39,0.0,,residential,1.0,-111.91868500000001,33.4188785,,,,800.0,800.0,39,boundary
,124,2065989266.0,traffic_signals,12,1.0,,residential,0.0,-111.9381462,33.4218977,11.0,,,15.0,15.0,12,residential
,125,2300341821.0,,21,0.0,,rail,0.0,-111.94355619999999,33.41568710000001,,,,0.0,0.0,,
,126,2300341851.0,crossing,19,0.0,,primary,0.0,-111.9262885,33.420352199999996,,,,0.0,0.0,,
,127,2300341852.0,,11,0.0,,rail,0.0,-111.94357250000002,33.422456,,,,0.0,0.0,,
,128,2300341863.0,,6,0.0,,rail,0.0,-111.9436145,33.4254447,,,,0.0,0.0,,
,129,2321431315.0,,12,0.0,,residential,0.0,-111.93664070000001,33.4212929,,,,15.0,15.0,12,residential
,130,2321431354.0,,12,0.0,,residential,0.0,-111.93666699999999,33.421288399999995,,,,15.0,15.0,12,residential
,131,2625358994.0,traffic_signals,22,1.0,,primary,0.0,-111.9394923,33.4160741,,,,0.0,0.0,,
,132,2625358998.0,,21,0.0,,primary,0.0,-111.9398371,33.4170325,,,,0.0,0.0,,
,133,2625359002.0,,21,0.0,,residential,0.0,-111.9398439,33.4174549,,,,15.0,15.0,21,residential
,134,2625359004.0,,21,0.0,,residential,0.0,-111.93984679999998,33.4176189,,,,15.0,15.0,21,residential
,135,2625359006.0,traffic_signals,16,1.0,,residential,0.0,-111.939854,33.4190575,,,,15.0,15.0,16,residential
,136,2625359008.0,traffic_signals,16,1.0,,residential,0.0,-111.93988329999999,33.4204904,,,,15.0,15.0,16,residential
,137,2625359013.0,traffic_signals,11,1.0,,residential,0.0,-111.9399685,33.4231886,1.0,,,15.0,15.0,11,residential
,138,2625359015.0,traffic_signals,11,1.0,,residential,0.0,-111.9399523,33.4243448,4.0,,,15.0,15.0,11,residential
,139,2625359016.0,traffic_signals,6,1.0,,tertiary,0.0,-111.93996059999999,33.425492,6.0,,,0.0,0.0,,
,140,2625359017.0,traffic_signals,6,1.0,,residential,0.0,-111.93996409999998,33.4264662,0.0,,,15.0,15.0,6,residential
,141,2625359019.0,,7,0.0,,unclassified,0.0,-111.93950190000001,33.4273825,,,,0.0,0.0,,
,142,2625359021.0,traffic_signals,6,1.0,,unclassified,0.0,-111.93996329999999,33.4273851,5.0,,,0.0,0.0,,
,143,2625359023.0,,6,0.0,,light_rail,0.0,-111.93996440000001,33.4274908,,,,0.0,0.0,,
,144,2625359025.0,,6,0.0,,light_rail,0.0,-111.9399642,33.4275269,,,,0.0,0.0,,
,145,2625359028.0,traffic_signals,1,1.0,,primary,0.0,-111.9399635,33.4295773,3.0,,,0.0,0.0,,
,146,2626242343.0,,5,0.0,,secondary,0.0,-111.9211598,33.4292573,,,,0.0,0.0,,
,147,2626242355.0,,5,0.0,,unclassified,0.0,-111.91962779999999,33.4301419,,,,0.0,0.0,,
,148,2626664037.0,,12,0.0,,residential,0.0,-111.93763340000001,33.4243567,,,,15.0,15.0,12,residential
,149,2671959118.0,,18,0.0,,tertiary,0.0,-111.9289501,33.421229700000005,,,,0.0,0.0,,
,150,2671959143.0,traffic_signals,19,1.0,,primary,0.0,-111.9262866,33.4202798,,,,0.0,0.0,,
,151,2704829948.0,traffic_signals,14,1.0,,secondary,0.0,-111.92640759999999,33.42202750000001,7.0,,,0.0,0.0,,
,152,2704829949.0,,14,0.0,,primary,0.0,-111.9262331,33.4228357,,,,0.0,0.0,,
,153,2704829953.0,,14,0.0,,primary,0.0,-111.9262287,33.423339399999996,,,,0.0,0.0,,
,154,2704829954.0,,14,0.0,,primary,0.0,-111.92588870000002,33.423340100000004,,,,0.0,0.0,,
,155,2704829964.0,,14,0.0,,primary,0.0,-111.9263882,33.423883399999994,,,,0.0,0.0,,
,156,2704829968.0,traffic_signals,9,1.0,,residential,0.0,-111.9263814,33.4245047,13.0,,,15.0,15.0,9,residential
,157,2704829974.0,,4,0.0,,primary,0.0,-111.92628329999998,33.428317699999994,,,,0.0,0.0,,
,158,2714317917.0,traffic_signals,3,1.0,,unclassified,0.0,-111.9293051,33.4287835,10.0,,,0.0,0.0,,
,159,2714317919.0,,3,0.0,,secondary,0.0,-111.92979369999999,33.428796500000004,,,,0.0,0.0,,
,160,2714317928.0,traffic_signals,4,1.0,,primary,0.0,-111.9262837,33.4288957,8.0,,,0.0,0.0,,
,161,2714317933.0,,4,0.0,,secondary,0.0,-111.92398190000002,33.4289759,,,,0.0,0.0,,
,162,2714317936.0,traffic_signals,3,1.0,,secondary,0.0,-111.9312478,33.4291369,,,,0.0,0.0,,
,163,2714317943.0,,1,0.0,,tertiary,0.0,-111.94254850000002,33.4291402,,,,0.0,0.0,,
,164,2714317949.0,,4,0.0,,secondary,0.0,-111.9232919,33.4292614,,,,0.0,0.0,,
,165,2714317962.0,traffic_signals,5,1.0,,unclassified,0.0,-111.91791979999999,33.4293372,9.0,,,0.0,0.0,,
,166,2714317963.0,,5,0.0,,secondary,0.0,-111.91964709999999,33.4293489,,,,0.0,0.0,,
,167,2714317971.0,,5,0.0,,unclassified,0.0,-111.9211588,33.4293611,,,,0.0,0.0,,
,168,2714317975.0,,1,0.0,,secondary,0.0,-111.94286740000001,33.4293722,,,,0.0,0.0,,
,169,2714317987.0,,1,0.0,,secondary,0.0,-111.9426236,33.429474400000004,,,,0.0,0.0,,
,170,2714317997.0,,3,0.0,,secondary,0.0,-111.93223130000001,33.4294306,,,,0.0,0.0,,
,171,2714318003.0,,1,0.0,,secondary,0.0,-111.941344,33.4294485,,,,0.0,0.0,,
,172,2714318007.0,traffic_signals,3,1.0,,secondary,0.0,-111.93405600000001,33.4294897,,,,0.0,0.0,,
,173,2714318017.0,,1,0.0,,secondary,0.0,-111.94091540000001,33.429598999999996,,,,0.0,0.0,,
,174,2714318018.0,traffic_signals,3,1.0,,secondary,0.0,-111.9339783,33.4296433,,,,0.0,0.0,,
,175,2714318022.0,traffic_signals,1,1.0,,secondary,0.0,-111.9400919,33.429667800000004,3.0,,,0.0,0.0,,
,176,2714318023.0,traffic_signals,1,1.0,,primary,0.0,-111.93996770000001,33.4296814,3.0,,,0.0,0.0,,
,177,2714318026.0,,2,0.0,,secondary,0.0,-111.9343207,33.429848699999994,,,,0.0,0.0,,
,178,2714318030.0,,2,0.0,,secondary,0.0,-111.9349285,33.4300573,,,,0.0,0.0,,
,179,2822050829.0,crossing,14,0.0,,primary,0.0,-111.92640700000001,33.4218739,,,,0.0,0.0,,
,180,2822050830.0,crossing,14,0.0,,primary,0.0,-111.9262412,33.421881,,,,0.0,0.0,,
,181,2860653270.0,traffic_signals,12,1.0,,residential,0.0,-111.93666189999999,33.4219911,2.0,,,15.0,15.0,12,residential
,182,2916726375.0,traffic_signals,12,1.0,,residential,0.0,-111.93814520000001,33.4219872,11.0,,,15.0,15.0,12,residential
,183,2941419916.0,traffic_signals,11,1.0,,primary,0.0,-111.9398936,33.421894300000005,12.0,,,0.0,0.0,,
,184,2941419917.0,traffic_signals,11,1.0,,primary,0.0,-111.9398966,33.4219821,12.0,,,0.0,0.0,,
,185,2978013673.0,,14,0.0,,secondary,0.0,-111.9275425,33.4220137,,,,0.0,0.0,,
,186,2978047866.0,,14,0.0,,secondary,0.0,-111.9248832,33.4220294,,,,0.0,0.0,,
,187,3101265422.0,,1,0.0,,tertiary,0.0,-111.94342830000001,33.4295304,,,,0.0,0.0,,
,188,3101265424.0,,1,0.0,,primary,0.0,-111.93997479999999,33.4301976,,,,0.0,0.0,,
,189,3101265426.0,,6,0.0,,residential,0.0,-111.94126740000002,33.4261177,,,,15.0,15.0,6,residential
,190,3101265427.0,,6,0.0,,residential,0.0,-111.9412736,33.4254885,,,,15.0,15.0,6,residential
,191,3101265641.0,,11,0.0,,residential,0.0,-111.9412665,33.4243385,,,,15.0,15.0,11,residential
,192,3299517573.0,,6,0.0,,residential,0.0,-111.9442762,33.426894,,,,15.0,15.0,6,residential
,193,3613374067.0,,17,0.0,,residential,0.0,-111.9366173,33.419067600000005,,,,15.0,15.0,17,residential
,194,3642940510.0,,7,0.0,,tertiary,0.0,-111.93816100000001,33.425495399999996,,,,0.0,0.0,,
,195,3712803330.0,,17,0.0,,residential,0.0,-111.93812050000001,33.4205221,,,,15.0,15.0,17,residential
,196,3847453687.0,,16,0.0,,residential,0.0,-111.9435652,33.4189718,,,,15.0,15.0,16,residential
,197,4277534305.0,traffic_signals,3,1.0,,secondary,0.0,-111.93129270000001,33.4290308,,,,0.0,0.0,,
,198,4346523219.0,,1,0.0,,secondary,0.0,-111.9430423,33.429831,,,,0.0,0.0,,
,199,4346569403.0,,21,0.0,,secondary,0.0,-111.93996899999999,33.4151097,,,,0.0,0.0,,
,200,4346575417.0,,21,0.0,,primary,0.0,-111.9400269,33.417428,,,,0.0,0.0,,
,201,4346577513.0,,16,0.0,,primary,0.0,-111.93985020000001,33.4186881,,,,0.0,0.0,,
,202,4346577514.0,,16,0.0,,primary,0.0,-111.93985049999999,33.418737300000004,,,,0.0,0.0,,
,203,4346577515.0,,16,0.0,,primary,0.0,-111.93986059999999,33.4193366,,,,0.0,0.0,,
,204,4346577516.0,,16,0.0,,primary,0.0,-111.9400338,33.4194368,,,,0.0,0.0,,
,205,4346577517.0,,16,0.0,,primary,0.0,-111.93986609999999,33.4195538,,,,0.0,0.0,,
,206,4346577518.0,,16,0.0,,primary,0.0,-111.93986650000001,33.419777,,,,0.0,0.0,,
,207,4346577519.0,,16,0.0,,primary,0.0,-111.93987220000001,33.4200156,,,,0.0,0.0,,
,208,4346577520.0,,16,0.0,,primary,0.0,-111.93988119999999,33.420236100000004,,,,0.0,0.0,,
,209,4346577521.0,,16,0.0,,primary,0.0,-111.939894,33.4211696,,,,0.0,0.0,,
,210,4346577522.0,,11,0.0,,primary,0.0,-111.9398957,33.4212893,,,,0.0,0.0,,
,211,4346581618.0,,11,0.0,,primary,0.0,-111.94007409999999,33.4225274,,,,0.0,0.0,,
,212,4346581619.0,,11,0.0,,primary,0.0,-111.9400646,33.423446899999995,,,,0.0,0.0,,
,213,4346581620.0,,11,0.0,,primary,0.0,-111.9399588,33.42401160000001,,,,0.0,0.0,,
,214,4346581621.0,,6,0.0,,primary,0.0,-111.94007890000002,33.424690999999996,,,,0.0,0.0,,
,215,4346581622.0,,6,0.0,,primary,0.0,-111.939958,33.4251292,,,,0.0,0.0,,
,216,4346581623.0,,6,0.0,,primary,0.0,-111.9400785,33.4260353,,,,0.0,0.0,,
,217,4346586751.0,,11,0.0,,primary,0.0,-111.93996340000001,33.422988000000004,,,,0.0,0.0,,
,218,4346586752.0,,6,0.0,,primary,0.0,-111.9399637,33.426342,,,,0.0,0.0,,
,219,4346586753.0,,6,0.0,,primary,0.0,-111.93996399999999,33.4270359,,,,0.0,0.0,,
,220,4346586754.0,,1,0.0,,primary,0.0,-111.94006909999999,33.427760600000006,,,,0.0,0.0,,
,221,4346586755.0,,1,0.0,,primary,0.0,-111.9399618,33.4281865,,,,0.0,0.0,,
,222,4346586756.0,,1,0.0,,primary,0.0,-111.93996159999999,33.4284311,,,,0.0,0.0,,
,223,4346586758.0,,1,0.0,,primary,0.0,-111.9399832,33.4290713,,,,0.0,0.0,,
,224,4346586759.0,,1,0.0,,primary,0.0,-111.9399845,33.429226899999996,,,,0.0,0.0,,
,225,4346605143.0,,11,0.0,,primary,0.0,-111.9439222,33.421895899999996,,,,0.0,0.0,,
,226,4346605144.0,,11,0.0,,primary,0.0,-111.94465840000001,33.4218949,,,,0.0,0.0,,
,227,4346605153.0,,11,0.0,,primary,0.0,-111.94287340000001,33.4219273,,,,0.0,0.0,,
,228,4346605154.0,,11,0.0,,primary,0.0,-111.94174620000001,33.4219298,,,,0.0,0.0,,
,229,4346605155.0,,11,0.0,,primary,0.0,-111.94074779999998,33.4219322,,,,0.0,0.0,,
,230,4346605156.0,,11,0.0,,primary,0.0,-111.94070090000001,33.421932399999996,,,,0.0,0.0,,
,231,4346605157.0,,12,0.0,,secondary,0.0,-111.93901840000001,33.4219833,,,,0.0,0.0,,
,232,4346605160.0,,14,0.0,,secondary,0.0,-111.92738770000001,33.422014399999995,,,,0.0,0.0,,
,233,4346605161.0,,13,0.0,,secondary,0.0,-111.92959850000001,33.4220148,,,,0.0,0.0,,
,234,4346605163.0,,14,0.0,,secondary,0.0,-111.9285987,33.4220169,,,,0.0,0.0,,
,235,4346605164.0,,14,0.0,,secondary,0.0,-111.9271825,33.422017100000005,,,,0.0,0.0,,
,236,4346605165.0,,15,0.0,,secondary,0.0,-111.91814009999999,33.4220184,,,,0.0,0.0,,
,237,4346605166.0,,14,0.0,,secondary,0.0,-111.9254096,33.4220303,,,,0.0,0.0,,
,238,4346611232.0,,4,0.0,,secondary,0.0,-111.92721409999999,33.428826300000004,,,,0.0,0.0,,
,239,4346611233.0,,4,0.0,,secondary,0.0,-111.9253831,33.4288338,,,,0.0,0.0,,
,240,4346611234.0,,4,0.0,,secondary,0.0,-111.9284571,33.4288722,,,,0.0,0.0,,
,241,4346611235.0,,4,0.0,,secondary,0.0,-111.92792620000002,33.428948,,,,0.0,0.0,,
,242,4346613073.0,,3,0.0,,secondary,0.0,-111.9300918,33.4286969,,,,0.0,0.0,,
,243,4346613074.0,,3,0.0,,secondary,0.0,-111.93325890000001,33.42946,,,,0.0,0.0,,
,244,4346613075.0,,3,0.0,,secondary,0.0,-111.9333493,33.4294743,,,,0.0,0.0,,
,245,4346614526.0,,2,0.0,,secondary,0.0,-111.9391291,33.4297717,,,,0.0,0.0,,
,246,4346614527.0,,2,0.0,,secondary,0.0,-111.9345889,33.429813,,,,0.0,0.0,,
,247,4346614528.0,,2,0.0,,secondary,0.0,-111.9346717,33.4298726,,,,0.0,0.0,,
,248,4346615106.0,,1,0.0,,secondary,0.0,-111.9406832,33.4295107,,,,0.0,0.0,,
,249,4346615107.0,,1,0.0,,secondary,0.0,-111.9420775,33.429538199999996,,,,0.0,0.0,,
,250,4346615108.0,,1,0.0,,secondary,0.0,-111.9417837,33.4295365,,,,0.0,0.0,,
,251,4346615109.0,,1,0.0,,secondary,0.0,-111.9431442,33.4297815,,,,0.0,0.0,,
,252,4346622267.0,,5,0.0,,secondary,0.0,-111.9186041,33.4292126,,,,0.0,0.0,,
,253,4346622268.0,,5,0.0,,secondary,0.0,-111.92174969999999,33.4292597,,,,0.0,0.0,,
,254,4347879971.0,,24,0.0,,primary,0.0,-111.9262936,33.4155005,,,,0.0,0.0,,
,255,4347879972.0,,24,0.0,,primary,0.0,-111.92630659999999,33.416372499999994,,,,0.0,0.0,,
,256,4347879974.0,,24,0.0,,primary,0.0,-111.9263004,33.4173778,,,,0.0,0.0,,
,257,4347879975.0,,24,0.0,,primary,0.0,-111.9263,33.4175412,,,,0.0,0.0,,
,258,4347879977.0,,19,0.0,,primary,0.0,-111.92629550000001,33.4184244,,,,0.0,0.0,,
,259,4347879978.0,,19,0.0,,primary,0.0,-111.92629440000002,33.418582199999996,,,,0.0,0.0,,
,260,4347879979.0,,19,0.0,,primary,0.0,-111.9262872,33.419546000000004,,,,0.0,0.0,,
,261,4347879980.0,,19,0.0,,primary,0.0,-111.9263916,33.420890299999996,,,,0.0,0.0,,
,262,4347879981.0,,14,0.0,,primary,0.0,-111.92623950000001,33.4214276,,,,0.0,0.0,,
,263,4347879983.0,,14,0.0,,primary,0.0,-111.92640120000002,33.4227473,,,,0.0,0.0,,
,264,4347879985.0,,14,0.0,,primary,0.0,-111.92622479999999,33.4242002,,,,0.0,0.0,,
,265,4347879986.0,,9,0.0,,primary,0.0,-111.926379,33.4250061,,,,0.0,0.0,,
,266,4347879988.0,,4,0.0,,primary,0.0,-111.92629309999998,33.429478700000004,,,,0.0,0.0,,
,267,4636339213.0,,17,0.0,,residential,0.0,-111.9389314,33.4205069,,,,15.0,15.0,17,residential
,268,4636339233.0,,16,0.0,,residential,0.0,-111.9397193,33.420494500000004,,,,15.0,15.0,16,residential
,269,4716102663.0,,19,0.0,,residential,0.0,-111.9277064,33.4186462,,,,15.0,15.0,19,residential
,270,4716137945.0,,23,0.0,,residential,0.0,-111.93269009999999,33.417369300000004,,,,15.0,15.0,23,residential
,271,4716137948.0,,23,0.0,,residential,0.0,-111.93139040000001,33.417410499999995,,,,15.0,15.0,23,residential
,272,4716137951.0,,23,0.0,,residential,0.0,-111.9301745,33.4173982,,,,15.0,15.0,23,residential
,273,4716137952.0,,18,0.0,,residential,0.0,-111.9313989,33.4183647,,,,15.0,15.0,18,residential
,274,5013817163.0,traffic_signals,5,1.0,,secondary,0.0,-111.9179287,33.4291956,9.0,,,0.0,0.0,,
,275,5013837645.0,traffic_signals,14,1.0,,secondary,0.0,-111.926243,33.4220288,7.0,,,0.0,0.0,,
,276,5080816830.0,,11,0.0,,residential,0.0,-111.94145549999999,33.423842699999994,,,,15.0,15.0,11,residential
,277,5080817378.0,,11,0.0,,residential,0.0,-111.9416982,33.423636699999996,,,,15.0,15.0,11,residential
,278,5133355428.0,,9,0.0,,primary,0.0,-111.9263688,33.4275117,,,,0.0,0.0,,
,279,5133355429.0,,9,0.0,,primary,0.0,-111.92621489999999,33.4275095,,,,0.0,0.0,,
,280,5162833626.0,,6,0.0,,tertiary,0.0,-111.94335179999999,33.4260281,,,,0.0,0.0,,
,281,5162833627.0,,6,0.0,,tertiary,0.0,-111.94307890000002,33.4272077,,,,0.0,0.0,,
,282,5162833628.0,,1,0.0,,tertiary,0.0,-111.94255449999999,33.4279426,,,,0.0,0.0,,
,283,5162981682.0,,2,0.0,,secondary,0.0,-111.9381867,33.43001339999999,,,,0.0,0.0,,
,284,5165002575.0,,3,0.0,,secondary,0.0,-111.9305333,33.428920500000004,,,,0.0,0.0,,
,285,5176314770.0,traffic_signals,13,1.0,,secondary,0.0,-111.93076629999999,33.4220474,14.0,,,0.0,0.0,,
,286,5199796535.0,,1,0.0,,tertiary,0.0,-111.94480549999999,33.4291415,,,,0.0,0.0,,
,287,5200239418.0,,11,0.0,,tertiary,0.0,-111.9423987,33.4224828,,,,0.0,0.0,,
,288,5200239419.0,,6,0.0,,tertiary,0.0,-111.9433507,33.424945199999996,,,,0.0,0.0,,
,289,5200239623.0,,22,0.0,,tertiary,0.0,-111.93494979999998,33.415505100000004,,,,0.0,0.0,,
,290,5200239624.0,,22,0.0,,residential,0.0,-111.9349531,33.416098100000006,,,,15.0,15.0,22,residential
,291,5201685460.0,,25,0.0,,tertiary,0.0,-111.921125,33.4154858,,,,0.0,0.0,,
,292,5201685461.0,,19,0.0,,tertiary,0.0,-111.9254719,33.4195877,,,,0.0,0.0,,
,293,5201685462.0,,23,0.0,,tertiary,0.0,-111.9305745,33.4152628,,,,0.0,0.0,,
,294,5201685464.0,,23,0.0,,tertiary,0.0,-111.928844,33.4180457,,,,0.0,0.0,,
,295,5201685465.0,,18,0.0,,tertiary,0.0,-111.9288801,33.4195869,,,,0.0,0.0,,
,296,5201685466.0,,18,0.0,,tertiary,0.0,-111.9289065,33.4200493,,,,0.0,0.0,,
,297,5201685467.0,,18,0.0,,tertiary,0.0,-111.9289618,33.4208697,,,,0.0,0.0,,
,298,5201685468.0,,13,0.0,,tertiary,0.0,-111.92893640000001,33.4215873,,,,0.0,0.0,,
,299,5201685469.0,,13,0.0,,tertiary,0.0,-111.92932040000001,33.422626,,,,0.0,0.0,,
,300,5201685470.0,,13,0.0,,tertiary,0.0,-111.92950970000001,33.4227418,,,,0.0,0.0,,
,301,5201685471.0,,13,0.0,,tertiary,0.0,-111.9290413,33.4223935,,,,0.0,0.0,,
,302,5201685472.0,,13,0.0,,tertiary,0.0,-111.9291136,33.4224748,,,,0.0,0.0,,
,303,5201685473.0,,8,0.0,,tertiary,0.0,-111.9339446,33.4251998,,,,0.0,0.0,,
,304,5201685474.0,,7,0.0,,tertiary,0.0,-111.93583559999999,33.4255093,,,,0.0,0.0,,
,305,5258562214.0,,11,0.0,,tertiary,0.0,-111.9432267,33.4242548,,,,0.0,0.0,,
,306,5261052473.0,,18,0.0,,footway,0.0,-111.9313563,33.420664,,,,0.0,0.0,,
,307,5261052478.0,,18,0.0,,footway,0.0,-111.9316996,33.420746799999996,,,,0.0,0.0,,
,308,5261052480.0,,13,0.0,,footway,0.0,-111.9317273,33.4218424,,,,0.0,0.0,,
,309,5261052481.0,,18,0.0,,footway,0.0,-111.9316969,33.4202848,,,,0.0,0.0,,
,310,5261052497.0,,13,0.0,,secondary,0.0,-111.9339909,33.4220122,,,,0.0,0.0,,
,311,5280009872.0,crossing;traffic_signals,18,1.0,,tertiary,0.0,-111.9288549,33.4184369,,,,0.0,0.0,,
,312,5333539971.0,,22,0.0,,residential,0.0,-111.936655,33.4174833,,,,15.0,15.0,22,residential
,313,5333539972.0,traffic_signals,22,1.0,,residential,0.0,-111.93662759999998,33.4162059,,,,15.0,15.0,22,residential
,314,5333560369.0,,22,0.0,,residential,0.0,-111.93665490000001,33.4176535,,,,15.0,15.0,22,residential
,315,5338062390.0,,33,0.0,,unclassified,1.0,-111.92931440000001,33.429727899999996,,,,800.0,800.0,33,boundary
,316,5343247775.0,,13,0.0,,footway,0.0,-111.9317292,33.4215199,,,,0.0,0.0,,
,317,5343247776.0,,18,0.0,,footway,0.0,-111.93172460000001,33.421240600000004,,,,0.0,0.0,,
,318,5414658105.0,,19,0.0,,residential,0.0,-111.92787140000002,33.4202692,,,,15.0,15.0,19,residential
,319,5618898812.0,,15,0.0,,secondary,0.0,-111.92289640000001,33.42202630000001,,,,0.0,0.0,,
,320,5634899228.0,,1,0.0,,residential,0.0,-111.9449232,33.4294451,,,,15.0,15.0,1,residential
,321,5634899237.0,,1,0.0,,residential,0.0,-111.9445362,33.4301978,,,,15.0,15.0,1,residential
,322,5665460110.0,,11,0.0,,primary,0.0,-111.9430383,33.4219283,,,,0.0,0.0,,
,323,5986666325.0,,11,0.0,,service,0.0,-111.94072309999999,33.4213245,,,,0.0,0.0,,
,324,6149033508.0,,11,0.0,,rail,0.0,-111.94357040000001,33.4218532,,,,0.0,0.0,,
,325,6283476083.0,,5,0.0,,unclassified,0.0,-111.919633,33.4299964,,,,0.0,0.0,,
,326,6283476285.0,,5,0.0,,unclassified,0.0,-111.91963500000001,33.42956160000001,,,,0.0,0.0,,
,327,6283476293.0,,5,0.0,,unclassified,0.0,-111.91791440000002,33.4294474,,,,0.0,0.0,,
,328,6283476296.0,,5,0.0,,unclassified,0.0,-111.91808870000001,33.4301945,,,,0.0,0.0,,
,329,6453652434.0,,6,0.0,,residential,0.0,-111.9446893,33.4254741,,,,15.0,15.0,6,residential
,330,6678068362.0,,18,0.0,,tertiary,0.0,-111.92895159999998,33.4212032,,,,0.0,0.0,,
,331,6768507045.0,,11,0.0,,tram,0.0,-111.94005870000001,33.421830699999994,,,,0.0,0.0,,
,332,6786314013.0,,7,0.0,,tertiary,0.0,-111.936319,33.4255035,,,,0.0,0.0,,
,333,6796038632.0,,12,0.0,,residential,0.0,-111.9377644,33.424290500000005,,,,15.0,15.0,12,residential
,334,7125038250.0,,6,0.0,,residential,0.0,-111.9412594,33.4264482,,,,15.0,15.0,6,residential
,335,7232395835.0,,20,0.0,,residential,0.0,-111.9192909,33.4209657,,,,15.0,15.0,20,residential
,336,7232395849.0,,15,0.0,,residential,0.0,-111.921426,33.4213406,,,,15.0,15.0,15,residential
,337,7237092615.0,,16,0.0,,residential,0.0,-111.9398947,33.419057,,,,15.0,15.0,16,residential
,338,7237092616.0,,16,0.0,,residential,0.0,-111.93991499999998,33.4204911,,,,15.0,15.0,16,residential
,339,7237092617.0,,16,0.0,,residential,0.0,-111.93998059999998,33.4190558,,,,15.0,15.0,16,residential
,340,7237092618.0,,16,0.0,,residential,0.0,-111.9399908,33.4204925,,,,15.0,15.0,16,residential
,341,7237092623.0,,22,0.0,,secondary,0.0,-111.93952720000001,33.4160342,,,,0.0,0.0,,
,342,7237092624.0,,21,0.0,,tram,0.0,-111.93987779999999,33.4176221,,,,0.0,0.0,,
,343,7237092625.0,,21,0.0,,residential,0.0,-111.9398726,33.4174547,,,,15.0,15.0,21,residential
,344,7237092628.0,,21,0.0,,secondary,0.0,-111.93956920000001,33.4159864,,,,0.0,0.0,,
,345,7237092629.0,,21,0.0,,tram,0.0,-111.9399588,33.4176243,,,,0.0,0.0,,
,346,7237092630.0,,21,0.0,,residential,0.0,-111.93995919999999,33.417456099999995,,,,15.0,15.0,21,residential
,347,7264975962.0,,16,0.0,,residential,0.0,-111.94232930000001,33.4204753,,,,15.0,15.0,16,residential
,348,7264975967.0,,16,0.0,,residential,0.0,-111.94242179999999,33.420469800000006,,,,15.0,15.0,16,residential
,349,7264975968.0,,16,0.0,,residential,0.0,-111.9411873,33.420488899999995,,,,15.0,15.0,16,residential
,350,7264975984.0,,16,0.0,,residential,0.0,-111.9423295,33.4204704,,,,15.0,15.0,16,residential
,351,7265020285.0,,16,0.0,,residential,0.0,-111.9412797,33.420483399999995,,,,15.0,15.0,16,residential
,352,7265020286.0,,16,0.0,,residential,0.0,-111.9411875,33.4204825,,,,15.0,15.0,16,residential
,353,7265020287.0,,16,0.0,,residential,0.0,-111.94123130000001,33.4204449,,,,15.0,15.0,16,residential
,354,7265020288.0,,16,0.0,,residential,0.0,-111.94123,33.4205223,,,,15.0,15.0,16,residential
,355,7265020297.0,,16,0.0,,residential,0.0,-111.94237340000002,33.420431300000004,,,,15.0,15.0,16,residential
,356,7590687545.0,,6,0.0,,rail,0.0,-111.943615,33.425529,,,,0.0,0.0,,
,357,7590687546.0,,6,0.0,,rail,0.0,-111.94357190000001,33.425529,,,,0.0,0.0,,
,358,7590688339.0,,6,0.0,,residential,0.0,-111.944695,33.4254749,,,,15.0,15.0,6,residential
,359,8019704786.0,,1,0.0,,secondary,0.0,-111.942523,33.429252000000005,,,,0.0,0.0,,
,360,8019704799.0,,1,0.0,,secondary,0.0,-111.9427707,33.4291942,,,,0.0,0.0,,
,361,8019704805.0,,1,0.0,,tertiary,0.0,-111.9427017,33.4291063,,,,0.0,0.0,,
,362,8019704881.0,,1,0.0,,tram,0.0,-111.94023290000001,33.429636,,,,0.0,0.0,,
,363,8019704902.0,,3,0.0,,tram,0.0,-111.93170900000001,33.4292549,,,,0.0,0.0,,
,364,8019704904.0,,3,0.0,,tram,0.0,-111.93206640000001,33.4293355,,,,0.0,0.0,,
,365,8019704908.0,,3,0.0,,tram,0.0,-111.9332814,33.4293456,,,,0.0,0.0,,
,366,8019704956.0,,2,0.0,,tram,0.0,-111.9385087,33.4299567,,,,0.0,0.0,,
,367,8019704974.0,,1,0.0,,tram,0.0,-111.93995679999999,33.429339399999996,,,,0.0,0.0,,
,368,8019704988.0,,6,0.0,,light_rail,0.0,-111.93998559999999,33.4275267,,,,0.0,0.0,,
,369,8019704989.0,,6,0.0,,light_rail,0.0,-111.93998429999999,33.427490899999995,,,,0.0,0.0,,
,370,8019705071.0,,1,0.0,,light_rail,0.0,-111.9427385,33.4277461,,,,0.0,0.0,,
,371,8019705072.0,,1,0.0,,light_rail,0.0,-111.94271699999999,33.4277836,,,,0.0,0.0,,
,372,8022891687.0,,1,0.0,,secondary,0.0,-111.9430096,33.4296326,,,,0.0,0.0,,
,373,8122988904.0,,14,0.0,,primary,0.0,-111.92639409999998,33.4233419,,,,0.0,0.0,,
,374,8122988905.0,,14,0.0,,unclassified,0.0,-111.92751070000001,33.4233377,,,,0.0,0.0,,
,375,8269005064.0,traffic_signals,13,1.0,,secondary,0.0,-111.9307627,33.421952000000005,14.0,,,0.0,0.0,,
,376,8269005069.0,,13,0.0,,secondary,0.0,-111.9339932,33.421912199999994,,,,0.0,0.0,,
,377,8269005072.0,traffic_signals,12,1.0,,secondary,0.0,-111.9349485,33.421896999999994,15.0,,,0.0,0.0,,
,378,,,31,0.0,,residential,1.0,-111.94426270000001,33.4302,,,boundary node created by osm2gmns,800.0,800.0,31,boundary
,379,,,45,0.0,,residential,1.0,-111.9424473,33.415,,,boundary node created by osm2gmns,800.0,800.0,45,boundary
,380,,,44,0.0,,primary,1.0,-111.93844729999999,33.415,,,boundary node created by osm2gmns,800.0,800.0,44,boundary
,381,,,27,0.0,,residential,1.0,-111.945,33.4194026,,,boundary node created by osm2gmns,800.0,800.0,27,boundary
,382,,,28,0.0,,residential,1.0,-111.945,33.4231773,,,boundary node created by osm2gmns,800.0,800.0,28,boundary
,383,,,20,0.0,,tertiary,0.0,-111.9178,33.419438899999996,,,boundary node created by osm2gmns,0.0,0.0,,
,384,,,22,0.0,,residential,0.0,-111.93661019999999,33.415,,,boundary node created by osm2gmns,15.0,15.0,22,residential
,385,,,26,0.0,,residential,1.0,-111.945,33.4168248,,,boundary node created by osm2gmns,800.0,800.0,26,boundary
,386,,,28,0.0,,residential,1.0,-111.945,33.4243234,,,boundary node created by osm2gmns,800.0,800.0,28,boundary
,387,,,26,0.0,,residential,1.0,-111.945,33.4160696,,,boundary node created by osm2gmns,800.0,800.0,26,boundary
,388,,,27,0.0,,residential,1.0,-111.945,33.420639,,,boundary node created by osm2gmns,800.0,800.0,27,boundary
,389,,,26,0.0,,residential,1.0,-111.945,33.41778789999999,,,boundary node created by osm2gmns,800.0,800.0,26,boundary
,390,,,32,0.0,,secondary,1.0,-111.93514429999999,33.4302,,,boundary node created by osm2gmns,800.0,800.0,32,boundary
,391,,,45,0.0,,secondary,1.0,-111.93996740000001,33.415,,,boundary node created by osm2gmns,800.0,800.0,45,boundary
,392,,,34,0.0,,primary,1.0,-111.92628870000001,33.4302,,,boundary node created by osm2gmns,800.0,800.0,34,boundary
,393,,,45,0.0,,rail,1.0,-111.9435524,33.415,,,boundary node created by osm2gmns,800.0,800.0,45,boundary
,394,,,31,0.0,,rail,1.0,-111.94358079999999,33.4302,,,boundary node created by osm2gmns,800.0,800.0,31,boundary
,395,,,31,0.0,,light_rail,1.0,-111.9434997,33.4302,,,boundary node created by osm2gmns,800.0,800.0,31,boundary
,396,,,41,0.0,,light_rail,1.0,-111.92051709999998,33.415,,,boundary node created by osm2gmns,800.0,800.0,41,boundary
,397,,,25,0.0,,tertiary,0.0,-111.92040420000001,33.415,,,boundary node created by osm2gmns,0.0,0.0,,
,398,,,25,0.0,,residential,0.0,-111.9178,33.4166722,,,boundary node created by osm2gmns,15.0,15.0,25,residential
,399,,,41,0.0,,light_rail,1.0,-111.9204628,33.415,,,boundary node created by osm2gmns,800.0,800.0,41,boundary
,400,,,31,0.0,,light_rail,1.0,-111.94345590000002,33.4302,,,boundary node created by osm2gmns,800.0,800.0,31,boundary
,401,,,31,0.0,,secondary,1.0,-111.94330420000001,33.4302,,,boundary node created by osm2gmns,800.0,800.0,31,boundary
,402,,,22,0.0,,primary,0.0,-111.93815829999998,33.415,,,boundary node created by osm2gmns,0.0,0.0,,
,403,,,35,0.0,,unclassified,1.0,-111.92065330000001,33.4302,,,boundary node created by osm2gmns,800.0,800.0,35,boundary
,404,,,35,0.0,,unclassified,1.0,-111.9205264,33.4302,,,boundary node created by osm2gmns,800.0,800.0,35,boundary
,405,,,35,0.0,,unclassified,1.0,-111.9190716,33.4302,,,boundary node created by osm2gmns,800.0,800.0,35,boundary
,406,,,45,0.0,,residential,1.0,-111.94423789999999,33.415,,,boundary node created by osm2gmns,800.0,800.0,45,boundary
,407,,,6,0.0,,residential,0.0,-111.945,33.4264311,,,boundary node created by osm2gmns,15.0,15.0,6,residential
,408,,,23,0.0,,residential,0.0,-111.93279890000001,33.415,,,boundary node created by osm2gmns,15.0,15.0,23,residential
,409,,,45,0.0,,rail,1.0,-111.943598,33.415,,,boundary node created by osm2gmns,800.0,800.0,45,boundary
,410,,,45,0.0,,secondary,1.0,-111.93985259999998,33.415,,,boundary node created by osm2gmns,800.0,800.0,45,boundary
,411,,,30,0.0,,tertiary,1.0,-111.945,33.4291403,,,boundary node created by osm2gmns,800.0,800.0,30,boundary
,412,,,2,0.0,,secondary,0.0,-111.93813270000001,33.4302,,,boundary node created by osm2gmns,0.0,0.0,,
,413,,,38,0.0,,secondary,1.0,-111.9178,33.4220186,,,boundary node created by osm2gmns,800.0,800.0,38,boundary
,414,,,31,0.0,,primary,1.0,-111.94012790000001,33.4302,,,boundary node created by osm2gmns,800.0,800.0,31,boundary
,415,,,28,0.0,,primary,1.0,-111.945,33.421896000000004,,,boundary node created by osm2gmns,800.0,800.0,28,boundary
,416,,,36,0.0,,secondary,1.0,-111.9178,33.429195799999995,,,boundary node created by osm2gmns,800.0,800.0,36,boundary
,417,,,36,0.0,,secondary,1.0,-111.9178,33.4293355,,,boundary node created by osm2gmns,800.0,800.0,36,boundary
,418,,,24,0.0,,primary,0.0,-111.92628619999999,33.415,,,boundary node created by osm2gmns,0.0,0.0,,
,419,,,32,0.0,,secondary,1.0,-111.93506459999999,33.4302,,,boundary node created by osm2gmns,800.0,800.0,32,boundary
,420,,,32,0.0,,secondary,1.0,-111.93785990000002,33.4302,,,boundary node created by osm2gmns,800.0,800.0,32,boundary
,421,,,2,0.0,,secondary,0.0,-111.93488570000001,33.4302,,,boundary node created by osm2gmns,0.0,0.0,,
,422,,,44,0.0,,tertiary,1.0,-111.93495190000002,33.415,,,boundary node created by osm2gmns,800.0,800.0,44,boundary
,423,,,41,0.0,,tertiary,1.0,-111.92060929999998,33.415,,,boundary node created by osm2gmns,800.0,800.0,41,boundary
,424,,,23,0.0,,tertiary,0.0,-111.9306021,33.415,,,boundary node created by osm2gmns,0.0,0.0,,
,425,,,30,0.0,,residential,1.0,-111.9445362,33.4302,,,boundary node created by osm2gmns,800.0,800.0,30,boundary
,426,,,31,0.0,,secondary,1.0,-111.94318419999999,33.4302,,,boundary node created by osm2gmns,800.0,800.0,31,boundary
,427,,,43,0.0,,tertiary,1.0,-111.9306869,33.415,,,boundary node created by osm2gmns,800.0,800.0,43,boundary
,428,,,39,0.0,,residential,1.0,-111.9178,33.4184012,,,boundary node created by osm2gmns,800.0,800.0,39,boundary
,429,,,1,0.0,,primary,0.0,-111.93997490000001,33.4302,,,boundary node created by osm2gmns,0.0,0.0,,
,430,,,36,0.0,,unclassified,1.0,-111.91809170000002,33.4302,,,boundary node created by osm2gmns,800.0,800.0,36,boundary
,431,,,1,0.0,,residential,0.0,-111.94473359999999,33.4302,,,boundary node created by osm2gmns,15.0,15.0,1,residential
,432,,,30,0.0,,residential,1.0,-111.945,33.42942960000001,,,boundary node created by osm2gmns,800.0,800.0,30,boundary
,433,,,44,0.0,,tram,1.0,-111.9382051,33.415,,,boundary node created by osm2gmns,800.0,800.0,44,boundary
,434,,,44,0.0,,tram,1.0,-111.93839969999999,33.415,,,boundary node created by osm2gmns,800.0,800.0,44,boundary
,435,,,45,0.0,,residential,1.0,-111.94119209999998,33.415,,,boundary node created by osm2gmns,800.0,800.0,45,boundary
,436,,,29,0.0,,residential,1.0,-111.945,33.4254913,,,boundary node created by osm2gmns,800.0,800.0,29,boundary
,437,,,29,0.0,,residential,1.0,-111.945,33.4254599,,,boundary node created by osm2gmns,800.0,800.0,29,boundary
,438,,,32,0.0,,tram,1.0,-111.9381035,33.4302,,,boundary node created by osm2gmns,800.0,800.0,32,boundary
,439,,,32,0.0,,tram,1.0,-111.93494199999999,33.4302,,,boundary node created by osm2gmns,800.0,800.0,32,boundary
,440,,,9,0.0,,poi,0.0,-111.92803584327473,33.42506280934404,,0.0,,4.762276878272001,113.81841739070082,9,poi
,441,,,8,0.0,,poi,0.0,-111.92874655888843,33.42550819460066,,1.0,,10.084384736448003,241.01679520110724,8,poi
,442,,,8,0.0,,poi,0.0,-111.93249383609115,33.42483615926083,,2.0,,5.018242667584,119.93599975525761,8,poi
,443,,,8,0.0,,poi,0.0,-111.93100348743314,33.424510779674264,,3.0,,101.195450497696,101.195450497696,8,poi
,444,,,7,0.0,,poi,0.0,-111.93758658539164,33.426190860215364,,4.0,,6.893961693888,6.893961693888,7,poi
,445,,,13,0.0,,poi,0.0,-111.93310860456836,33.424027524569695,,5.0,,11.395213744960001,272.34560850454403,13,poi
,446,,,23,0.0,,poi,0.0,-111.93384456844394,33.416547996002585,,6.0,,18.953954545151998,18.953954545151998,23,poi
,447,,,22,0.0,,poi,0.0,-111.93449661176916,33.41656417567456,,7.0,,40.537101844607996,40.537101844607996,22,poi
,448,,,22,0.0,,poi,0.0,-111.9355249879962,33.41649295171043,,8.0,,16.968443632767997,16.968443632767997,22,poi
,449,,,22,0.0,,poi,0.0,-111.93627881257864,33.416960091359954,,9.0,,55.846826884736004,55.846826884736004,22,poi
,450,,,22,0.0,,poi,0.0,-111.93563636802313,33.41721034768429,,10.0,,24.166539615008,24.166539615008,22,poi
,451,,,22,0.0,,poi,0.0,-111.93549744853658,33.41762575029788,,11.0,,20.181901443584,20.181901443584,22,poi
,452,,,22,0.0,,poi,0.0,-111.93616876467588,33.41794461461026,,12.0,,22.960874011104,22.960874011104,22,poi
,453,,,22,0.0,,poi,0.0,-111.93782559863743,33.41792530126661,,13.0,,7.828161477503999,7.828161477503999,22,poi
,454,,,17,0.0,,poi,0.0,-111.93725625071207,33.41888297256338,,14.0,,31.687714367904,31.687714367904,17,poi
,455,,,22,0.0,,poi,0.0,-111.93904147519217,33.41804776551981,,15.0,,61.698142397728,61.698142397728,22,poi
,456,,,17,0.0,,poi,0.0,-111.93841612638492,33.41868554965327,,16.0,,66.505950616992,66.505950616992,17,poi
,457,,,17,0.0,,poi,0.0,-111.9393999,33.4194169,,17.0,,10.545241560224,10.545241560224,17,poi
,458,,,17,0.0,,poi,0.0,-111.93778322200373,33.420202451166574,,18.0,,3.299999650432001,78.86999164532482,17,poi
,459,,,17,0.0,,poi,0.0,-111.93733597532216,33.419372446036405,,19.0,,64.574905091232,64.574905091232,17,poi
,460,,,17,0.0,,poi,0.0,-111.93712069394917,33.419861175246645,,20.0,,38.45627650563199,38.45627650563199,17,poi
,461,,,17,0.0,,poi,0.0,-111.9369018917017,33.420325030635844,,21.0,,7.989081937983999,7.989081937983999,17,poi
,462,,,17,0.0,,poi,0.0,-111.9373196,33.42050895,,22.0,,16.598326573664004,16.598326573664004,17,poi
,463,,,17,0.0,,poi,0.0,-111.93782013626318,33.4209310566375,,23.0,,15.079484996672,15.079484996672,17,poi
,464,,,12,0.0,,poi,0.0,-111.93751688772757,33.42158481029963,,24.0,,10.605896195327999,10.605896195327999,12,poi
,465,,,12,0.0,,poi,0.0,-111.93782481883513,33.42163300173983,,25.0,,6.751232241983999,6.751232241983999,12,poi
,466,,,12,0.0,,poi,0.0,-111.9370509,33.42154725000001,,26.0,,32.965175254176,32.965175254176,12,poi
,467,,,17,0.0,,poi,0.0,-111.9370487,33.42101945,,27.0,,20.043262277632003,20.043262277632003,17,poi
,468,,,22,0.0,,poi,0.0,-111.93436093823686,33.41768349885134,,28.0,,8.826729445311999,8.826729445311999,22,poi
,469,,,17,0.0,,poi,0.0,-111.93457873049864,33.419023212434986,,29.0,,68.078019730912,68.078019730912,17,poi
,470,,,17,0.0,,poi,0.0,-111.93528416068692,33.418862455591785,,30.0,,66.8764336490496,0.819564137856,17,poi
,471,,,17,0.0,,poi,0.0,-111.93531345,33.41852355,,31.0,,1.756508718624,1.756508718624,17,poi
,472,,,17,0.0,,poi,0.0,-111.93598761583178,33.41852749885645,,32.0,,16.553763984607997,16.553763984607997,17,poi
,473,,,17,0.0,,poi,0.0,-111.93586709496807,33.41911558119676,,33.0,,16.610705070624,16.610705070624,17,poi
,474,,,17,0.0,,poi,0.0,-111.9362725995384,33.41911670973946,,34.0,,13.014751703744,13.014751703744,17,poi
,475,,,17,0.0,,poi,0.0,-111.93613696245217,33.42011906104773,,35.0,,9.880516273471999,9.880516273471999,17,poi
,476,,,17,0.0,,poi,0.0,-111.93549029709835,33.419951610857304,,36.0,,26.683088046975996,26.683088046975996,17,poi
,477,,,17,0.0,,poi,0.0,-111.93638605833141,33.42054253243025,,37.0,,10.574949952927998,10.574949952927998,17,poi
,478,,,17,0.0,,poi,0.0,-111.93626918072829,33.421003990266406,,38.0,,9.195985391584,9.195985391584,17,poi
,479,,,12,0.0,,poi,0.0,-111.93444435,33.422282499999994,,39.0,,41.398645233024,41.398645233024,12,poi
,480,,,18,0.0,,poi,0.0,-111.93060648905472,33.419037061389574,,40.0,,56.691040377407994,56.691040377407994,18,poi
,481,,,18,0.0,,poi,0.0,-111.93145239633076,33.41892513418693,,41.0,,35.424782600128,35.424782600128,18,poi
,482,,,23,0.0,,poi,0.0,-111.93139433931826,33.417879613555286,,42.0,,1.6712047287040002,39.941793016025606,23,poi
,483,,,18,0.0,,poi,0.0,-111.92956194737448,33.42064251238559,,43.0,,24.758231769696,24.758231769696,18,poi
,484,,,18,0.0,,poi,0.0,-111.92959537208144,33.42103853071611,,44.0,,34.52981726992,34.52981726992,18,poi
,485,,,23,0.0,,poi,0.0,-111.93307555470837,33.41784825796991,,45.0,,50.271551853952,50.271551853952,23,poi
,486,,,23,0.0,,poi,0.0,-111.93239095,33.417842699999994,,46.0,,37.843540906112004,37.843540906112004,23,poi
,487,,,23,0.0,,poi,0.0,-111.93186010019149,33.41779867596485,,47.0,,50.249270559424,50.249270559424,23,poi
,488,,,23,0.0,,poi,0.0,-111.93078015,33.4178386,,48.0,,76.11042640825602,76.11042640825602,23,poi
,489,,,23,0.0,,poi,0.0,-111.92972232077,33.417088483411234,,49.0,,335.8402044923904,4.115688780544,23,poi
,490,,,23,0.0,,poi,0.0,-111.92946154619551,33.41780754392725,,50.0,,54.80827098979199,54.80827098979199,23,poi
,491,,,24,0.0,,poi,0.0,-111.92722853443588,33.41766904379876,,51.0,,18.685179702464,446.5757948888896,24,poi
,492,,,17,0.0,,poi,0.0,-111.93457196312441,33.42093010843197,,52.0,,32.658188529568,32.658188529568,17,poi
,493,,,18,0.0,,poi,0.0,-111.93356205,33.41909335,,53.0,,3.076217953216,3.076217953216,18,poi
,494,,,18,0.0,,poi,0.0,-111.93381939518312,33.41952266516335,,54.0,,20.456704076095996,20.456704076095996,18,poi
,495,,,18,0.0,,poi,0.0,-111.9337502,33.420015,,55.0,,16.240588011519996,16.240588011519996,18,poi
,496,,,18,0.0,,poi,0.0,-111.93210036928588,33.42007454726523,,56.0,,29.601937630144004,29.601937630144004,18,poi
,497,,,18,0.0,,poi,0.0,-111.93136892917057,33.419760939980804,,57.0,,28.793621778655996,28.793621778655996,18,poi
,498,,,18,0.0,,poi,0.0,-111.93212614141564,33.41862782178136,,58.0,,24.791653711487996,24.791653711487996,18,poi
,499,,,18,0.0,,poi,0.0,-111.93237165,33.4187934,,59.0,,6.587836082112,6.587836082112,18,poi
,500,,,18,0.0,,poi,0.0,-111.93223649646272,33.41896159674588,,60.0,,20.70922541408,20.70922541408,18,poi
,501,,,18,0.0,,poi,0.0,-111.93219575,33.419130100000004,,61.0,,14.989121968864001,14.989121968864001,18,poi
,502,,,18,0.0,,poi,0.0,-111.93223865,33.41930920000001,,62.0,,22.984393155327997,22.984393155327997,18,poi
,503,,,18,0.0,,poi,0.0,-111.93219575,33.4194919,,63.0,,15.707074792544,15.707074792544,18,poi
,504,,,18,0.0,,poi,0.0,-111.93223865,33.419663799999995,,64.0,,20.595343242048,20.595343242048,18,poi
,505,,,18,0.0,,poi,0.0,-111.92955827026657,33.41987398902991,,65.0,,27.545869285088,27.545869285088,18,poi
,506,,,17,0.0,,poi,0.0,-111.9355014567818,33.420600010371345,,66.0,,17.317517247039998,17.317517247039998,17,poi
,507,,,24,0.0,,poi,0.0,-111.92841218894941,33.41744601772986,,67.0,,3.251346775424,77.7071879326336,24,poi
,508,,,19,0.0,,poi,0.0,-111.92827659941149,33.42071837501794,,68.0,,5.970848737984001,142.70328483781762,19,poi
,509,,,22,0.0,,poi,0.0,-111.9372490296901,33.415452251712075,,69.0,,11.441821476992,273.4595333001088,22,poi
,510,,,22,0.0,,poi,0.0,-111.93888471721584,33.416909567630064,,70.0,,10.802014642816001,258.1681499633024,22,poi
,511,,,12,0.0,,poi,0.0,-111.9353223,33.421512400000005,,71.0,,13.567273988486399,1.1595960673919998,12,poi
,512,,,17,0.0,,poi,0.0,-111.93554212020271,33.4210602522133,,72.0,,16.530244840384,16.530244840384,17,poi
,513,,,12,0.0,,poi,0.0,-111.9361904666191,33.4215083705127,,73.0,,1.8306182417280001,1.8306182417280001,12,poi
,514,,,12,0.0,,poi,0.0,-111.93635091817177,33.42170447798722,,74.0,,5.609934822272,5.609934822272,12,poi
,515,,,18,0.0,,poi,0.0,-111.93396227364158,33.420565589972576,,75.0,,14.729173532704001,14.729173532704001,18,poi
,516,,,18,0.0,,poi,0.0,-111.9335481216568,33.42096524448375,,76.0,,7.354065043936,7.354065043936,18,poi
,517,,,13,0.0,,poi,0.0,-111.93306553124724,33.42136341378616,,77.0,,25.551693424831996,25.551693424831996,13,poi
,518,,,18,0.0,,poi,0.0,-111.93304526607157,33.42053379309821,,78.0,,3.6949813425599998,3.6949813425599998,18,poi
,519,,,18,0.0,,poi,0.0,-111.93140604999998,33.42099199999999,,79.0,,25.04788859856,25.04788859856,18,poi
,520,,,13,0.0,,poi,0.0,-111.9315261540908,33.42137257284586,,80.0,,9.437366082304,9.437366082304,13,poi
,521,,,13,0.0,,poi,0.0,-111.93134509234251,33.42166134986698,,81.0,,22.562286408992,22.562286408992,13,poi
,522,,,13,0.0,,poi,0.0,-111.93213781723688,33.42165032247542,,82.0,,27.592907573536,27.592907573536,13,poi
,523,,,13,0.0,,poi,0.0,-111.93221747276434,33.42135452847119,,83.0,,18.068892012512,18.068892012512,13,poi
,524,,,18,0.0,,poi,0.0,-111.93221395089887,33.4210641337076,,84.0,,17.696299254015997,17.696299254015997,18,poi
,525,,,18,0.0,,poi,0.0,-111.93214442511974,33.42083664040479,,85.0,,13.527221477887998,13.527221477887998,18,poi
,526,,,18,0.0,,poi,0.0,-111.9323711608495,33.42059157358435,,86.0,,13.672049892319999,13.672049892319999,18,poi
,527,,,18,0.0,,poi,0.0,-111.93196922679844,33.420627893642155,,87.0,,5.71267634704,5.71267634704,18,poi
,528,,,18,0.0,,poi,0.0,-111.93098132519808,33.42069744947161,,88.0,,25.055315696736,25.055315696736,18,poi
,529,,,18,0.0,,poi,0.0,-111.9304716195624,33.420784362998035,,89.0,,32.202659841439996,32.202659841439996,18,poi
,530,,,13,0.0,,poi,0.0,-111.92941090000002,33.42132775,,90.0,,6.935671846687999,6.935671846687999,13,poi
,531,,,13,0.0,,poi,0.0,-111.92958939530732,33.42160686736444,,91.0,,41.698204859456,41.698204859456,13,poi
,532,,,14,0.0,,poi,0.0,-111.92840658049299,33.4215266734153,,92.0,,38.714987092095996,38.714987092095996,14,poi
,533,,,19,0.0,,poi,0.0,-111.92833542406478,33.4190279685647,,93.0,,45.562771610368,45.562771610368,19,poi
,534,,,12,0.0,,poi,0.0,-111.93432779218807,33.42303810730353,,94.0,,6.826041419264001,163.1423899204096,12,poi
,535,,,12,0.0,,poi,0.0,-111.9347612736665,33.422862044380466,,95.0,,0.853901012032,58.4068292229888,12,poi
,536,,,22,0.0,,poi,0.0,-111.93801357519905,33.416259857868965,,96.0,,5.202413174528,320.9888928683776,22,poi
,537,,,23,0.0,,poi,0.0,-111.93254181202845,33.41555798440811,,97.0,,103.278751536064,103.278751536064,23,poi
,538,,,22,0.0,,poi,0.0,-111.93576107664974,33.41512627577982,,98.0,,39.00464392096,39.00464392096,22,poi
,539,,,22,0.0,,poi,0.0,-111.9361294,33.4154285,,99.0,,8.911279961503999,8.911279961503999,22,poi
,540,,,22,0.0,,poi,0.0,-111.9361375,33.415913700000004,,100.0,,9.604475791263999,9.604475791263999,22,poi
,541,,,22,0.0,,poi,0.0,-111.93610975,33.415669699999995,,101.0,,10.194930096256002,10.194930096256002,22,poi
,542,,,22,0.0,,poi,0.0,-111.93584750000001,33.41567005,,102.0,,2.9027575371199994,2.9027575371199994,22,poi
,543,,,22,0.0,,poi,0.0,-111.93524765,33.41568405,,103.0,,0.6109595543040001,0.6109595543040001,22,poi
,544,,,23,0.0,,poi,0.0,-111.93001575406906,33.41503650602961,,104.0,,17.224678519839998,17.224678519839998,23,poi
,545,,,23,0.0,,poi,0.0,-111.93007503559684,33.41539887910552,,105.0,,13.726515278944001,13.726515278944001,23,poi
,546,,,23,0.0,,poi,0.0,-111.92943844655196,33.415133424020965,,106.0,,13.205380556927999,13.205380556927999,23,poi
,547,,,23,0.0,,poi,0.0,-111.92942532385383,33.41548994222619,,107.0,,14.164714071328001,14.164714071328001,23,poi
,548,,,23,0.0,,poi,0.0,-111.92961760000004,33.41579715,,108.0,,13.497513085184,13.497513085184,23,poi
,549,,,7,0.0,,poi,0.0,-111.93611977855478,33.42472881989341,,109.0,,2.617567731072,62.55986877262081,7,poi
,550,,,13,0.0,,poi,0.0,-111.93135022934086,33.42243515325618,,110.0,,3.1094784363519996,3.1094784363519996,13,poi
,551,,,13,0.0,,poi,0.0,-111.93058813937228,33.42284185769197,,111.0,,3.0624401479039998,3.0624401479039998,13,poi
,552,,,12,0.0,,poi,0.0,-111.93474547297043,33.42386220887288,,112.0,,0.853901012032,58.4068292229888,12,poi
,553,,,12,0.0,,poi,0.0,-111.93418516838301,33.42380958250362,,113.0,,68.591727354752,68.591727354752,12,poi
,554,,,9,0.0,,poi,0.0,-111.92767305000002,33.4248114,,114.0,,5.066518805727999,5.066518805727999,9,poi
,555,,,9,0.0,,poi,0.0,-111.92761300000002,33.42523755,,115.0,,8.490411064864,8.490411064864,9,poi
,556,,,4,0.0,,poi,0.0,-111.9281838,33.428489750000004,,116.0,,9.587145895519999,9.587145895519999,4,poi
,557,,,4,0.0,,poi,0.0,-111.92793008194536,33.42769637667217,,117.0,,30.654109871744,30.654109871744,4,poi
,558,,,3,0.0,,poi,0.0,-111.93234968919441,33.4282513219724,,118.0,,13.837921751583998,13.837921751583998,3,poi
,559,,,8,0.0,,poi,0.0,-111.93016710432285,33.425446205578936,,119.0,,0.398587602112,0.398587602112,8,poi
,560,,,14,0.0,,poi,0.0,-111.92378065,33.424291999999994,,120.0,,31.062600271424003,31.062600271424003,14,poi
,561,,,9,0.0,,poi,0.0,-111.925024,33.424997600000005,,121.0,,138.42006655580798,138.42006655580798,9,poi
,562,,,9,0.0,,poi,0.0,-111.92408104999996,33.42555635,,122.0,,5.961484135936,5.961484135936,9,poi
,563,,,10,0.0,,poi,0.0,-111.92242025,33.42456425,,123.0,,11.515715721887998,11.515715721887998,10,poi
,564,,,9,0.0,,poi,0.0,-111.92351594574177,33.425346915333144,,124.0,,23.366888711392,23.366888711392,9,poi
,565,,,9,0.0,,poi,0.0,-111.9233172,33.426240449999995,,125.0,,12.161873263199999,12.161873263199999,9,poi
,566,,,9,0.0,,poi,0.0,-111.9236948,33.42653060000001,,126.0,,10.352137007647999,10.352137007647999,9,poi
,567,,,10,0.0,,poi,0.0,-111.9227979,33.4268422,,127.0,,7.654862520063999,7.654862520063999,10,poi
,568,,,5,0.0,,poi,0.0,-111.92215425327365,33.42797852286211,,128.0,,19.399580435711997,19.399580435711997,5,poi
,569,,,14,0.0,,poi,0.0,-111.92426208669072,33.42349238404257,,129.0,,27.038350909728,27.038350909728,14,poi
,570,,,15,0.0,,poi,0.0,-111.92216189974302,33.4229782292036,,130.0,,51.22345827017601,51.22345827017601,15,poi
,571,,,15,0.0,,poi,0.0,-111.9211683789365,33.423241237418715,,131.0,,26.995026170368,26.995026170368,15,poi
,572,,,4,0.0,,poi,0.0,-111.92361490073269,33.4284177810152,,132.0,,11.671630964032,278.9519800403648,4,poi
,573,,,7,0.0,,poi,0.0,-111.93565333026336,33.42743657245287,,133.0,,0.9559428826240001,0.9559428826240001,7,poi
,574,,,7,0.0,,poi,0.0,-111.93532126208599,33.427359622634185,,134.0,,0.4138723548800001,0.4138723548800001,7,poi
,575,,,23,0.0,,poi,0.0,-111.93402168160615,33.41548601649059,,135.0,,14.522560272576,347.0891905145664,23,poi
,576,,,22,0.0,,poi,0.0,-111.93569840484722,33.41627613400486,,136.0,,1.5564614438400002,37.199428507776,22,poi
,577,,,7,0.0,,poi,0.0,-111.93593264871905,33.42513725997644,,137.0,,27.038350909728,27.038350909728,7,poi
,578,,,22,0.0,,poi,0.0,-111.9365939129287,33.41556740184805,,138.0,,0.42926474675200005,0.42926474675200005,22,poi
,579,,,1,0.0,,poi,0.0,-111.94271343371193,33.429970451555384,,139.0,,1.1185855687680002,76.5112529037312,1,poi
,580,,,1,0.0,,poi,0.0,-111.94264158077402,33.4296714921756,,140.0,,0.18718440185600002,4.473707204358401,1,poi
,581,,,12,0.0,,poi,0.0,-111.93947119208042,33.423561356192394,,141.0,,3.353388646016,229.3717833874944,12,poi
,582,,,11,0.0,,poi,0.0,-111.94145836154371,33.4230063894986,,142.0,,2.5107897399040002,2.5107897399040002,11,poi
,583,,,11,0.0,,poi,0.0,-111.94193337664964,33.42300192550462,,143.0,,4.917169548928,117.5203522193792,11,poi
,584,,,6,0.0,,poi,0.0,-111.94286470421316,33.42494546179255,,144.0,,37.074836244896,37.074836244896,6,poi
,585,,,18,0.0,,poi,0.0,-111.93069959519585,33.41996115881878,,145.0,,44.512698331295994,3.80450413088,18,poi
,586,,,12,0.0,,poi,0.0,-111.93874719776451,33.42401699218601,,146.0,,41.97548319136,41.97548319136,12,poi
,587,,,1,0.0,,poi,0.0,-111.94333579925687,33.42777122909285,,147.0,,1.078436182976,84.118022272128,1,poi
,588,,,11,0.0,,poi,0.0,-111.9431240546334,33.42321209290975,,148.0,,4.418908136512,105.61190446263682,11,poi
,589,,,11,0.0,,poi,0.0,-111.9417408990568,33.422294330702165,,149.0,,60.87960083136,2.9842941584,11,poi
,590,,,22,0.0,,poi,0.0,-111.93877401542616,33.416264901598986,,150.0,,0.12356969139200001,0.12356969139200001,22,poi
,591,,,14,0.0,,poi,0.0,-111.92476248743496,33.421328634769914,,151.0,,26.189186018271993,26.189186018271993,14,poi
,592,,,7,0.0,,poi,0.0,-111.9384453929302,33.4249337740652,,152.0,,1.6410657795840002,1.6410657795840002,7,poi
,593,,,24,0.0,,poi,0.0,-111.92839349997169,33.41802643100772,,153.0,,47.7001828263168,4.076938703104,24,poi
,594,,,18,0.0,,poi,0.0,-111.92951632285246,33.418785865368115,,154.0,,2.8635230837120003,2.8635230837120003,18,poi
,595,,,18,0.0,,poi,0.0,-111.92956750915195,33.419366925746935,,155.0,,4.878419471488001,116.59422536856322,18,poi
,596,,,17,0.0,,poi,0.0,-111.93903481440056,33.41973508972454,,156.0,,88.6701230359296,4.346574658624,17,poi
,597,,,11,0.0,,poi,0.0,-111.94191804540442,33.42398763751968,,157.0,,6.091404534464001,29.238741765427203,11,poi
,598,,,11,0.0,,poi,0.0,-111.94243126240022,33.42365006664172,,158.0,,1.276169217024,1.276169217024,11,poi
,599,,,12,0.0,,poi,0.0,-111.93836094560987,33.42352237470183,,159.0,,4.947685234911999,4.947685234911999,12,poi
,600,,,12,0.0,,poi,0.0,-111.93856432654036,33.423576094041834,,160.0,,0.253059533504,0.253059533504,12,poi
,601,,,12,0.0,,poi,0.0,-111.93891770256458,33.423476606866345,,161.0,,11.200064049407999,11.200064049407999,12,poi
,602,,,6,0.0,,poi,0.0,-111.94030031945374,33.425224642063306,,162.0,,35.209590503411206,0.314090905472,6,poi
,603,,,1,0.0,,poi,0.0,-111.9418549103121,33.4289586731595,,163.0,,31.442620128096,31.442620128096,1,poi
,604,,,11,0.0,,poi,0.0,-111.93965372544464,33.422607983197196,,164.0,,0.4016014970240001,27.4695423964416,11,poi
,605,,,11,0.0,,poi,0.0,-111.93963975708078,33.42220829963623,,165.0,,8.105439809407999,8.105439809407999,11,poi
,606,,,12,0.0,,poi,0.0,-111.93904968146131,33.42248093526265,,166.0,,9.429938984127999,9.429938984127999,12,poi
,607,,,12,0.0,,poi,0.0,-111.938976695956,33.4222044308813,,167.0,,17.813894975135998,17.813894975135998,12,poi
,608,,,12,0.0,,poi,0.0,-111.93644450000001,33.42252670000001,,168.0,,1.5980639575359998,1.5980639575359998,12,poi
,609,,,12,0.0,,poi,0.0,-111.93623937514572,33.422388562551824,,169.0,,3.270398896832,3.270398896832,12,poi
,610,,,12,0.0,,poi,0.0,-111.93525662507578,33.42285228452475,,170.0,,14.2043252616,14.2043252616,12,poi
,611,,,12,0.0,,poi,0.0,-111.9361322087137,33.42271408022154,,171.0,,1.44209489584,1.44209489584,12,poi
,612,,,13,0.0,,poi,0.0,-111.93008637617365,33.42246306358353,,172.0,,31.655530275808005,31.655530275808005,13,poi
,613,,,24,0.0,,poi,0.0,-111.92815193179487,33.41625958009848,,173.0,,100.621088238752,100.621088238752,24,poi
,614,,,23,0.0,,poi,0.0,-111.92865578184471,33.41513107296007,,174.0,,1.993906762496,1.993906762496,23,poi
,615,,,24,0.0,,poi,0.0,-111.9284175550224,33.41548089137003,,175.0,,1.9579553017600002,1.9579553017600002,24,poi
,616,,,24,0.0,,poi,0.0,-111.92766339040048,33.4151139066782,,176.0,,1.6865971205760002,1.6865971205760002,24,poi
,617,,,24,0.0,,poi,0.0,-111.92699003002586,33.41525915261809,,177.0,,1.0395784664319998,1.0395784664319998,24,poi
,618,,,15,0.0,,poi,0.0,-111.92036573988001,33.42324915873482,,178.0,,29.885405210528003,29.885405210528003,15,poi
,619,,,15,0.0,,poi,0.0,-111.9199282535437,33.42240762968916,,179.0,,5.546804487775999,5.546804487775999,15,poi
,620,,,14,0.0,,poi,0.0,-111.923692386134,33.4224501322694,,180.0,,13.711661082592,13.711661082592,14,poi
,621,,,14,0.0,,poi,0.0,-111.92438890960415,33.42242183105314,,181.0,,0.44756339443200005,63.24070763324161,14,poi
,622,,,14,0.0,,poi,0.0,-111.92522584733484,33.42238160022136,,182.0,,31.956327751935994,31.956327751935994,14,poi
,623,,,14,0.0,,poi,0.0,-111.9258610445765,33.42274101598039,,183.0,,21.68712667392,21.68712667392,14,poi
,624,,,14,0.0,,poi,0.0,-111.92584209999998,33.42316225,,184.0,,9.256640026687998,9.256640026687998,14,poi
,625,,,14,0.0,,poi,0.0,-111.9258497949478,33.42358046811401,,185.0,,13.778504966175998,13.778504966175998,14,poi
,626,,,9,0.0,,poi,0.0,-111.92344683336128,33.424802479954856,,186.0,,44.35834385616,44.35834385616,9,poi
,627,,,11,0.0,,poi,0.0,-111.93958792495272,33.42405919466315,,187.0,,19.455283672032,19.455283672032,11,poi
,628,,,7,0.0,,poi,0.0,-111.93954728703274,33.42466143740126,,188.0,,24.708717781856,24.708717781856,7,poi
,629,,,6,0.0,,poi,0.0,-111.93963639208005,33.425204264875475,,189.0,,14.165951921024,14.165951921024,6,poi
,630,,,6,0.0,,poi,0.0,-111.94035026189111,33.424889710284354,,190.0,,33.129809263744,33.129809263744,6,poi
,631,,,6,0.0,,poi,0.0,-111.94089949496129,33.42514467708774,,191.0,,20.670852073504,20.670852073504,6,poi
,632,,,6,0.0,,poi,0.0,-111.94098018657486,33.42454722503213,,192.0,,10.234541286528,10.234541286528,6,poi
,633,,,1,0.0,,poi,0.0,-111.94152515,33.430078800000004,,193.0,,0.084819613952,0.084819613952,1,poi
,634,,,24,0.0,,poi,0.0,-111.92576780840791,33.41761738814682,,194.0,,1.85892732608,44.428363093312,24,poi
,635,,,24,0.0,,poi,0.0,-111.92595705,33.417466999999995,,195.0,,15.188415769919999,15.188415769919999,24,poi
,636,,,24,0.0,,poi,0.0,-111.92546901534288,33.41742396676034,,196.0,,1.52955166784,7.341848005632,24,poi
,637,,,24,0.0,,poi,0.0,-111.92485780020915,33.41758800341271,,197.0,,8.183424340256,8.183424340256,24,poi
,638,,,24,0.0,,poi,0.0,-111.92510638925779,33.41716326971559,,198.0,,10.953731959903998,10.953731959903998,24,poi
,639,,,24,0.0,,poi,0.0,-111.92453264256416,33.417152193324256,,199.0,,11.297854175392,11.297854175392,24,poi
,640,,,14,0.0,,poi,0.0,-111.92591218086812,33.421660385096885,,200.0,,0.504504480448,0.504504480448,14,poi
,641,,,14,0.0,,poi,0.0,-111.92583817383252,33.42135600880316,,201.0,,0.7262410346880002,27.669783421612802,14,poi
,642,,,14,0.0,,poi,0.0,-111.92551097901104,33.42166840766332,,202.0,,3.6021426153599996,3.6021426153599996,14,poi
,643,,,14,0.0,,poi,0.0,-111.9252186,33.42165295,,203.0,,3.526633783904,3.526633783904,14,poi
,644,,,14,0.0,,poi,0.0,-111.92522604689972,33.42141518468693,,204.0,,6.938847200256,165.8384480861184,14,poi
,645,,,14,0.0,,poi,0.0,-111.92433978867932,33.421681108265844,,205.0,,0.4799627647360001,37.437095649408,14,poi
,646,,,19,0.0,,poi,0.0,-111.92423457878223,33.421232235023844,,206.0,,4.53752642912,108.44688165596801,19,poi
,647,,,19,0.0,,poi,0.0,-111.92496695,33.4194331,,207.0,,1.199476355424,1.199476355424,19,poi
,648,,,19,0.0,,poi,0.0,-111.92325573838495,33.41889388277133,,208.0,,1.044745143424,1.044745143424,19,poi
,649,,,20,0.0,,poi,0.0,-111.92258103933821,33.4193681017292,,209.0,,16.14774928432,16.14774928432,20,poi
,650,,,20,0.0,,poi,0.0,-111.92298632373732,33.419158173873754,,210.0,,10.083523623616,10.083523623616,20,poi
,651,,,20,0.0,,poi,0.0,-111.92272675602915,33.41927602860028,,211.0,,1.1586273154559998,1.1586273154559998,20,poi
,652,,,20,0.0,,poi,0.0,-111.9226000288308,33.41899401606358,,212.0,,19.186670288000002,19.186670288000002,20,poi
,653,,,19,0.0,,poi,0.0,-111.92329990918957,33.4184474496469,,213.0,,15.382758172192002,15.382758172192002,19,poi
,654,,,19,0.0,,poi,0.0,-111.92374723856408,33.420158338641826,,214.0,,4.174136814016,99.76186985498242,19,poi
,655,,,20,0.0,,poi,0.0,-111.9225634,33.4199575,,215.0,,0.572209476864,2.7466054889472002,20,poi
,656,,,20,0.0,,poi,0.0,-111.9217629,33.41985065,,216.0,,1.19371766336,5.729844784128,20,poi
,657,,,20,0.0,,poi,0.0,-111.92172235482826,33.41963443147744,,217.0,,0.22604211840000005,0.22604211840000005,20,poi
,658,,,20,0.0,,poi,0.0,-111.9221740947994,33.41971438797634,,218.0,,0.20408374118400002,0.20408374118400002,20,poi
,659,,,20,0.0,,poi,0.0,-111.92257866441713,33.41979389917522,,219.0,,0.16458019001600002,0.16458019001600002,20,poi
,660,,,6,0.0,,poi,0.0,-111.9396447725402,33.42575914692494,,220.0,,1.2536726442880002,47.76492774737281,6,poi
,661,,,24,0.0,,poi,0.0,-111.92662518343218,33.41563174632215,,221.0,,1.2566865392,1.2566865392,24,poi
,662,,,24,0.0,,poi,0.0,-111.92664036319114,33.41634263996445,,222.0,,1.3966173744000001,1.3966173744000001,24,poi
,663,,,24,0.0,,poi,0.0,-111.9269932397962,33.41626725675707,,223.0,,1.0704708892800001,1.0704708892800001,24,poi
,664,,,12,0.0,,poi,0.0,-111.93706214334749,33.42404040294766,,224.0,,1.5303051415680002,1.5303051415680002,12,poi
,665,,,23,0.0,,poi,0.0,-111.93314897034656,33.416820156550905,,225.0,,39.0407030208,3.336812224000001,23,poi
,666,,,19,0.0,,poi,0.0,-111.92722086090643,33.41936155826629,,226.0,,0.8493801696640002,0.8493801696640002,19,poi
,667,,,23,0.0,,poi,0.0,-111.93007417491604,33.41779373994098,,227.0,,2.1898099317760003,2.1898099317760003,23,poi
,668,,,23,0.0,,poi,0.0,-111.93402293489531,33.41528487166738,,228.0,,7.221184570048001,7.221184570048001,23,poi
,669,,,23,0.0,,poi,0.0,-111.93403226706987,33.4157806808104,,229.0,,5.114256748352001,5.114256748352001,23,poi
,670,,,24,0.0,,poi,0.0,-111.92754401113993,33.41744417486011,,230.0,,6.037369704256001,6.037369704256001,24,poi
,671,,,24,0.0,,poi,0.0,-111.92691017670026,33.417672152044474,,231.0,,8.759455005312002,8.759455005312002,24,poi
,672,,,18,0.0,,poi,0.0,-111.93399964593107,33.42094866992326,,232.0,,0.051774409024000004,0.051774409024000004,18,poi
,673,,,8,0.0,,poi,0.0,-111.92970483774128,33.424714840906766,,233.0,,0.5985810573440001,0.5985810573440001,8,poi
,674,,,15,0.0,,poi,0.0,-111.92155817503284,33.42313805425778,,234.0,,0.256073428416,0.256073428416,15,poi
,675,,,15,0.0,,poi,0.0,-111.92154387550184,33.42296500769838,,235.0,,0.37383060819200004,0.37383060819200004,15,poi
,676,,,15,0.0,,poi,0.0,-111.92144722485399,33.422790751846826,,236.0,,0.6022407868799999,0.6022407868799999,15,poi
,677,,,15,0.0,,poi,0.0,-111.92139643320878,33.42261029489414,,237.0,,0.7041750183680001,0.7041750183680001,15,poi
,678,,,15,0.0,,poi,0.0,-111.92134610170861,33.422433413342866,,238.0,,1.18241555744,1.18241555744,15,poi
,679,,,15,0.0,,poi,0.0,-111.92040115,33.42243205,,239.0,,0.621508186496,0.621508186496,15,poi
,680,,,15,0.0,,poi,0.0,-111.92028065,33.42260945,,240.0,,0.3326048313600001,0.3326048313600001,15,poi
,681,,,15,0.0,,poi,0.0,-111.92020890000002,33.42278965000001,,241.0,,0.24853869113600005,0.24853869113600005,15,poi
,682,,,15,0.0,,poi,0.0,-111.92020890000002,33.42278965000001,,242.0,,0.24853869113600005,0.24853869113600005,15,poi
,683,,,15,0.0,,poi,0.0,-111.91999112373043,33.42296538057483,,243.0,,0.36446600614400004,0.36446600614400004,15,poi
,684,,,15,0.0,,poi,0.0,-111.92124183629244,33.42372762467092,,244.0,,2.245244070336,2.245244070336,15,poi
,685,,,15,0.0,,poi,0.0,-111.92076613437357,33.42356068912701,,245.0,,0.617417900544,0.617417900544,15,poi
,686,,,17,0.0,,poi,0.0,-111.93465552460528,33.418380398409965,,246.0,,2.8651376702720004,2.8651376702720004,17,poi
,687,,,17,0.0,,poi,0.0,-111.93507713823305,33.41811027525491,,247.0,,0.7701577891200001,0.7701577891200001,17,poi
,688,,,3,0.0,,poi,0.0,-111.92876177521336,33.42815905545122,,248.0,,5.709500993472,5.709500993472,3,poi
,689,,,3,0.0,,poi,0.0,-111.92980641283098,33.42815367478082,,249.0,,5.678393292416,5.678393292416,3,poi
,690,,,8,0.0,,poi,0.0,-111.92979425,33.427494499999995,,250.0,,5.692709293248001,5.692709293248001,8,poi
,691,,,8,0.0,,poi,0.0,-111.92875267517175,33.4274982054553,,251.0,,5.696046105472001,5.696046105472001,8,poi
,692,,,11,0.0,,poi,0.0,-111.94086937268612,33.42166716314975,,252.0,,0.403000805376,56.9440137996288,11,poi
,693,,,3,0.0,,poi,0.0,-111.93177811803331,33.429773051157646,,253.0,,49.556074729664,49.556074729664,3,poi
,694,,,25,0.0,,poi,0.0,-111.91877097039131,33.41597579213866,,254.0,,460.10924867089926,22.554374934848006,25,poi
,695,,,13,0.0,,poi,0.0,-111.93021128689676,33.42153470240331,,255.0,,1.3095373392640002,31.297942408409604,13,poi
,696,,,11,0.0,,poi,0.0,-111.94305807734713,33.42128541649285,,256.0,,2.9645962023680004,202.7783802419712,11,poi
,697,,,11,0.0,,poi,0.0,-111.94270625673724,33.42151143654656,,257.0,,0.924404625152,63.229276360396796,11,poi
,698,,,11,0.0,,poi,0.0,-111.94386085114851,33.42160461183001,,258.0,,0.42119181395200006,16.0474081115712,11,poi
,699,,,11,0.0,,poi,0.0,-111.94035487473936,33.42155813996261,,259.0,,137.4317996502528,1.335586002432,11,poi
,700,,,1,0.0,,poi,0.0,-111.94168946827813,33.42805713211949,,260.0,,122.72041886144001,122.72041886144001,1,poi
,701,,,1,0.0,,poi,0.0,-111.94041380000002,33.42804875,,261.0,,44.124390263616,44.124390263616,1,poi
,702,,,25,0.0,,poi,0.0,-111.91842343674557,33.41613484226029,,262.0,,12.713146934336,303.84421173063043,25,poi
,703,,,25,0.0,,poi,0.0,-111.91840989099458,33.41541621938217,,263.0,,3.1057110677120003,212.43063703150082,25,poi
,704,,,25,0.0,,poi,0.0,-111.91925305210137,33.415263227839674,,264.0,,40.0652550683136,1.9639830915840002,25,poi
,705,,,2,0.0,,poi,0.0,-111.93847088708871,33.43060110432084,,265.0,,93.08877283859199,93.08877283859199,2,poi
,706,,,2,0.0,,poi,0.0,-111.93951586179293,33.43026799960842,,266.0,,32.497268069088,32.497268069088,2,poi
,707,,,25,0.0,,poi,0.0,-111.9180454105305,33.415114224969145,,267.0,,0.09719811091200001,7.581452651136,25,poi
,708,,,25,0.0,,poi,0.0,-111.92109325521912,33.41626543439763,,268.0,,3.875761217728,18.6036538450944,25,poi
,709,,,6,0.0,,poi,0.0,-111.94473008194328,33.42603989356498,,269.0,,3.5204445354239997,3.5204445354239997,6,poi
,710,,,11,0.0,,poi,0.0,-111.94142216666668,33.4236071,,270.0,,0.45122312396799996,0.45122312396799996,11,poi
,711,,,11,0.0,,poi,0.0,-111.94090095692312,33.42385544914964,,271.0,,25.446476200672,25.446476200672,11,poi
,712,,,11,0.0,,poi,0.0,-111.94047180019629,33.42344067255377,,272.0,,15.152518128735997,15.152518128735997,11,poi
,713,,,11,0.0,,poi,0.0,-111.94028195962866,33.42382327389784,,273.0,,12.549320218048,12.549320218048,11,poi
,714,,,11,0.0,,poi,0.0,-111.94057597795813,33.42414328240312,,274.0,,12.202722303168,12.202722303168,11,poi
,715,,,11,0.0,,poi,0.0,-111.94089278111223,33.42244326487203,,275.0,,44.49079377363199,44.49079377363199,11,poi
,716,,,11,0.0,,poi,0.0,-111.9403860028596,33.42273406936071,,276.0,,35.97438786515199,35.97438786515199,11,poi
,717,,,17,0.0,,poi,0.0,-111.93896895377459,33.42022540660363,,277.0,,9.115309883136,217.8559062069504,17,poi
,718,,,12,0.0,,poi,0.0,-111.93574815920813,33.42155512195088,,278.0,,2.5515849603200005,60.98288055164801,12,poi
,719,,,24,0.0,,poi,0.0,-111.92585575325243,33.41712826370374,,279.0,,0.505796149696,12.088527977734401,24,poi
,720,,,24,0.0,,poi,0.0,-111.9259024583862,33.41629325712704,,280.0,,0.226257396608,17.648076935424,24,poi
,721,,,24,0.0,,poi,0.0,-111.92590670698452,33.416651775079266,,281.0,,3.591001968096,3.591001968096,24,poi
,722,,,24,0.0,,poi,0.0,-111.92592113755545,33.41578038288852,,282.0,,0.6688693922560001,94.51124512577282,24,poi
,723,,,24,0.0,,poi,0.0,-111.92573569387072,33.415708507070626,,283.0,,1.701128399616,40.6569687508224,24,poi
,724,,,24,0.0,,poi,0.0,-111.92579698196714,33.41607074049229,,284.0,,0.671237452544,16.0425751158016,24,poi
,725,,,19,0.0,,poi,0.0,-111.92524825414812,33.41993654580861,,285.0,,6.378585663936,152.4481973680704,19,poi
,726,,,19,0.0,,poi,0.0,-111.92572381617815,33.41917684200222,,286.0,,1.4987668840960002,35.82052852989441,19,poi
,727,,,24,0.0,,poi,0.0,-111.92531359596389,33.41742281355198,,287.0,,1.5435447513600002,36.890719557504,24,poi
,728,,,24,0.0,,poi,0.0,-111.92496781860814,33.41746639239096,,288.0,,2.967717736384,70.9284538995776,24,poi
,729,,,22,0.0,,poi,0.0,-111.9388999605642,33.417442567882965,,289.0,,0.43303211539200004,10.3494675578688,22,poi
,730,,,17,0.0,,poi,0.0,-111.93902241334743,33.41940180764664,,290.0,,6.486655324352001,155.03106225201284,17,poi
,731,,,14,0.0,,poi,0.0,-111.92507930586008,33.42313792682233,,291.0,,12.627358568448003,301.79386978590725,14,poi
,732,,,14,0.0,,poi,0.0,-111.92446455215912,33.42397920953468,,292.0,,8.496062117824001,203.05588461599362,14,poi
,733,,,9,0.0,,poi,0.0,-111.92591137918902,33.42564868264332,,293.0,,4.895641728128,117.00583730225921,9,poi
,734,,,15,0.0,,poi,0.0,-111.92285952532991,33.424298790913646,,294.0,,2.114893115392,50.545945457868804,15,poi
,735,,,9,0.0,,poi,0.0,-111.92410222948284,33.42629459061593,,295.0,,3.7274345324160003,89.0856853247424,9,poi
,736,,,10,0.0,,poi,0.0,-111.92286943689275,33.42663140815354,,296.0,,3.107863849792,74.27794601002881,10,poi
,737,,,14,0.0,,poi,0.0,-111.9243375698702,33.42274756996058,,297.0,,5.485181100736,131.09582830759038,14,poi
,738,,,14,0.0,,poi,0.0,-111.92352977740076,33.423336848395785,,298.0,,8.942764399424,213.7320691462336,14,poi
,739,,,18,0.0,,poi,0.0,-111.93291691880891,33.41920185985059,,299.0,,1.067134077056,25.5045044416384,18,poi
,740,,,16,0.0,,poi,0.0,-111.93963637507,33.41868246007183,,300.0,,0.568226830016,13.5806212373824,16,poi
,741,,,17,0.0,,poi,0.0,-111.93946972521206,33.41839605262469,,301.0,,0.083850862016,2.0040356021824004,17,poi
,742,,,18,0.0,,poi,0.0,-111.9331233587483,33.420942053200434,,302.0,,2.160962651904,51.6470073805056,18,poi
,743,,,13,0.0,,poi,0.0,-111.93338575277613,33.421429280321355,,303.0,,0.164903107328,3.9411842651391997,13,poi
,744,,,8,0.0,,poi,0.0,-111.92967300000002,33.424508,,304.0,,0.5774837929600001,0.5774837929600001,8,poi
,745,,,13,0.0,,poi,0.0,-111.92972717475523,33.42433604779229,,305.0,,0.430233498688,0.430233498688,13,poi
,746,,,8,0.0,,poi,0.0,-111.92972565,33.424880550000005,,306.0,,0.515483669056,0.515483669056,8,poi
,747,,,8,0.0,,poi,0.0,-111.92969964999998,33.425032,,307.0,,0.4793169301120001,0.4793169301120001,8,poi
,748,,,8,0.0,,poi,0.0,-111.92963958019556,33.425194424819715,,308.0,,0.442827273856,0.442827273856,8,poi
,749,,,8,0.0,,poi,0.0,-111.92959467493648,33.4253732469566,,309.0,,0.35822293811200007,0.35822293811200007,8,poi
,750,,,13,0.0,,poi,0.0,-111.929489463843,33.42234918387506,,310.0,,1.6334234032000001,39.03881933648,13,poi
,751,,,12,0.0,,poi,0.0,-111.93558368204201,33.42351554494621,,311.0,,41.175832287744,41.175832287744,12,poi
,752,,,12,0.0,,poi,0.0,-111.93687557681992,33.42351954913661,,312.0,,0.42043834022400006,32.794190537472,12,poi
,753,,,12,0.0,,poi,0.0,-111.93783259834824,33.42398348097234,,313.0,,1.5416072474880003,1.5416072474880003,12,poi
,754,,,12,0.0,,poi,0.0,-111.93765478503822,33.423600138678964,,314.0,,4.488442997696,4.488442997696,12,poi
,755,,,12,0.0,,poi,0.0,-111.93735100130108,33.42350940149568,,315.0,,0.67220620448,52.43208394944,12,poi
,756,,,12,0.0,,poi,0.0,-111.93645064984531,33.42352289021025,,316.0,,2.1563341704320003,2.1563341704320003,12,poi
,757,,,7,0.0,,poi,0.0,-111.93732617875268,33.425075222945104,,317.0,,68.641241342592,68.641241342592,7,poi
,758,,,7,0.0,,poi,0.0,-111.9370488,33.42466790000001,,318.0,,14.89133184288,14.89133184288,7,poi
,759,,,12,0.0,,poi,0.0,-111.93598340682449,33.42403454040671,,319.0,,5.1477325096960005,123.0308069817344,12,poi
,760,,,12,0.0,,poi,0.0,-111.93522750021368,33.423963883171446,,320.0,,0.342722907136,0.342722907136,12,poi
,761,,,12,0.0,,poi,0.0,-111.93845491569591,33.422830419064105,,321.0,,15.575862724767997,15.575862724767997,12,poi
,762,,,7,0.0,,poi,0.0,-111.93532055273023,33.4247365375159,,322.0,,8.781305743423998,8.781305743423998,7,poi
,763,,,7,0.0,,poi,0.0,-111.9352797,33.425159650000005,,323.0,,13.704233984416,13.704233984416,7,poi
,764,,,2,0.0,,poi,0.0,-111.93949594945408,33.42784394349894,,324.0,,5.2854029237120015,126.32112987671682,2,poi
,765,,,7,0.0,,poi,0.0,-111.93915584709782,33.42691343580681,,325.0,,8.814781504768002,210.67327796395523,7,poi
,766,,,6,0.0,,poi,0.0,-111.93969875173643,33.42616027684499,,326.0,,22.50410747328,22.50410747328,6,poi
,767,,,1,0.0,,poi,0.0,-111.9396275610634,33.42900183957961,,327.0,,8.225511229919999,8.225511229919999,1,poi
,768,,,2,0.0,,poi,0.0,-111.93926367928849,33.42889077444613,,328.0,,7.5657373419519995,7.5657373419519995,2,poi
,769,,,1,0.0,,poi,0.0,-111.94044320050313,33.42912115168836,,329.0,,33.135998512224,33.135998512224,1,poi
,770,,,6,0.0,,poi,0.0,-111.94311261860572,33.425953141572435,,330.0,,18.430344123744003,18.430344123744003,6,poi
,771,,,6,0.0,,poi,0.0,-111.94266500219284,33.42649135579607,,331.0,,14.162292191488003,338.4787833765633,6,poi
,772,,,6,0.0,,poi,0.0,-111.94038075293163,33.42600199777564,,332.0,,46.89841143235199,46.89841143235199,6,poi
,773,,,6,0.0,,poi,0.0,-111.94095372649012,33.42581894514601,,333.0,,11.568943258816,11.568943258816,6,poi
,774,,,6,0.0,,poi,0.0,-111.94090489314831,33.42678994674498,,334.0,,40.431884620448,40.431884620448,6,poi
,775,,,6,0.0,,poi,0.0,-111.94106568056546,33.42711884769829,,335.0,,18.67296266416,18.67296266416,6,poi
,776,,,1,0.0,,poi,0.0,-111.940921934982,33.428878588674415,,336.0,,9.742307663936,232.84115316807043,1,poi
,777,,,19,0.0,,poi,0.0,-111.92468835316099,33.419895214953186,,337.0,,10.376894001567997,10.376894001567997,19,poi
,778,,,4,0.0,,poi,0.0,-111.92480595362629,33.42931435081786,,338.0,,13.614193873920001,325.3792335866881,4,poi
,779,,,2,0.0,,poi,0.0,-111.93426201725883,33.43077899325358,,339.0,,191.156177154496,191.156177154496,2,poi
,780,,,3,0.0,,poi,0.0,-111.93318475884182,33.42988499291382,,340.0,,45.15923260947199,45.15923260947199,3,poi
,781,,,3,0.0,,poi,0.0,-111.93211067093004,33.43054064814484,,341.0,,61.721661541951995,61.721661541951995,3,poi
,782,,,3,0.0,,poi,0.0,-111.9301937287598,33.429699989071075,,342.0,,145.37554399763198,145.37554399763198,3,poi
,783,,,13,0.0,,poi,0.0,-111.93240175751116,33.422374651781354,,343.0,,0.167701724032,4.008071204364801,13,poi
,784,,,13,0.0,,poi,0.0,-111.93319701010954,33.422746611440395,,344.0,,0.24347965324799997,5.8191637126272,13,poi
,785,,,13,0.0,,poi,0.0,-111.93319289051895,33.42236934608757,,345.0,,0.08202099724800002,1.9603018342272003,13,poi
,786,,,13,0.0,,poi,0.0,-111.93089096880043,33.42252686440553,,346.0,,0.5533726336640001,13.225605944569601,13,poi
,787,,,13,0.0,,poi,0.0,-111.93059562446872,33.42260054921793,,347.0,,0.5401330238720001,12.9091792705408,13,poi
,788,,,17,0.0,,poi,0.0,-111.93605560000002,33.42057455,,348.0,,1.9644136480000003,46.9494861872,17,poi
,789,,,22,0.0,,poi,0.0,-111.93799191542614,33.415616801598986,,349.0,,0.12356969139200001,0.12356969139200001,22,poi
,790,,,21,0.0,,poi,0.0,-111.93958147421756,33.41778369504657,,350.0,,0.07158000416,0.07158000416,21,poi
,791,,,18,0.0,,poi,0.0,-111.93263492483575,33.42066017688909,,351.0,,0.08277447097600002,1.9783098563264003,18,poi
,792,,,22,0.0,,poi,0.0,-111.9347190532248,33.41678104662033,,352.0,,0.063829988672,0.063829988672,22,poi
,793,,,23,0.0,,poi,0.0,-111.93407473701795,33.417127748980505,,353.0,,0.063937627776,0.063937627776,23,poi
,794,,,23,0.0,,poi,0.0,-111.93379920288456,33.41710368698892,,354.0,,0.063829988672,0.063829988672,23,poi
,795,,,23,0.0,,poi,0.0,-111.93387298771215,33.41688544847359,,355.0,,0.063829988672,0.063829988672,23,poi
,796,,,23,0.0,,poi,0.0,-111.93323851522499,33.41727297140709,,356.0,,0.26468455673600005,6.3259609059904,23,poi
,797,,,23,0.0,,poi,0.0,-111.93285651360956,33.41617869142407,,357.0,,0.424313347968,10.1410890164352,23,poi
,798,,,23,0.0,,poi,0.0,-111.93123681120413,33.4154830045261,,358.0,,76.756583949568,76.756583949568,23,poi
,799,,,23,0.0,,poi,0.0,-111.93332373808927,33.41675924860939,,359.0,,0.063829988672,0.063829988672,23,poi
,800,,,23,0.0,,poi,0.0,-111.93358334208942,33.418021863662794,,360.0,,0.26995887283200004,6.452017060684802,23,poi
,801,,,13,0.0,,poi,0.0,-111.93088589031127,33.42167501605503,,361.0,,0.44218143923200004,10.568136397644802,13,poi
,802,,,18,0.0,,poi,0.0,-111.93199775,33.42121075,,362.0,,0.151986414848,3.6324753148671998,18,poi
,803,,,18,0.0,,poi,0.0,-111.93204321396006,33.42122931132793,,363.0,,0.7267792302080002,0.7267792302080002,18,poi
,804,,,4,0.0,,poi,0.0,-111.92806826332672,33.4293778102972,,364.0,,19.268906563456003,460.5268668665985,4,poi
,805,,,17,0.0,,poi,0.0,-111.9371585,33.418618599999995,,365.0,,0.07782307219199999,1.8599714253888,17,poi
,806,,,13,0.0,,poi,0.0,-111.93180294414594,33.421544187815165,,366.0,,0.03627437804800001,0.8669576353472002,13,poi
,807,,,13,0.0,,poi,0.0,-111.93179670839187,33.42178342482802,,367.0,,0.08901753900800001,2.1275191822912003,13,poi
,808,,,13,0.0,,poi,0.0,-111.93252600643616,33.421474191155745,,368.0,,0.05274316096000001,1.2605615469440001,13,poi
,809,,,7,0.0,,poi,0.0,-111.93916706638471,33.42520551693215,,369.0,,2.350945670464,56.1876015240896,7,poi
,810,,,18,0.0,,poi,0.0,-111.93375097992605,33.41867761767479,,370.0,,27.427035714271998,27.427035714271998,18,poi
,811,,,18,0.0,,poi,0.0,-111.93318200660894,33.418642535531944,,371.0,,14.921040235584,14.921040235584,18,poi
,812,,,9,0.0,,poi,0.0,-111.92801079783057,33.426032646292946,,372.0,,27.819434067903998,27.819434067903998,9,poi
,813,,,12,0.0,,poi,0.0,-111.93591167543651,33.4222725174122,,373.0,,2.9547472243519994,2.9547472243519994,12,poi
,814,,,12,0.0,,poi,0.0,-111.93644519289076,33.42217067031444,,374.0,,2.866859895936,2.866859895936,12,poi
,815,,,6,0.0,,poi,0.0,-111.9413433821264,33.42670773167578,,375.0,,0.9429185510400001,73.54764698112001,6,poi
,816,,,12,0.0,,poi,0.0,-111.93926548101248,33.422956886858394,,376.0,,4.513199991616,4.513199991616,12,poi
,817,,,12,0.0,,poi,0.0,-111.93890778245434,33.42287925914703,,377.0,,2.3878120635839997,2.3878120635839997,12,poi
,818,,,19,0.0,,poi,0.0,-111.92734855364985,33.41999007748772,,378.0,,39.24602461168,39.24602461168,19,poi
,819,,,7,0.0,,poi,0.0,-111.9366946350982,33.425946361981396,,379.0,,21.001357942336,21.001357942336,7,poi
,820,,,7,0.0,,poi,0.0,-111.93646240000002,33.42562950000001,,380.0,,0.033260483135999996,0.033260483135999996,7,poi
,821,,,7,0.0,,poi,0.0,-111.9362882248728,33.42562779715566,,381.0,,0.032829926720000006,0.032829926720000006,7,poi
,822,,,7,0.0,,poi,0.0,-111.93607377488114,33.425628797021325,,382.0,,0.031430618368,0.031430618368,7,poi
,823,,,7,0.0,,poi,0.0,-111.9358734248463,33.42562894711884,,383.0,,0.032399370304,0.032399370304,7,poi
,824,,,7,0.0,,poi,0.0,-111.93566599999998,33.425627799999994,,384.0,,0.032829926720000006,0.032829926720000006,7,poi
,825,,,7,0.0,,poi,0.0,-111.93634844999998,33.425701700000005,,385.0,,0.03315284403200001,0.03315284403200001,7,poi
,826,,,7,0.0,,poi,0.0,-111.93609000000002,33.42571405,,386.0,,0.033260483135999996,0.033260483135999996,7,poi
,827,,,7,0.0,,poi,0.0,-111.93586647762086,33.425720197375554,,387.0,,0.032614648512,0.032614648512,7,poi
,828,,,7,0.0,,poi,0.0,-111.93558673242487,33.42569074932172,,388.0,,0.032614648512,0.032614648512,7,poi
,829,,,7,0.0,,poi,0.0,-111.9356033218422,33.42589153261093,,389.0,,0.033691039552,0.033691039552,7,poi
,830,,,7,0.0,,poi,0.0,-111.9358560216522,33.425911302421696,,390.0,,0.03315284403200001,0.03315284403200001,7,poi
,831,,,7,0.0,,poi,0.0,-111.93609715,33.4259148,,391.0,,0.034444513280000005,0.034444513280000005,7,poi
,832,,,7,0.0,,poi,0.0,-111.93641005,33.42588789999999,,392.0,,0.034121595968000004,0.034121595968000004,7,poi
,833,,,18,0.0,,poi,0.0,-111.93183373374191,33.42046224462481,,393.0,,0.09622935897600002,34.94088024418561,18,poi
,834,,,16,0.0,,poi,0.0,-111.94040888388558,33.41812656550161,,394.0,,11.835080943456001,11.835080943456001,16,poi
,835,,,16,0.0,,poi,0.0,-111.94027866200851,33.41849943115483,,395.0,,4.2371595094079995,4.2371595094079995,16,poi
,836,,,16,0.0,,poi,0.0,-111.94024767475616,33.418860094240976,,396.0,,3.7902957691519994,3.7902957691519994,16,poi
,837,,,16,0.0,,poi,0.0,-111.94021880000004,33.41870495,,397.0,,2.244221498848,2.244221498848,16,poi
,838,,,16,0.0,,poi,0.0,-111.94022277726488,33.41930492593986,,398.0,,1.159865165152,1.159865165152,16,poi
,839,,,16,0.0,,poi,0.0,-111.94025077043315,33.419388301318,,399.0,,0.9506685665279999,0.9506685665279999,16,poi
,840,,,16,0.0,,poi,0.0,-111.94046743595894,33.41932633338752,,400.0,,0.457789109312,10.9411597125568,16,poi
,841,,,18,0.0,,poi,0.0,-111.9302122445295,33.418596083290055,,401.0,,0.19364274809600002,4.628061679494401,18,poi
,842,,,20,0.0,,poi,0.0,-111.91794902747759,33.41929899577189,,402.0,,3.114429835136,3.114429835136,20,poi
,843,,,15,0.0,,poi,0.0,-111.91832861774277,33.42161023645856,,403.0,,3.5557501615360003,17.0676007753728,15,poi
,844,,,15,0.0,,poi,0.0,-111.91858194155992,33.421310612982694,,404.0,,1.5671177151360003,37.454113391750404,15,poi
,845,,,15,0.0,,poi,0.0,-111.91882830482183,33.42170612519966,,405.0,,0.32237911648,7.7048608838720005,15,poi
,846,,,15,0.0,,poi,0.0,-111.91801248864022,33.42127648009833,,406.0,,0.5607997318400001,13.403113590976002,15,poi
,847,,,13,0.0,,poi,0.0,-111.93334299834864,33.42335117995213,,407.0,,1.5329961191680002,1.5329961191680002,13,poi
,848,,,13,0.0,,poi,0.0,-111.93283115354805,33.423161377150265,,408.0,,3.5206598136320006,3.5206598136320006,13,poi
,849,,,13,0.0,,poi,0.0,-111.93235409080174,33.42297883228502,,409.0,,1.3236380618880004,1.3236380618880004,13,poi
,850,,,15,0.0,,poi,0.0,-111.91851058660377,33.42245698546252,,410.0,,54.038328478880004,54.038328478880004,15,poi
,851,,,15,0.0,,poi,0.0,-111.91856195434096,33.42351978914045,,411.0,,61.635012063232,61.635012063232,15,poi
,852,,,19,0.0,,poi,0.0,-111.92403015,33.41880085,,412.0,,30.897966261855995,30.897966261855995,19,poi
,853,,,24,0.0,,poi,0.0,-111.9284422,33.41697525000001,,413.0,,40.376181384127996,40.376181384127996,24,poi
,854,,,20,0.0,,poi,0.0,-111.9230338322588,33.42067019363619,,414.0,,2.0526777132800005,49.058997347392,20,poi
,855,,,15,0.0,,poi,0.0,-111.92298524279751,33.42163897431112,,415.0,,0.7773696090880001,3.7313741236224005,15,poi
,856,,,20,0.0,,poi,0.0,-111.9229827046686,33.42111726755286,,416.0,,1.1693912258560002,5.6130778841088,20,poi
,857,,,14,0.0,,poi,0.0,-111.92328970000001,33.421665399999995,,417.0,,0.08008349337600001,0.08008349337600001,14,poi
,858,,,14,0.0,,poi,0.0,-111.923289251435,33.42139172476602,,418.0,,0.30827839385600003,0.30827839385600003,14,poi
,859,,,19,0.0,,poi,0.0,-111.92328869741293,33.421052775349395,,419.0,,0.14477459488,0.14477459488,19,poi
,860,,,25,0.0,,poi,0.0,-111.91993477848732,33.41529505465447,,420.0,,1.073377145088,73.41899672401921,25,poi
,861,,,25,0.0,,poi,0.0,-111.92183980668068,33.415398497882784,,421.0,,6.166967185471999,6.166967185471999,25,poi
,862,,,25,0.0,,poi,0.0,-111.92248818587409,33.4153330389853,,422.0,,31.328737956064,31.328737956064,25,poi
,863,,,25,0.0,,poi,0.0,-111.922974051867,33.41544527696668,,423.0,,0.7874876848640001,0.7874876848640001,25,poi
,864,,,25,0.0,,poi,0.0,-111.92187513368778,33.41579919633337,,424.0,,4.417885565023999,4.417885565023999,25,poi
,865,,,25,0.0,,poi,0.0,-111.92248556365894,33.416251738742424,,425.0,,1.1467870140160001,43.692585234009606,25,poi
,866,,,24,0.0,,poi,0.0,-111.92452968215537,33.41621101444168,,426.0,,1.374874275392,6.599396521881599,24,poi
,867,,,24,0.0,,poi,0.0,-111.92581846872177,33.415025704720634,,427.0,,0.25671926304,36.274431867551996,24,poi
,868,,,24,0.0,,poi,0.0,-111.92596561600232,33.41536366247323,,428.0,,3.339718479808,3.339718479808,24,poi
,869,,,24,0.0,,poi,0.0,-111.92582102562893,33.41521502757352,,429.0,,0.7050361312,16.85036353568,24,poi
,870,,,24,0.0,,poi,0.0,-111.925579081644,33.41539026461689,,430.0,,0.28825752051200004,6.889354740236802,24,poi
,871,,,24,0.0,,poi,0.0,-111.92430427163478,33.41534619531754,,431.0,,7.091479449728001,34.0391013586944,24,poi
,872,,,24,0.0,,poi,0.0,-111.92553318312514,33.41619376644575,,432.0,,0.554556663808,0.554556663808,24,poi
,873,,,24,0.0,,poi,0.0,-111.92559094897769,33.41635290360414,,433.0,,0.574685176256,13.7349757125184,24,poi
,874,,,24,0.0,,poi,0.0,-111.92566632470005,33.416713454410875,,434.0,,0.21323306502400002,5.096270254073601,24,poi
,875,,,24,0.0,,poi,0.0,-111.92551672529707,33.41667219700372,,435.0,,0.034767430592000007,2.711859586176,24,poi
,876,,,24,0.0,,poi,0.0,-111.92601736676359,33.41655346716487,,436.0,,0.51020935296,12.194003535743999,24,poi
,877,,,24,0.0,,poi,0.0,-111.9253969535308,33.41669207010545,,437.0,,0.18707676275200003,4.4711346297728,24,poi
,878,,,1,0.0,,poi,0.0,-111.94450094775776,33.42943607707105,,438.0,,0.8174113557760001,19.5361314030464,1,poi
,879,,,1,0.0,,poi,0.0,-111.94446302820013,33.43002806807458,,439.0,,0.5633830703360001,13.464855381030402,1,poi
,880,,,1,0.0,,poi,0.0,-111.94454030125351,33.429776865435876,,440.0,,0.591584515584,46.143592215552005,1,poi
,881,,,1,0.0,,poi,0.0,-111.94481797485592,33.42935004674591,,441.0,,0.50698017984,2.4335048632319998,1,poi
,882,,,1,0.0,,poi,0.0,-111.94466759418236,33.430047375331995,,442.0,,0.07470153817600002,0.07470153817600002,1,poi
,883,,,1,0.0,,poi,0.0,-111.94466709999999,33.429925999999995,,443.0,,0.07825362860800002,0.07825362860800002,1,poi
,884,,,1,0.0,,poi,0.0,-111.94491777693682,33.43025756647571,,444.0,,1.4094264277760002,6.7652468533248005,1,poi
,885,,,6,0.0,,poi,0.0,-111.94397966236544,33.42667503166054,,445.0,,10.8876953696,260.21591933344,6,poi
,886,,,1,0.0,,poi,0.0,-111.94393251901836,33.42830657315629,,446.0,,4.643766224768,110.9860127719552,1,poi
,887,,,1,0.0,,poi,0.0,-111.9440528590417,33.42889365827889,,447.0,,2.9222940344960007,227.938934690688,1,poi
,888,,,6,0.0,,poi,0.0,-111.94326613148961,33.42738834362094,,448.0,,1.5035030046720002,35.933721811660796,6,poi
,889,,,11,0.0,,poi,0.0,-111.94409480307941,33.4239594748242,,449.0,,1.298450511552,6.2325624554495995,11,poi
,890,,,11,0.0,,poi,0.0,-111.94408532489204,33.42342353504929,,450.0,,0.96390817632,4.626759246335999,11,poi
,891,,,11,0.0,,poi,0.0,-111.9409163992022,33.421406422743004,,451.0,,1.404259750784,33.5618080437376,11,poi
,892,,,11,0.0,,poi,0.0,-111.94159935179673,33.421441607882855,,452.0,,1.568194106176,37.479839137606405,11,poi
,893,,,11,0.0,,poi,0.0,-111.94165920474475,33.42158699436917,,453.0,,0.43636892761600005,34.036776354048,11,poi
,894,,,1,0.0,,poi,0.0,-111.944872,33.429055,,454.0,,0.016145865600000003,0.016145865600000003,1,poi
,895,,,16,0.0,,poi,0.0,-111.9403929888728,33.4211766801416,,455.0,,1.267558088704,30.2946383200256,16,poi
,896,,,8,0.0,,poi,0.0,-111.93225020483628,33.42745867402424,,456.0,,77.97957944921599,77.97957944921599,8,poi
,897,,,18,0.0,,poi,0.0,-111.9291484605438,33.42084257492103,,457.0,,0.09181615571200001,2.1944061215168,18,poi
,898,,,18,0.0,,poi,0.0,-111.93003641527618,33.420568980727694,,458.0,,0.06652096627199999,1.5898510939008001,18,poi
,899,,,18,0.0,,poi,0.0,-111.93062802721201,33.420392324879124,,459.0,,0.07093416953600001,1.6953266519104004,18,poi
,900,,,3,0.0,,poi,0.0,-111.92996268495868,33.42912759870866,,460.0,,3.2635099941760006,77.99788886080641,3,poi
,901,,,16,0.0,,poi,0.0,-111.9404753,33.418869099999995,,461.0,,0.24993799948800002,5.9735181877632,16,poi
,902,,,16,0.0,,poi,0.0,-111.94043522494638,33.41869914569312,,462.0,,0.45133076307200004,10.7868052374208,16,poi
,903,,,16,0.0,,poi,0.0,-111.94030854531971,33.41834902778619,,463.0,,0.5190357594880001,12.4049546517632,16,poi
,904,,,16,0.0,,poi,0.0,-111.94050128322134,33.41850596656084,,464.0,,0.23572963776000003,5.633938342464001,16,poi
,905,,,7,0.0,,poi,0.0,-111.93863829630374,33.426314361024104,,465.0,,0.011409745024,0.011409745024,7,poi
,906,,,7,0.0,,poi,0.0,-111.9388405989562,33.42582437027587,,466.0,,0.045638980096,0.045638980096,7,poi
,907,,,16,0.0,,poi,0.0,-111.9399652,33.42122870000001,,467.0,,0.0,0.0,16,poi
,908,,,7,0.0,,poi,0.0,-111.93612347228192,33.425816936314895,,468.0,,15.892052592768003,15.892052592768003,7,poi
,909,,,7,0.0,,poi,0.0,-111.93679031319395,33.426278982238344,,469.0,,0.03875007744,0.03875007744,7,poi
,910,,,7,0.0,,poi,0.0,-111.9391692536493,33.42535448623249,,470.0,,0.015069474560000002,0.574146980736,7,poi
,911,,,7,0.0,,poi,0.0,-111.9388396252564,33.42537580430769,,471.0,,0.006350707136000001,0.006350707136000001,7,poi
,912,,,1,0.0,,poi,0.0,-111.93994203333334,33.42778700000001,,472.0,,0.0,0.0,1,poi
,913,,,6,0.0,,poi,0.0,-111.9398960950642,33.42716302490136,,473.0,,0.00699654176,0.47856345638399994,6,poi
,914,,,6,0.0,,poi,0.0,-111.93994109999998,33.424917666666666,,474.0,,0.0,0.0,6,poi
,915,,,11,0.0,,poi,0.0,-111.9398638950642,33.42256732490135,,475.0,,0.00699654176,0.47856345638399994,11,poi
,916,,,11,0.0,,poi,0.0,-111.93986380493578,33.42253127509863,,476.0,,0.00699654176,0.47856345638399994,11,poi
,917,,,11,0.0,,poi,0.0,-111.94210109075969,33.42157737455342,,477.0,,0.6732825955200001,0.6732825955200001,11,poi
,918,,,11,0.0,,poi,0.0,-111.94298747309871,33.422443960516304,,478.0,,84.95238678678399,84.95238678678399,11,poi
,919,,,11,0.0,,poi,0.0,-111.94399109032314,33.422284357017396,,479.0,,1.6348227115520002,1.6348227115520002,11,poi
,920,,,11,0.0,,poi,0.0,-111.94454386440364,33.422184093255446,,480.0,,6.049371464351999,6.049371464351999,11,poi
,921,,,13,0.0,,poi,0.0,-111.92986300182535,33.423496340936595,,481.0,,28.300957599647997,28.300957599647997,13,poi
,922,,,13,0.0,,poi,0.0,-111.92937297598058,33.4237718391845,,482.0,,29.320945749151996,29.320945749151996,13,poi
,923,,,22,0.0,,poi,0.0,-111.93725457756528,33.418058230038326,,483.0,,34.627607395904,34.627607395904,22,poi
,924,,,17,0.0,,poi,0.0,-111.9360761,33.4196892,,484.0,,37.88191424668799,37.88191424668799,17,poi
,925,,,17,0.0,,poi,0.0,-111.93449109999999,33.419930199999996,,485.0,,33.19912884672,33.19912884672,17,poi
,926,,,18,0.0,,poi,0.0,-111.9331409122402,33.4198547056377,,486.0,,50.447326510783995,50.447326510783995,18,poi
,927,,,22,0.0,,poi,0.0,-111.9355638,33.4159284,,487.0,,7.954422146496,7.954422146496,22,poi
,928,,,22,0.0,,poi,0.0,-111.93556380000004,33.4154369,,488.0,,8.261408871104,8.261408871104,22,poi
,929,,,13,0.0,,poi,0.0,-111.93133935558285,33.42288083441887,,489.0,,40.767341888063996,40.767341888063996,13,poi
,930,,,14,0.0,,poi,0.0,-111.92800922711729,33.42285261956925,,490.0,,24.445055796608,24.445055796608,14,poi
,931,,,13,0.0,,poi,0.0,-111.93208737459841,33.42251040467669,,491.0,,24.228432099808,24.228432099808,13,poi
,932,,,13,0.0,,poi,0.0,-111.93354081295931,33.42249898285989,,492.0,,28.077821737056002,2.39981382368,13,poi
,933,,,24,0.0,,poi,0.0,-111.92736591182695,33.4157679883708,,493.0,,27.841715362431998,27.841715362431998,24,poi
,934,,,12,0.0,,poi,0.0,-111.93552775008854,33.42227951838418,,494.0,,47.847842149184,47.847842149184,12,poi
,935,,,19,0.0,,poi,0.0,-111.92836704175112,33.419743847316845,,495.0,,622.9602380089599,622.9602380089599,19,poi
,936,,,8,0.0,,poi,0.0,-111.9325918520726,33.42650366384845,,496.0,,96.748071818176,96.748071818176,8,poi
,937,,,3,0.0,,poi,0.0,-111.93057206222856,33.42761457903879,,497.0,,1.1435578408960003,5.4890776363008005,3,poi
,938,,,25,0.0,,poi,0.0,-111.92284287576454,33.4162794612572,,498.0,,26.104118834380802,1.279613668352,25,poi
,939,,,25,0.0,,poi,0.0,-111.9193215970052,33.41610069084482,,499.0,,2.3251122855040003,11.1605389704192,25,poi
,940,,,25,0.0,,poi,0.0,-111.9198676245866,33.41602302689508,,500.0,,2.10542087424,2.10542087424,25,poi
,941,,,24,0.0,,poi,0.0,-111.92355463883713,33.41534266030707,,501.0,,2.349869279424,11.2793725412352,24,poi
,942,,,24,0.0,,poi,0.0,-111.92357563347508,33.4162830923011,,502.0,,1.974962280192,9.479818944921599,24,poi
,943,,,24,0.0,,poi,0.0,-111.92405801779465,33.41631716556397,,503.0,,3.2967704773120006,3.2967704773120006,24,poi
,944,,,24,0.0,,poi,0.0,-111.925072383244,33.41627014235663,,504.0,,3.5375591529600006,3.5375591529600006,24,poi
,945,,,24,0.0,,poi,0.0,-111.92512245729107,33.41521556777552,,505.0,,6.236286768448,6.236286768448,24,poi
,946,,,24,0.0,,poi,0.0,-111.9256107975184,33.41657277154037,,506.0,,0.12507663884800002,0.12507663884800002,24,poi
,947,,,24,0.0,,poi,0.0,-111.92602755854358,33.41696943876958,,507.0,,8.59121508576,41.237832411648,24,poi
,948,,,24,0.0,,poi,0.0,-111.92387208315307,33.41741542310126,,508.0,,1.1907037684480002,5.7153780885504,24,poi
,949,,,1,0.0,,poi,0.0,-111.94489179353032,33.42972870465316,,509.0,,4.489680847392,4.489680847392,1,poi
,950,,,11,0.0,,poi,0.0,-111.9414890082502,33.4216522682871,,510.0,,124.3110557208,124.3110557208,11,poi
,951,,,7,0.0,,poi,0.0,-111.93885936062479,33.42643524697868,,511.0,,10.271353860096001,49.302498528460795,7,poi
,952,,,6,0.0,,poi,0.0,-111.94187829857391,33.424925311671466,,512.0,,,,6,poi
,100001,,,1,,,centroid node,,-111.94318503199999,33.429279767999994,,,,,,,
,100002,,,2,,,centroid node,,-111.93820167999999,33.429676560000004,,,,,,,
,100003,,,3,,,centroid node,,-111.93096888888891,33.42902277777778,,,,,,,
,100004,,,4,,,centroid node,,-111.92652061999999,33.42865924,,,,,,,
,100005,,,5,,,centroid node,,-111.9221543,33.4279785,,,,,,,
,100006,,,6,,,centroid node,,-111.94170140285715,33.42598325428572,,,,,,,
,100007,,,7,,,centroid node,,-111.9368847647059,33.42570965294118,,,,,,,
,100008,,,8,,,centroid node,,-111.9302741,33.425639964285715,,,,,,,
,100009,,,9,,,centroid node,,-111.92559442857142,33.425397735714284,,,,,,,
,100010,,,10,,,centroid node,,-111.92269586666667,33.42601263333333,,,,,,,
,100011,,,11,,,centroid node,,-111.9416702627907,33.42286143255814,,,,,,,
,100012,,,12,,,centroid node,,-111.93696253000002,33.422868258,,,,,,,
,100013,,,13,,,centroid node,,-111.93140438571427,33.42246310571428,,,,,,,
,100014,,,14,,,centroid node,,-111.92504856956522,33.4224314,,,,,,,
,100015,,,15,,,centroid node,,-111.92057721538458,33.422679211538465,,,,,,,
,100016,,,16,,,centroid node,,-111.94121926904761,33.419742619047625,,,,,,,
,100017,,,17,,,centroid node,,-111.93679462432434,33.41969780810811,,,,,,,
,100018,,,18,,,centroid node,,-111.93193018085105,33.41989386595745,,,,,,,
,100019,,,19,,,centroid node,,-111.92574175882352,33.41969319411765,,,,,,,
,100020,,,20,,,centroid node,,-111.92161275333332,33.419661893333334,,,,,,,
,100021,,,21,,,centroid node,,-111.94137107857141,33.41713595714286,,,,,,,
,100022,,,22,,,centroid node,,-111.93650444411766,33.41649835588234,,,,,,,
,100023,,,23,,,centroid node,,-111.93204086571427,33.41663594285714,,,,,,,
,100024,,,24,,,centroid node,,-111.9259553,33.41647459183673,,,,,,,
,100025,,,25,,,centroid node,,-111.92065910454545,33.416053040909084,,,,,,,
,100026,,,26,,,centroid node,,-111.94772499999999,33.416515,,,,,,,
,100027,,,27,,,centroid node,,-111.94772499999999,33.419684999999994,,,,,,,
,100028,,,28,,,centroid node,,-111.94772499999999,33.422855,,,,,,,
,100029,,,29,,,centroid node,,-111.94772499999999,33.426024999999996,,,,,,,
,100030,,,30,,,centroid node,,-111.94772499999999,33.429195,,,,,,,
,100031,,,31,,,centroid node,,-111.942275,33.432364,,,,,,,
,100032,,,32,,,centroid node,,-111.936825,33.432364,,,,,,,
,100033,,,33,,,centroid node,,-111.93137499999999,33.432364,,,,,,,
,100034,,,34,,,centroid node,,-111.92592499999999,33.432364,,,,,,,
,100035,,,35,,,centroid node,,-111.920475,33.432364,,,,,,,
,100036,,,36,,,centroid node,,-111.915025,33.429194,,,,,,,
,100037,,,37,,,centroid node,,-111.915025,33.426024000000005,,,,,,,
,100038,,,38,,,centroid node,,-111.915025,33.422854,,,,,,,
,100039,,,39,,,centroid node,,-111.915025,33.419684000000004,,,,,,,
,100040,,,40,,,centroid node,,-111.915025,33.416514,,,,,,,
,100041,,,41,,,centroid node,,-111.920475,33.413345,,,,,,,
,100042,,,42,,,centroid node,,-111.92592499999999,33.413345,,,,,,,
,100043,,,43,,,centroid node,,-111.931375,33.413345,,,,,,,
,100044,,,44,,,centroid node,,-111.936825,33.413345,,,,,,,
,100045,,,45,,,centroid node,,-111.942275,33.413345,,,,,,,
