name,node_id,osm_node_id,ctrl_type,x_coord,y_coord,is_boundary,activity_type,poi_id,zone_id,notes
,0,41517309,,-111.926288,33.431218,0,primary,,,
,1,316128961,,-111.926271,33.433591,0,primary,,,
,2,41520505,,-111.944268,33.430793,1,residential,,2,
,3,41520506,,-111.944257,33.429516,0,tertiary,,,
,4,3101265641,,-111.941269,33.424338,1,residential,,4,
,6,9077008178,,-111.900495,33.421696,0,tertiary,,,
,7,41602745,,-111.900480,33.419146,0,tertiary,,,
,8,41602747,,-111.900471,33.418437,0,tertiary,,,
,9,41602749,,-111.900485,33.417550,0,tertiary,,,
,10,10274835067,,-111.900490,33.416609,0,tertiary,,,
,11,10274835065,,-111.900494,33.415812,0,tertiary,,,
,12,330683928,,-111.900494,33.414903,0,primary,,,
,13,1840684698,,-111.952333,33.429101,0,tertiary,,,
,14,2294793204,,-111.958883,33.429071,2,tertiary,,14,
,15,41617192,,-111.927975,33.407503,0,secondary,,,
,16,41617197,,-111.927940,33.403463,-1,residential,,16,
,17,316870046,,-111.938292,33.414922,0,primary,,,
,18,41624258,,-111.937367,33.414647,0,primary,,,
,19,316007299,,-111.938944,33.415295,0,primary,,,
,20,4346575408,,-111.937022,33.414608,0,primary,,,
,21,41630200,signal,-111.940077,33.426462,0,primary,,,
,22,41630202,,-111.940778,33.426468,-1,residential,,22,
,23,41633758,,-111.950044,33.417937,0,residential,,,
,24,41633760,,-111.950044,33.417662,0,residential,,,
,25,41633755,,-111.949986,33.418442,0,residential,,,
,26,41633743,,-111.949970,33.421909,0,primary,,,
,27,41633745,,-111.949963,33.421090,0,residential,,,
,28,41633746,,-111.949963,33.420749,0,residential,,,
,29,41633749,,-111.949963,33.419975,0,residential,,,
,30,41633751,,-111.949958,33.419209,0,residential,,,
,31,41633753,,-111.949962,33.418657,0,residential,,,
,32,41633763,,-111.950041,33.416885,-1,residential,,32,
,34,314766566,,-111.909613,33.436330,0,secondary,,,
,36,9423610432,,-111.912469,33.413598,-1,residential,,36,
,37,4084527689,,-111.913248,33.407441,0,secondary,,,
,38,41657049,,-111.913249,33.406504,0,residential,,,
,39,41657050,,-111.913248,33.405708,0,residential,,,
,40,41657053,,-111.913249,33.404954,-1,residential,,40,
,42,9643219691,,-111.940070,33.421010,0,primary,,,
,43,41563464,,-111.942395,33.419048,0,residential,,,
,44,41520531,,-111.944245,33.418917,-1,residential,,44,
,45,41533538,,-111.941235,33.419057,0,residential,,,
,47,41662601,,-111.939893,33.413627,0,secondary,,,
,48,41563455,,-111.942340,33.413615,0,residential,,,
,49,41695219,,-111.942634,33.413610,-1,residential,,49,
,52,41752397,,-111.930117,33.409735,1,residential,,52,
,53,41752399,,-111.929249,33.409740,0,residential,,,
,54,41617200,,-111.928383,33.409745,0,residential,,,
,55,2300341686,,-111.926503,33.409755,0,residential,,,
,56,337713512,,-111.939408,33.425507,0,tertiary,,,
,57,41746580,,-111.936672,33.425511,0,tertiary,,,
,58,41763493,,-111.912346,33.415789,1,residential,,58,
,60,41638521,,-111.909027,33.420858,0,secondary,,,
,61,41764208,,-111.908341,33.420857,-1,residential,,61,
,62,3523602073,,-111.909172,33.420861,0,secondary,,,
,63,255820808,,-111.919899,33.435635,0,tertiary,,,
,64,2915598962,,-111.917960,33.439137,2,tertiary,,64,
,65,5201685464,,-111.928852,33.418054,0,tertiary,,,
,66,41654675,,-111.929412,33.416640,0,tertiary,,,
,67,41830283,,-111.937071,33.413530,0,residential,,,
,68,41830285,,-111.934933,33.413547,0,tertiary,,,
,69,41662602,,-111.939892,33.413503,0,secondary,,,
,70,41832447,,-111.952202,33.419975,0,tertiary,,,
,71,4347874711,,-111.940594,33.407403,0,secondary,,,
,72,41875702,,-111.941978,33.407397,0,secondary,,,
,73,3983465565,,-111.943326,33.407379,0,secondary,,,
,74,4347874714,,-111.934416,33.407453,0,secondary,,,
,75,3983456159,,-111.934373,33.407453,0,secondary,,,
,76,41765709,,-111.912825,33.419495,0,tertiary,,,
,77,41638526,,-111.909077,33.419530,0,secondary,,,
,78,5806074003,,-111.917713,33.419430,0,tertiary,,,
,79,41891129,,-111.914690,33.419446,0,tertiary,,,
,80,41573985,,-111.926238,33.420976,0,primary,,,
,81,41908245,,-111.952202,33.419696,0,tertiary,,,
,82,317699754,,-111.956486,33.419710,-1,residential,,82,
,83,41915337,,-111.914751,33.416151,1,residential,,83,
,84,330683934,,-111.914759,33.414841,0,primary,,,
,85,41812217,,-111.945764,33.414638,0,residential,,,
,86,41590403,,-111.945798,33.413911,-1,residential,,86,
,87,41937075,,-111.945764,33.416072,0,residential,,,
,88,41937071,,-111.945767,33.416828,0,residential,,,
,89,41937068,,-111.945763,33.417792,0,residential,,,
,90,41670746,,-111.945770,33.419403,0,residential,,,
,91,41937058,,-111.945772,33.420640,0,residential,,,
,92,41937048,,-111.945769,33.421898,0,primary,,,
,93,10270682090,,-111.936615,33.416205,0,residential,,,
,95,5333539971,,-111.936632,33.417477,0,residential,,,
,96,41770192,,-111.918283,33.412880,0,residential,,,
,97,41966670,,-111.917092,33.412949,-1,residential,,97,
,98,41851100,,-111.919406,33.412877,0,residential,,,
,99,41853706,,-111.920341,33.412875,0,residential,,,
,100,41606183,,-111.920428,33.412875,0,residential,,,
,101,41606207,,-111.920965,33.412873,0,residential,,,
,102,41708464,,-111.921990,33.412871,0,residential,,,
,103,41966652,,-111.923258,33.412874,0,residential,,,
,104,41855562,,-111.922591,33.412870,0,residential,,,
,105,41573974,signal,-111.926297,33.412883,0,primary,,,
,106,41995466,,-111.938132,33.419087,0,residential,,,
,108,4084510566,,-111.923722,33.407579,0,secondary,,,
,109,6496439526,,-111.923719,33.407967,2,residential,,109,
,110,41662567,,-111.940632,33.433383,0,primary,,,
,111,316121280,,-111.941674,33.435288,0,primary,,,
,112,42208491,,-111.917737,33.418376,0,tertiary,,,
,113,1799680775,,-111.917740,33.417662,0,tertiary,,,
,114,41654681,,-111.917729,33.416671,0,tertiary,,,
,115,5200239406,,-111.917699,33.415184,0,tertiary,,,
,116,5200239407,,-111.917708,33.420025,0,tertiary,,,
,118,3712803330,,-111.938132,33.420515,0,residential,,,
,119,316007232,signal,-111.934982,33.424333,0,tertiary,,,
,120,42304472,,-111.934977,33.423206,0,tertiary,,,
,121,10647888710,,-111.934986,33.425091,0,tertiary,,,
,123,41533544,,-111.941205,33.416204,0,residential,,,
,124,41563458,,-111.942453,33.416190,-1,residential,,124,
,125,41662598,,-111.939981,33.416208,0,secondary,,,
,126,41800245,,-111.928933,33.420259,0,tertiary,,,
,127,5414658105,,-111.927882,33.420277,-1,residential,,127,
,128,41662611,,-111.939795,33.405988,0,secondary,,,
,129,42408022,,-111.937828,33.405971,-1,residential,,129,
,130,42001773,,-111.952211,33.421123,0,tertiary,,,
,131,42423250,,-111.959404,33.421131,-1,residential,,131,
,132,10271040742,,-111.939152,33.420498,1,residential,,132,
,134,41957870,,-111.936665,33.423205,0,residential,,,
,135,42273739,,-111.938169,33.423195,0,residential,,,
,137,316119766,,-111.949609,33.435687,0,tertiary,,,
,138,255929786,,-111.949622,33.435532,-1,tertiary,,138,
,139,41654668,,-111.911792,33.417068,1,residential,,139,
,140,41586094,,-111.910665,33.417404,0,residential,,,
,141,41638531,signal,-111.909103,33.417484,0,secondary,,,
,142,41615732,,-111.938179,33.408598,1,residential,,142,
,143,41883108,,-111.938316,33.407421,0,secondary,,,
,144,41638544,,-111.909128,33.402985,0,secondary,,,
,145,41592031,,-111.902503,33.405610,-1,residential,,145,
,146,41533540,,-111.941230,33.417620,0,residential,,,
,147,41563460,,-111.942453,33.417618,-1,residential,,147,
,148,41662596,,-111.940025,33.417625,0,primary,,,
,149,3101265422,,-111.943428,33.429530,0,tertiary,,,
,150,2714318030,,-111.934928,33.430057,0,secondary,,,
,151,4346614528,,-111.934672,33.429873,0,secondary,,,
,152,2714318037,signal,-111.937415,33.430404,0,secondary,,,
,153,316128443,,-111.935676,33.430436,0,secondary,,,
,154,2915598731,,-111.920856,33.435536,0,tertiary,,,
,155,2129498956,,-111.941562,33.438231,2,tertiary,,155,
,156,7916903635,,-111.943308,33.434853,0,tertiary,,,
,157,255929788,,-111.949510,33.436815,0,tertiary,,,
,158,255929937,,-111.949415,33.437205,0,tertiary,,,
,159,256604925,,-111.941597,33.433370,0,primary,,,
,160,4346521648,,-111.940970,33.432325,0,primary,,,
,161,314766598,,-111.909354,33.432989,0,secondary,,,
,162,255936359,,-111.949525,33.436629,0,tertiary,,,
,163,255929787,,-111.949533,33.436530,0,tertiary,,,
,164,255936360,,-111.950640,33.436716,0,primary,,,
,165,255936365,,-111.955888,33.437002,-1,primary,,165,
,166,42040280,,-111.942541,33.435153,0,primary,,,
,167,4346520627,,-111.943021,33.436988,0,primary,,,
,169,255819200,,-111.940065,33.431251,0,primary,,,
,170,3101265634,,-111.940126,33.431680,0,primary,,,
,171,316120367,,-111.940473,33.431309,0,primary,,,
,172,3101265647,,-111.940140,33.430321,0,primary,,,
,173,316128740,,-111.926288,33.429842,0,primary,,,
,174,11337125463,signal,-111.926255,33.434042,0,primary,,,
,175,255820883,,-111.925066,33.434178,0,tertiary,,,
,176,5977338508,,-111.925083,33.434163,0,tertiary,,,
,177,2916289595,,-111.925032,33.433965,0,tertiary,,,
,178,255820912,,-111.924876,33.434197,0,tertiary,,,
,179,2916289701,,-111.924924,33.434212,0,tertiary,,,
,180,2625358988,,-111.938142,33.414998,0,primary,,,
,182,4346569402,,-111.939902,33.414282,0,secondary,,,
,183,4716137952,,-111.931400,33.418367,1,residential,,183,
,184,5280009872,signal,-111.928854,33.418438,0,tertiary,,,
,185,5200239622,,-111.934949,33.414314,0,tertiary,,,
,186,330683970,signal,-111.920450,33.414697,0,primary,,,
,188,9695133309,,-111.921500,33.414841,0,primary,,,
,190,5165146154,,-111.922678,33.414714,0,primary,,,
,192,335589267,,-111.930544,33.411512,-1,residential,,192,
,194,4347888489,,-111.909149,33.430223,0,secondary,,,
,195,1501648933,signal,-111.925471,33.419353,0,tertiary,,,
,197,1501648858,,-111.920387,33.414944,0,tertiary,,,
,199,41654678,,-111.920587,33.416712,0,residential,,,
,200,41654679,,-111.918777,33.416682,0,residential,,,
,201,1501649040,,-111.930164,33.423071,0,tertiary,,,
,202,5201685470,,-111.929490,33.422751,0,tertiary,,,
,203,2941419921,signal,-111.933769,33.424966,0,tertiary,,,
,204,330693619,,-111.931262,33.423356,0,tertiary,,,
,206,330693951,,-111.930412,33.423188,0,tertiary,,,
,207,330693678,signal,-111.932177,33.424251,0,tertiary,,,
,208,2941419922,signal,-111.933456,33.425008,0,tertiary,,,
,209,5201685473,,-111.933952,33.425197,0,tertiary,,,
,213,41896258,,-111.897584,33.405893,0,residential,,,
,214,41730233,,-111.896253,33.399587,-1,residential,,214,
,215,41546646,,-111.917759,33.409496,0,tertiary,,,
,216,5200239411,,-111.917698,33.409224,0,tertiary,,,
,217,41502517,,-111.930031,33.436451,0,tertiary,,,
,218,41538909,,-111.930218,33.439039,2,tertiary,,218,
,219,255929789,,-111.949543,33.437199,0,tertiary,,,
,220,1496913355,,-111.949486,33.437884,1,tertiary,,220,
,221,255929938,,-111.949335,33.437897,-1,tertiary,,221,
,222,330699470,,-111.944791,33.437230,0,primary,,,
,223,4346517673,,-111.944271,33.437267,0,primary,,,
,224,2129498951,signal,-111.946209,33.437670,0,primary,,,
,225,1497998105,,-111.947335,33.438420,1,primary,,225,
,226,2714317943,,-111.942549,33.429140,0,tertiary,,,
,227,9916310645,,-111.942558,33.429211,0,secondary,,,
,228,4346615538,,-111.943343,33.430723,0,secondary,,,
,229,4346615109,,-111.943144,33.429781,0,secondary,,,
,230,4346615107,,-111.942077,33.429538,0,secondary,,,
,231,8019685178,,-111.942711,33.429525,0,secondary,,,
,232,335752408,,-111.945381,33.431327,0,secondary,,,
,233,255819871,,-111.943375,33.431297,0,secondary,,,
,234,2065989254,,-111.940825,33.414746,-1,residential,,234,
,235,8444581043,,-111.936665,33.422364,0,residential,,,
,236,41529813,,-111.936666,33.424359,0,residential,,,
,237,2488372372,,-111.926354,33.437553,0,primary,,,
,238,4104818040,,-111.926162,33.434741,0,primary,,,
,239,317701014,,-111.940024,33.417456,0,primary,,,
,240,2625359002,,-111.939844,33.417455,0,primary,,,
,244,4346586751,,-111.939965,33.422920,0,primary,,,
,248,5133355429,,-111.926215,33.427509,0,primary,,,
,249,2916287189,,-111.926286,33.429001,0,primary,,,
,250,4347879988,,-111.926293,33.429479,0,primary,,,
,251,2704829964,,-111.926388,33.423883,0,primary,,,
,252,8122988904,,-111.926382,33.423342,0,primary,,,
,253,9637510391,,-111.926387,33.424014,0,primary,,,
,254,2704829953,,-111.926229,33.423339,0,primary,,,
,255,2704829954,,-111.925889,33.423340,0,primary,,,
,256,2704829949,,-111.926233,33.422836,0,primary,,,
,257,7050913348,,-111.900455,33.428722,0,tertiary,,,
,258,41602740,,-111.900467,33.427391,0,tertiary,,,
,259,2714318003,,-111.941344,33.429448,0,secondary,,,
,260,4346615106,,-111.940683,33.429511,0,secondary,,,
,261,9916310637,,-111.942504,33.429281,0,secondary,,,
,262,9916310639,,-111.942603,33.429455,0,secondary,,,
,263,2714318017,,-111.940915,33.429599,0,secondary,,,
,264,2714318034,,-111.935094,33.430344,0,secondary,,,
,266,5206334839,,-111.921244,33.435536,0,tertiary,,,
,267,255820882,,-111.924953,33.434548,0,tertiary,,,
,269,5232231476,,-111.942718,33.435588,0,primary,,,
,271,41529742,,-111.939266,33.424349,2,residential,,271,
,272,8022891687,,-111.943021,33.429642,0,secondary,,,
,273,9916310648,,-111.942853,33.429384,0,secondary,,,
,274,5162833626,,-111.943352,33.426028,0,tertiary,,,
,275,5162833627,,-111.943079,33.427208,0,tertiary,,,
,276,41520509,,-111.944325,33.429145,0,tertiary,,,
,277,2819230448,signal,-111.907173,33.414662,0,primary,,,
,278,1501648573,signal,-111.905054,33.414698,0,primary,,,
,279,330683979,signal,-111.901573,33.414687,0,primary,,,
,280,11030780950,signal,-111.900075,33.414704,0,primary,,,
,281,4347774942,,-111.897169,33.414686,0,primary,,,
,282,41883132,signal,-111.900522,33.407428,0,secondary,,,
,283,42024281,,-111.900541,33.406558,0,residential,,,
,284,3981260818,,-111.900551,33.405799,0,residential,,,
,285,41592033,,-111.900551,33.405766,-1,residential,,285,
,286,41495628,,-111.904199,33.407433,0,secondary,,,
,287,41495631,,-111.904205,33.406561,0,residential,,,
,288,41495634,,-111.904199,33.405061,-1,residential,,288,
,289,7890703228,,-111.909107,33.413684,0,secondary,,,
,290,8464164201,,-111.909111,33.412465,0,secondary,,,
,291,4347900900,,-111.926299,33.404044,2,primary,,291,
,292,4347900901,,-111.926286,33.406628,0,primary,,,
,293,10290583690,,-111.930762,33.422042,0,secondary,,,
,294,5261052497,,-111.933995,33.422012,0,secondary,,,
,295,2625359030,,-111.939968,33.429775,0,primary,,,
,296,3101265424,,-111.939980,33.430199,0,primary,,,
,297,3101286346,,-111.922009,33.414835,0,primary,,,
,298,3458373555,,-111.922063,33.414711,0,primary,,,
,299,3519323221,,-111.909025,33.421242,0,secondary,,,
,300,41662985,,-111.906205,33.417506,0,residential,,,
,301,41878878,,-111.905724,33.417510,0,residential,,,
,302,3590609565,,-111.907664,33.417495,0,residential,,,
,303,41896330,,-111.896197,33.417541,-1,residential,,303,
,304,10274835073,,-111.902458,33.417535,0,residential,,,
,305,5636765543,,-111.903249,33.417529,0,residential,,,
,306,42454864,,-111.902969,33.417531,0,residential,,,
,307,42485548,,-111.903570,33.417526,0,residential,,,
,308,5636765552,,-111.903913,33.417524,0,residential,,,
,309,5636765565,,-111.904745,33.417517,0,residential,,,
,310,42485544,,-111.905097,33.417514,0,residential,,,
,311,5636765561,,-111.905423,33.417512,0,residential,,,
,312,4347900924,,-111.925684,33.407564,0,secondary,,,
,313,4084525376,signal,-111.926277,33.407507,0,primary,,,
,315,4347879979,,-111.926299,33.419543,0,primary,,,
,316,330691322,signal,-111.926305,33.419983,0,primary,,,
,317,3983274586,,-111.915449,33.407577,0,secondary,,,
,318,4084526282,,-111.915466,33.407442,0,secondary,,,
,319,3983274697,,-111.917703,33.407174,0,tertiary,,,
,321,5341183677,,-111.934923,33.410332,0,tertiary,,,
,322,3983463705,,-111.934941,33.409658,0,tertiary,,,
,323,3983463711,,-111.934941,33.409605,0,tertiary,,,
,324,3983463698,,-111.934915,33.409379,0,tertiary,,,
,325,11447966762,,-111.934911,33.405232,0,tertiary,,,
,326,41592075,,-111.934911,33.405175,0,tertiary,,,
,327,7290633833,,-111.934911,33.405106,0,tertiary,,,
,328,339040446,,-111.934912,33.404717,0,tertiary,,,
,329,5200239420,,-111.934905,33.407106,0,tertiary,,,
,330,41786106,,-111.934911,33.405627,0,tertiary,,,
,331,4897848676,,-111.934912,33.404007,0,tertiary,,,
,332,3841311130,,-111.934913,33.399196,2,tertiary,,332,
,333,4897857522,,-111.934912,33.404525,0,tertiary,,,
,334,9939287286,,-111.934911,33.404604,0,tertiary,,,
,335,3983463712,,-111.934891,33.409608,0,tertiary,,,
,336,3983463704,,-111.934891,33.409661,0,tertiary,,,
,337,3983489070,,-111.939904,33.410608,0,secondary,,,
,338,3983483049,,-111.939897,33.408993,0,secondary,,,
,339,8813118513,,-111.939918,33.415272,0,secondary,,,
,341,3983483489,,-111.939807,33.411426,0,secondary,,,
,342,3983483490,,-111.939883,33.412595,0,secondary,,,
,343,3983483492,,-111.939789,33.410604,0,secondary,,,
,344,3983483037,,-111.939924,33.411432,0,secondary,,,
,345,3983483486,,-111.939779,33.408663,0,secondary,,,
,346,6786314013,,-111.936320,33.425511,0,tertiary,,,
,347,316008315,,-111.935378,33.425508,0,tertiary,,,
,348,2829039793,,-111.935082,33.425477,0,tertiary,,,
,349,5200239418,,-111.942399,33.422483,0,tertiary,,,
,350,3101265635,signal,-111.942685,33.423443,0,tertiary,,,
,351,5258562214,,-111.943218,33.424232,0,tertiary,,,
,352,5200239419,,-111.943351,33.424945,0,tertiary,,,
,354,5245639320,,-111.906459,33.429225,0,secondary,,,
,355,3519311788,,-111.908220,33.421991,0,secondary,,,
,356,41714362,,-111.907288,33.422010,0,secondary,,,
,357,41714369,,-111.905466,33.422026,0,secondary,,,
,358,4347774953,,-111.901136,33.422099,0,secondary,,,
,359,41714366,,-111.906248,33.422022,0,secondary,,,
,360,3299517573,,-111.944276,33.426894,0,residential,,,
,361,41520512,,-111.944288,33.425468,-1,residential,,361,
,363,5199796534,,-111.952374,33.430500,0,tertiary,,,
,364,318033603,signal,-111.909094,33.421982,0,secondary,,,
,365,2822050828,,-111.909097,33.421835,0,secondary,,,
,366,4347908523,,-111.909314,33.432504,0,secondary,,,
,367,5199796535,,-111.944806,33.429142,0,tertiary,,,
,368,41605270,,-111.945779,33.429135,0,tertiary,,,
,369,11589092543,,-111.947285,33.429135,0,tertiary,,,
,370,2626674345,,-111.950065,33.429114,0,tertiary,,,
,373,2625358998,,-111.939835,33.417032,0,primary,,,
,374,4346581621,,-111.940079,33.424691,0,primary,,,
,375,2941419941,,-111.939982,33.427575,0,primary,,,
,376,4346586755,,-111.939989,33.428186,0,primary,,,
,377,4347879984,,-111.909087,33.422857,0,secondary,,,
,379,2300216506,,-111.908935,33.407429,0,secondary,,,
,380,41592054,,-111.909126,33.404654,0,secondary,,,
,381,4347900902,,-111.909115,33.406852,0,secondary,,,
,382,4084525373,,-111.923680,33.407443,0,secondary,,,
,383,4347900909,,-111.923073,33.407444,0,secondary,,,
,384,41502514,,-111.926193,33.437558,0,primary,,,
,385,7852227688,,-111.926230,33.439089,-1,primary,,385,
,386,4347908524,,-111.926156,33.435432,0,primary,,,
,387,7241600524,signal,-111.926162,33.435800,0,primary,,,
,388,4035993938,,-111.926161,33.435858,0,primary,,,
,389,4104818049,,-111.926357,33.434746,0,primary,,,
,390,9019202138,,-111.926357,33.434367,0,primary,,,
,391,4107204026,,-111.926155,33.436233,0,primary,,,
,392,4104818043,,-111.926150,33.436363,0,primary,,,
,393,4104818046,,-111.926160,33.435979,0,primary,,,
,394,4104818042,,-111.926352,33.436023,0,primary,,,
,395,4104818044,,-111.926352,33.436245,0,primary,,,
,396,7243234012,,-111.926371,33.438149,0,primary,,,
,397,4104818047,,-111.926172,33.437162,0,primary,,,
,398,330683929,signal,-111.901575,33.414901,0,primary,,,
,399,4347774945,,-111.904040,33.414862,0,primary,,,
,400,2819230452,signal,-111.909114,33.414622,0,secondary,,,
,401,4347879968,,-111.907599,33.414846,0,primary,,,
,402,3756578325,signal,-111.909113,33.414835,0,secondary,,,
,404,4346575412,,-111.936133,33.414744,0,primary,,,
,405,330683944,signal,-111.932805,33.414764,0,primary,,,
,406,4346575413,,-111.934217,33.414757,0,primary,,,
,407,5200239624,,-111.934956,33.416113,1,tertiary,,407,
,408,5200239623,,-111.934957,33.415506,0,tertiary,,,
,411,3983483491,,-111.939808,33.406749,0,secondary,,,
,412,4347874709,,-111.939791,33.406808,0,secondary,,,
,413,2714318042,signal,-111.937493,33.430541,0,secondary,,,
,414,11808024913,signal,-111.938384,33.430091,0,secondary,,,
,415,2714318028,,-111.938828,33.429846,0,secondary,,,
,416,4346519527,,-111.943625,33.438119,1,primary,,416,
,417,5147377562,,-111.942697,33.436540,0,primary,,,
,418,4346520626,,-111.942867,33.436760,0,primary,,,
,419,4346523220,,-111.940575,33.431551,0,primary,,,
,420,9916310647,,-111.942633,33.429466,0,secondary,,,
,421,7959863308,,-111.949624,33.430876,0,secondary,,,
,422,4346524698,,-111.951587,33.431064,0,secondary,,,
,424,4346524696,,-111.958805,33.430547,-1,secondary,,424,
,425,1617023382,,-111.943241,33.430922,0,secondary,,,
,426,4346524697,,-111.946756,33.431067,0,secondary,,,
,427,1617022813,signal,-111.947371,33.430933,0,secondary,,,
,428,1496913352,signal,-111.945978,33.437734,0,primary,,,
,429,4346530055,,-111.947827,33.438964,-1,primary,,429,
,430,4346569400,,-111.939883,33.412664,0,secondary,,,
,431,8813118514,,-111.939917,33.415194,0,secondary,,,
,432,5770246246,,-111.939883,33.413069,0,secondary,,,
,433,330683971,signal,-111.917699,33.414634,0,primary,,,
,434,330683972,,-111.917122,33.414605,0,primary,,,
,435,330683974,,-111.914267,33.414681,0,primary,,,
,436,3756594471,signal,-111.913696,33.414677,0,primary,,,
,438,3756594462,,-111.913384,33.414839,0,primary,,,
,439,4346571424,,-111.918646,33.414657,0,primary,,,
,440,4346571427,,-111.921249,33.414709,0,primary,,,
,441,4346571425,,-111.913378,33.414678,0,primary,,,
,442,1501648856,,-111.911384,33.414865,0,primary,,,
,444,4346571426,,-111.910570,33.414704,0,primary,,,
,445,3719273480,,-111.919158,33.414660,0,primary,,,
,446,1501648576,,-111.910383,33.414699,0,primary,,,
,447,4346571428,,-111.919004,33.414864,0,primary,,,
,448,1501648857,,-111.920306,33.414883,0,primary,,,
,450,4346575410,,-111.931443,33.414661,0,primary,,,
,451,4346575415,,-111.930015,33.414794,0,primary,,,
,453,4346575409,,-111.933521,33.414645,0,primary,,,
,454,330683965,signal,-111.932794,33.414646,0,primary,,,
,455,4346575414,,-111.932218,33.414772,0,primary,,,
,456,4346575411,,-111.926748,33.414692,0,primary,,,
,457,4346575416,,-111.925859,33.414832,0,primary,,,
,460,10290628421,,-111.929145,33.414667,0,primary,,,
,461,5146893078,,-111.927372,33.414686,0,primary,,,
,462,330683941,,-111.927395,33.414814,0,primary,,,
,463,4346575417,,-111.940023,33.417425,0,primary,,,
,464,41624255,,-111.939949,33.416718,0,primary,,,
,465,4346577513,,-111.939850,33.418688,0,primary,,,
,466,4346577514,,-111.939851,33.418737,0,primary,,,
,467,4346577517,,-111.939861,33.419554,0,primary,,,
,468,4346577518,,-111.939863,33.419776,0,primary,,,
,469,4346577523,,-111.939899,33.421506,0,primary,,,
,470,4346577519,,-111.939866,33.420013,0,primary,,,
,471,4346577515,,-111.939861,33.419337,0,primary,,,
,472,4346577521,,-111.939885,33.421170,0,primary,,,
,473,4346577522,,-111.939896,33.421289,0,primary,,,
,474,4346577520,,-111.939870,33.420236,0,primary,,,
,475,4346577516,,-111.940040,33.419437,0,primary,,,
,476,2625359004,,-111.939842,33.417621,0,primary,,,
,477,10824818367,,-111.939971,33.424902,0,primary,,,
,478,9934553166,,-111.939969,33.425216,0,primary,,,
,480,4346581618,,-111.940074,33.422527,0,primary,,,
,481,4346581619,,-111.940067,33.423447,0,primary,,,
,482,4346581623,,-111.940078,33.426035,0,primary,,,
,483,9934553162,,-111.939972,33.424603,0,primary,,,
,484,4346581620,,-111.939969,33.424033,0,primary,,,
,485,2625359017,signal,-111.939970,33.426466,0,primary,,,
,486,4346586753,,-111.939973,33.427036,0,primary,,,
,487,4346586756,,-111.939989,33.428368,0,primary,,,
,488,4346586752,,-111.939970,33.426149,0,primary,,,
,489,4346586758,,-111.939989,33.429076,0,primary,,,
,490,4346586759,,-111.939984,33.429227,0,primary,,,
,491,9164212033,,-111.939968,33.426263,0,primary,,,
,492,2916287191,,-111.939961,33.429499,0,primary,,,
,494,4346586754,,-111.940069,33.427761,0,primary,,,
,495,330695748,,-111.940070,33.427491,0,primary,,,
,497,10274641520,,-111.924884,33.422027,0,secondary,,,
,498,5618898812,,-111.922896,33.422026,0,secondary,,,
,499,4346605165,,-111.918140,33.422018,0,secondary,,,
,500,4346605159,,-111.910209,33.421986,0,secondary,,,
,501,4346605158,,-111.910077,33.421985,0,secondary,,,
,502,41546788,,-111.927387,33.422014,0,secondary,,,
,503,4346605164,,-111.927182,33.422017,0,secondary,,,
,506,4346605161,,-111.929598,33.422015,0,secondary,,,
,507,41714341,signal,-111.928941,33.422019,0,secondary,,,
,508,41714356,signal,-111.917702,33.422019,0,secondary,,,
,509,4346605162,,-111.917196,33.422016,0,secondary,,,
,510,4346605163,,-111.928583,33.422015,0,secondary,,,
,511,9973576681,,-111.926966,33.422020,0,secondary,,,
,512,4346605166,,-111.925410,33.422030,0,secondary,,,
,513,4346605157,,-111.939018,33.421983,0,secondary,,,
,514,9888948024,,-111.927668,33.422014,0,secondary,,,
,515,10274641574,,-111.928432,33.422012,0,secondary,,,
,516,41662569,,-111.940095,33.429750,0,primary,,,
,517,4346605167,,-111.940129,33.430206,0,primary,,,
,518,5162648964,,-111.946549,33.421898,0,primary,,,
,519,4346605144,,-111.944658,33.421895,0,primary,,,
,520,8444584097,,-111.945106,33.421896,0,primary,,,
,521,4346605146,,-111.945318,33.421897,0,primary,,,
,522,4346605143,,-111.943922,33.421896,0,primary,,,
,523,41520521,signal,-111.944266,33.421894,0,primary,,,
,524,42409007,signal,-111.947292,33.421900,0,primary,,,
,525,4346605145,,-111.947730,33.421903,0,primary,,,
,526,4346605142,,-111.946832,33.421899,0,primary,,,
,527,4346605147,,-111.949483,33.421906,0,primary,,,
,528,7809692858,,-111.941770,33.421930,0,primary,,,
,529,41563475,signal,-111.942389,33.421928,0,primary,,,
,530,11782660712,,-111.940954,33.421938,0,primary,,,
,531,4346605154,,-111.941686,33.421979,0,primary,,,
,532,4346605153,,-111.942873,33.421927,0,primary,,,
,533,4346605148,,-111.951567,33.421914,0,primary,,,
,534,42001768,signal,-111.952218,33.421915,0,primary,,,
,535,418953777,,-111.950909,33.421913,0,primary,,,
,536,4346605156,,-111.940747,33.421932,0,primary,,,
,537,42306185,,-111.947980,33.421904,0,primary,,,
,538,5162648965,,-111.948192,33.421905,0,primary,,,
,539,4346605149,,-111.952871,33.421917,0,primary,,,
,540,5665460110,,-111.943038,33.421928,0,primary,,,
,541,2318614612,,-111.953011,33.421918,0,primary,,,
,542,9754178621,,-111.930043,33.428825,0,secondary,,,
,543,5165002575,,-111.930533,33.428920,0,secondary,,,
,544,5013817163,signal,-111.917926,33.429214,0,secondary,,,
,545,4346622265,,-111.909958,33.429097,0,secondary,,,
,546,4346611233,,-111.925383,33.428834,0,secondary,,,
,548,4346611235,,-111.927926,33.428948,0,secondary,,,
,549,4346611234,,-111.928457,33.428872,0,secondary,,,
,550,4346611232,,-111.927214,33.428826,0,secondary,,,
,552,2714317917,signal,-111.929305,33.428784,0,secondary,,,
,553,41736773,,-111.930135,33.428711,0,secondary,,,
,554,4346613073,,-111.930074,33.428700,0,secondary,,,
,555,4346613074,,-111.933243,33.429446,0,secondary,,,
,556,4346613075,,-111.933359,33.429457,0,secondary,,,
,557,41736777,signal,-111.929306,33.428667,0,secondary,,,
,558,2714318018,signal,-111.933978,33.429643,0,secondary,,,
,559,2714318044,,-111.935729,33.430599,0,secondary,,,
,560,4346614527,,-111.934589,33.429813,0,secondary,,,
,561,4346614526,,-111.939135,33.429770,0,secondary,,,
,562,2714318007,signal,-111.934056,33.429490,0,secondary,,,
,563,4346614529,,-111.936744,33.430692,0,secondary,,,
,564,193252222,,-111.932219,33.429254,0,secondary,,,
,565,255819874,,-111.943076,33.429697,0,secondary,,,
,566,4346615108,,-111.941560,33.429539,0,secondary,,,
,567,10824818359,,-111.941801,33.429536,0,secondary,,,
,568,4346615540,,-111.943371,33.431226,0,secondary,,,
,569,1617022674,,-111.943354,33.430920,0,secondary,,,
,570,4346615539,,-111.947771,33.430763,0,secondary,,,
,571,418955519,signal,-111.947341,33.430823,0,secondary,,,
,572,7330858546,,-111.949670,33.430776,0,secondary,,,
,573,255944372,,-111.959455,33.430124,1,secondary,,573,
,574,4346619378,,-111.953225,33.430713,0,secondary,,,
,575,2714317927,,-111.923923,33.428884,0,secondary,,,
,576,4346622268,,-111.921750,33.429260,0,secondary,,,
,577,2714317933,,-111.923982,33.428976,0,secondary,,,
,578,2626242343,,-111.921160,33.429257,0,secondary,,,
,579,4346622267,,-111.918602,33.429219,0,secondary,,,
,580,4346622269,,-111.917438,33.429330,0,secondary,,,
,581,2714317962,signal,-111.917919,33.429337,0,secondary,,,
,582,4346622266,,-111.909714,33.429122,0,secondary,,,
,583,2714317964,,-111.906219,33.429341,0,secondary,,,
,584,2714317978,,-111.908193,33.429374,0,secondary,,,
,585,2714317961,,-111.912634,33.429337,0,secondary,,,
,586,4346624051,,-111.908325,33.429368,0,secondary,,,
,587,4346624050,,-111.904264,33.429305,0,secondary,,,
,588,2714317953,signal,-111.904762,33.429300,0,secondary,,,
,590,1501648565,,-111.902532,33.414690,0,primary,,,
,591,330683981,signal,-111.896206,33.414685,-1,primary,,591,
,592,1501648851,signal,-111.905029,33.414862,0,primary,,,
,593,4347774944,,-111.906173,33.414861,0,primary,,,
,594,1501648829,signal,-111.907173,33.414850,0,primary,,,
,595,41602743,signal,-111.900496,33.422109,0,secondary,,,
,596,4347774954,,-111.899843,33.422110,0,secondary,,,
,597,5725212545,,-111.899119,33.422109,0,secondary,,,
,598,3519288956,,-111.894535,33.422061,2,secondary,,598,
,599,4347778846,,-111.901287,33.429212,0,secondary,,,
,601,4347778845,,-111.905416,33.429175,0,secondary,,,
,602,41500382,signal,-111.904759,33.429181,0,secondary,,,
,603,4347778848,,-111.899976,33.429353,0,secondary,,,
,605,5165002617,,-111.902880,33.429192,0,secondary,,,
,607,5165002583,,-111.902107,33.429332,0,secondary,,,
,608,4347789202,,-111.903680,33.407560,0,secondary,,,
,609,3574852335,,-111.904199,33.407560,0,secondary,,,
,610,3574852336,,-111.902513,33.407560,0,secondary,,,
,611,4347789193,,-111.901079,33.407428,0,secondary,,,
,612,41883130,,-111.902515,33.407428,0,secondary,,,
,613,4347789203,,-111.906111,33.407563,0,secondary,,,
,614,3574852332,,-111.906757,33.407566,0,secondary,,,
,615,4347789199,,-111.899956,33.407558,0,secondary,,,
,616,3574852339,signal,-111.900519,33.407558,0,secondary,,,
,617,4347789201,,-111.902094,33.407560,0,secondary,,,
,618,4347789195,,-111.902957,33.407429,0,secondary,,,
,619,4347789196,,-111.904736,33.407435,0,secondary,,,
,620,4347789198,,-111.897171,33.407557,0,secondary,,,
,622,4347789194,,-111.898289,33.407429,0,secondary,,,
,623,4347789192,,-111.895598,33.407427,-1,secondary,,623,
,624,3981260837,,-111.906700,33.407433,0,secondary,,,
,625,3712512239,,-111.895048,33.407557,1,secondary,,625,
,626,41875713,signal,-111.952168,33.407395,0,secondary,,,
,627,4347871637,,-111.952742,33.407396,0,secondary,,,
,628,4347871636,,-111.951485,33.407393,0,secondary,,,
,629,4347871638,,-111.954812,33.407403,2,secondary,,629,
,630,6058475298,,-111.939156,33.407419,0,secondary,,,
,631,41883112,signal,-111.934904,33.407449,0,secondary,,,
,632,4347874713,,-111.935418,33.407443,0,secondary,,,
,633,4347874712,,-111.938984,33.407423,0,secondary,,,
,634,6058475294,,-111.938544,33.407421,0,secondary,,,
,635,4347874715,,-111.939884,33.408028,0,secondary,,,
,636,4347874710,,-111.948496,33.407381,0,secondary,,,
,637,41633706,,-111.950007,33.407390,0,secondary,,,
,638,41875709,signal,-111.947849,33.407378,0,secondary,,,
,639,4897758639,,-111.940135,33.407405,0,secondary,,,
,640,4347879714,,-111.947200,33.407379,0,secondary,,,
,641,330683937,signal,-111.917698,33.414871,0,primary,,,
,642,4347879969,,-111.916702,33.414871,0,primary,,,
,643,4347879987,,-111.909070,33.428552,0,secondary,,,
,644,4347879973,,-111.909107,33.417209,0,secondary,,,
,645,4347879976,,-111.909104,33.417777,0,secondary,,,
,646,4347879982,,-111.909023,33.421459,0,secondary,,,
,647,4347879967,,-111.909110,33.414123,0,secondary,,,
,648,41570712,,-111.909083,33.418980,0,secondary,,,
,649,41638528,,-111.909103,33.418194,0,secondary,,,
,650,41638532,,-111.909111,33.416844,0,secondary,,,
,651,41638534,,-111.909117,33.416154,0,secondary,,,
,652,4347879970,,-111.909115,33.415374,0,secondary,,,
,653,4347900942,,-111.926288,33.410513,0,primary,,,
,654,4347900943,,-111.926294,33.412496,0,primary,,,
,655,4347879977,,-111.926295,33.418424,0,primary,,,
,656,4347879978,,-111.926294,33.418582,0,primary,,,
,657,4347879971,,-111.926294,33.415501,0,primary,,,
,658,4347879972,,-111.926301,33.416377,0,primary,,,
,659,4347879974,,-111.926300,33.417362,0,primary,,,
,660,4347879975,,-111.926300,33.417541,0,primary,,,
,661,41573980,signal,-111.926303,33.416838,0,primary,,,
,662,2704829974,,-111.926283,33.428318,0,primary,,,
,663,5133355428,,-111.926369,33.427512,0,primary,,,
,664,4347879983,,-111.926397,33.422746,0,primary,,,
,665,41573982,signal,-111.926296,33.419137,0,primary,,,
,666,1501648953,,-111.926299,33.420237,0,primary,,,
,667,2671959143,signal,-111.926298,33.420269,0,primary,,,
,668,4347879966,,-111.926295,33.414091,0,primary,,,
,669,5646686312,,-111.926295,33.414121,0,primary,,,
,670,4347879980,,-111.926392,33.420890,0,primary,,,
,671,2300341851,,-111.926302,33.420361,0,primary,,,
,672,4347879985,,-111.926225,33.424200,0,primary,,,
,673,4347879981,,-111.926247,33.421430,0,primary,,,
,674,4347879986,,-111.926379,33.425006,0,primary,,,
,676,9658596255,,-111.926245,33.421160,0,primary,,,
,677,4347900933,,-111.917013,33.407576,0,secondary,,,
,678,4347900928,,-111.910631,33.407571,0,secondary,,,
,679,4084510561,,-111.911230,33.407571,0,secondary,,,
,680,4347900914,,-111.925201,33.407444,0,secondary,,,
,681,4347900910,,-111.924342,33.407444,0,secondary,,,
,682,4347900932,,-111.914832,33.407575,0,secondary,,,
,683,4084529110,,-111.911231,33.407439,0,secondary,,,
,684,4347900905,,-111.909926,33.407436,0,secondary,,,
,685,4347900930,,-111.912615,33.407574,0,secondary,,,
,686,4084510568,,-111.913248,33.407575,0,secondary,,,
,687,4347900912,,-111.919549,33.407444,0,secondary,,,
,688,4347900915,,-111.918374,33.407445,0,secondary,,,
,689,4347900916,,-111.925503,33.407445,0,secondary,,,
,690,4347900927,,-111.925198,33.407568,0,secondary,,,
,691,4084525374,,-111.920941,33.407444,0,secondary,,,
,692,4347900911,,-111.919974,33.407444,0,secondary,,,
,693,4347900935,,-111.921984,33.407577,0,secondary,,,
,695,4347900929,,-111.924774,33.407572,0,secondary,,,
,696,4347900913,,-111.921418,33.407444,0,secondary,,,
,697,4347900907,,-111.913880,33.407441,0,secondary,,,
,698,4347900931,,-111.920942,33.407574,0,secondary,,,
,700,4347900938,,-111.923283,33.407579,0,secondary,,,
,701,4347900934,,-111.918937,33.407577,0,secondary,,,
,702,4347900936,,-111.919549,33.407578,0,secondary,,,
,703,4347900937,,-111.920478,33.407578,0,secondary,,,
,704,4347900908,,-111.916135,33.407443,0,secondary,,,
,705,4347900906,,-111.911924,33.407438,0,secondary,,,
,707,4347900922,,-111.927002,33.407509,0,secondary,,,
,708,4347900926,,-111.908262,33.407567,0,secondary,,,
,709,4347900925,,-111.907203,33.407565,0,secondary,,,
,711,4347900941,,-111.909109,33.408518,0,secondary,,,
,712,4347900939,,-111.909108,33.408222,0,secondary,,,
,713,4347900944,,-111.926298,33.413129,0,primary,,,
,714,5668170566,,-111.926273,33.407958,0,primary,,,
,716,2262988976,,-111.920944,33.407526,0,secondary,,,
,717,4347900903,,-111.907502,33.407434,0,secondary,,,
,719,4104818048,,-111.926351,33.437165,0,primary,,,
,720,2488372371,,-111.926350,33.437098,0,primary,,,
,721,41200170,,-111.926159,33.435022,0,primary,,,
,723,4351725351,,-111.900608,33.414904,0,primary,,,
,724,4351725354,,-111.903827,33.429310,0,secondary,,,
,725,2714317970,,-111.899568,33.429357,0,secondary,,,
,726,10274641510,,-111.926225,33.423761,0,primary,,,
,727,4277534305,signal,-111.931301,33.429017,0,secondary,,,
,728,3756594468,signal,-111.913640,33.414837,0,primary,,,
,729,5201685468,,-111.928936,33.421587,0,tertiary,,,
,730,4347900940,,-111.926274,33.408354,0,primary,,,
,731,5668170582,,-111.926278,33.409360,0,primary,,,
,732,4716134186,signal,-111.929193,33.414667,0,primary,,,
,733,10290628422,,-111.929147,33.414801,0,primary,,,
,734,2714317963,,-111.919647,33.429349,0,secondary,,,
,735,9658479446,,-111.939773,33.408303,0,secondary,,,
,736,41657047,,-111.913249,33.407514,0,secondary,,,
,737,41883121,,-111.923698,33.407522,0,secondary,,,
,738,3703650942,,-111.949434,33.421906,0,primary,,,
,739,5080816830,,-111.941469,33.423830,1,residential,,739,
,740,10609421263,,-111.950145,33.436667,0,primary,,,
,741,41563527,,-111.942465,33.428443,0,tertiary,,,
,742,9823582572,,-111.909611,33.437522,0,primary,,,
,743,4347908529,,-111.909577,33.439805,2,primary,,743,
,744,255819340,,-111.941984,33.435698,0,primary,,,
,747,41563515,signal,-111.942771,33.427557,0,tertiary,,,
,748,5162833628,,-111.942554,33.427943,0,tertiary,,,
,749,41563536,,-111.942625,33.428976,0,tertiary,,,
,750,8019704805,,-111.942702,33.429106,0,tertiary,,,
,751,2714317919,,-111.929789,33.428800,0,secondary,,,
,752,2714317936,signal,-111.931244,33.429149,0,secondary,,,
,753,2714317997,,-111.932231,33.429431,0,secondary,,,
,754,9697083410,,-111.932697,33.429441,0,secondary,,,
,755,5162981682,,-111.938187,33.430013,0,secondary,,,
,756,9934552937,,-111.939824,33.429588,0,secondary,,,
,757,335604812,,-111.938778,33.429704,0,secondary,,,
,758,3523602070,,-111.909178,33.421171,0,secondary,,,
,759,2714318026,,-111.934321,33.429849,0,secondary,,,
,760,2714317949,,-111.923293,33.429255,0,secondary,,,
,761,2714317948,,-111.911908,33.429250,0,secondary,,,
,762,330686496,,-111.912475,33.414747,1,residential,,762,
,763,9658248643,,-111.927107,33.414689,0,primary,,,
,764,4716134185,signal,-111.928999,33.414803,0,primary,,,
,766,1698683885,,-111.939019,33.421898,0,secondary,,,
,769,863736682,,-111.942391,33.421224,1,residential,,769,
,770,5176314770,signal,-111.930704,33.422043,0,secondary,,,
,771,863733787,,-111.934958,33.415072,0,tertiary,,,
,772,9143759910,,-111.933723,33.414644,0,primary,,,
,773,317452224,,-111.940372,33.405977,-1,residential,,773,
,774,41592067,,-111.939787,33.405221,2,secondary,,774,
,775,5199796526,,-111.952163,33.406802,0,tertiary,,,
,776,5199796525,,-111.952141,33.400669,2,tertiary,,776,
,777,401884184,,-111.952163,33.407927,0,tertiary,,,
,778,42001826,,-111.952172,33.409832,0,tertiary,,,
,779,42001827,,-111.952172,33.409653,0,tertiary,,,
,780,42001830,,-111.952171,33.409069,0,tertiary,,,
,781,401888913,,-111.952169,33.408687,0,tertiary,,,
,782,11364959800,,-111.952179,33.411779,0,tertiary,,,
,783,41812231,signal,-111.952187,33.414653,0,tertiary,,,
,784,5199796528,,-111.952191,33.414297,0,tertiary,,,
,785,401888434,,-111.952184,33.415041,0,tertiary,,,
,786,41621106,,-111.952187,33.415416,0,tertiary,,,
,787,42001811,,-111.952192,33.416130,0,tertiary,,,
,788,317437509,,-111.952191,33.416015,0,tertiary,,,
,789,11352315602,,-111.952193,33.416816,0,tertiary,,,
,790,5199796529,,-111.952216,33.421452,0,tertiary,,,
,791,5199796530,,-111.952222,33.422519,0,tertiary,,,
,792,5199796531,,-111.952259,33.425002,0,tertiary,,,
,793,41737232,,-111.952225,33.423247,0,tertiary,,,
,794,7959863309,,-111.952224,33.422964,0,tertiary,,,
,795,4898280301,,-111.952268,33.425904,0,tertiary,,,
,796,7134771333,,-111.952268,33.425816,0,tertiary,,,
,797,41614415,,-111.952303,33.427760,0,tertiary,,,
,798,41543951,,-111.952270,33.426279,0,tertiary,,,
,799,5199796532,,-111.952317,33.428708,0,tertiary,,,
,800,5199796533,,-111.952346,33.429513,0,tertiary,,,
,801,5200239408,,-111.917704,33.421654,0,tertiary,,,
,802,5200239409,,-111.917682,33.422230,0,tertiary,,,
,803,3367301498,,-111.917668,33.423721,2,tertiary,,803,
,804,5200239412,,-111.917695,33.408003,0,tertiary,,,
,805,42208582,,-111.917706,33.406388,0,tertiary,,,
,806,339016275,,-111.915406,33.401149,-1,tertiary,,806,
,807,5200239621,,-111.934909,33.407991,0,tertiary,,,
,808,5201685460,,-111.921164,33.415513,0,tertiary,,,
,809,5201685461,,-111.925478,33.419580,0,tertiary,,,
,810,5201685462,,-111.930575,33.415263,0,tertiary,,,
,811,317327702,signal,-111.930194,33.415833,0,tertiary,,,
,812,5201685465,,-111.928880,33.419587,0,tertiary,,,
,813,5201685466,,-111.928910,33.420049,0,tertiary,,,
,814,3101278945,,-111.928964,33.420871,0,tertiary,,,
,815,2671959118,,-111.928951,33.421202,0,tertiary,,,
,816,5201685469,,-111.929302,33.422641,0,tertiary,,,
,817,1501649006,,-111.929112,33.422486,0,tertiary,,,
,818,1501649002,,-111.929059,33.422413,0,tertiary,,,
,820,41529691,signal,-111.930426,33.423113,0,tertiary,,,
,821,5201685474,,-111.935866,33.425514,0,tertiary,,,
,822,5165002589,signal,-111.897038,33.429296,0,secondary,,,
,823,5245639316,,-111.895607,33.429293,-1,secondary,,823,
,824,2714317990,signal,-111.897032,33.429409,0,secondary,,,
,825,5165002588,,-111.898250,33.429397,0,secondary,,,
,826,5165002593,,-111.896536,33.429406,1,secondary,,826,
,827,5245639317,,-111.897360,33.429295,0,secondary,,,
,828,41736805,,-111.898758,33.429255,0,secondary,,,
,829,7477491459,,-111.898009,33.429290,0,secondary,,,
,830,2714317980,,-111.898766,33.429377,0,secondary,,,
,831,5245639318,,-111.899158,33.429244,0,secondary,,,
,833,2714317941,,-111.902499,33.429197,0,secondary,,,
,834,2714317957,,-111.902503,33.429324,0,secondary,,,
,835,5245639319,,-111.905771,33.429319,0,secondary,,,
,836,41736797,,-111.906214,33.429206,0,secondary,,,
,837,41529697,,-111.929080,33.424299,1,residential,,837,
,838,41602742,,-111.900470,33.425704,2,tertiary,,838,
,839,5668170614,,-111.925794,33.410127,0,tertiary,,,
,840,5668170615,,-111.925567,33.410129,0,tertiary,,,
,841,338058726,,-111.923545,33.410138,0,tertiary,,,
,842,41830286,,-111.932778,33.413570,0,residential,,,
,843,41800471,,-111.930704,33.413573,-1,residential,,843,
,844,41604298,,-111.934930,33.411978,0,tertiary,,,
,845,1617023129,,-111.943213,33.430315,0,secondary,,,
,846,4346523219,,-111.943042,33.429831,0,secondary,,,
,847,5806210751,signal,-111.930151,33.415978,0,tertiary,,,
,848,5806210747,,-111.930664,33.415274,0,tertiary,,,
,849,9401106553,,-111.925520,33.434078,0,tertiary,,,
,850,317654988,,-111.920555,33.418723,0,residential,,,
,851,41715037,,-111.918684,33.418406,0,residential,,,
,852,330689687,,-111.923195,33.417527,0,tertiary,,,
,853,8444309314,signal,-111.925345,33.419450,0,tertiary,,,
,854,6149033538,,-111.953602,33.421920,2,primary,,854,
,855,10274827519,,-111.899152,33.414854,0,primary,,,
,856,10274827561,,-111.896977,33.414852,1,primary,,856,
,857,7265020286,,-111.941184,33.420482,-1,residential,,857,
,858,41883117,,-111.929029,33.407539,0,secondary,,,
,859,41832343,,-111.930122,33.407527,0,secondary,,,
,860,41582918,,-111.931138,33.407523,0,secondary,,,
,861,6496439509,,-111.934010,33.407455,0,secondary,,,
,862,6496439522,,-111.929028,33.407443,0,secondary,,,
,863,6496439524,,-111.931138,33.407433,0,secondary,,,
,864,3641052711,,-111.936499,33.407435,0,secondary,,,
,865,41883110,,-111.935964,33.407438,0,secondary,,,
,866,6701033511,,-111.910445,33.413319,-1,residential,,866,
,867,42001755,,-111.952268,33.425494,0,tertiary,,,
,868,7241586262,,-111.926278,33.409487,0,primary,,,
,869,7241586266,,-111.926281,33.409931,0,primary,,,
,871,41520604,,-111.943950,33.407377,0,secondary,,,
,872,418969823,,-111.943876,33.407377,0,secondary,,,
,873,4176960313,,-111.952123,33.408302,0,tertiary,,,
,874,4176960312,,-111.952201,33.408289,0,tertiary,,,
,875,1504675082,,-111.944798,33.437160,0,tertiary,,,
,876,11360338517,,-111.952216,33.421398,0,tertiary,,,
,877,11360338516,,-111.952209,33.421172,0,tertiary,,,
,878,9916310640,,-111.942746,33.429186,0,secondary,,,
,879,1617023089,,-111.942848,33.429613,0,secondary,,,
,880,7241600540,signal,-111.926350,33.436469,0,primary,,,
,881,8269005069,,-111.933988,33.421923,0,secondary,,,
,882,10290583689,,-111.930762,33.421952,0,secondary,,,
,884,3983483499,,-111.939166,33.414717,-1,residential,,884,
,885,10038906156,,-111.925850,33.416824,-1,residential,,885,
,886,2321431315,,-111.936651,33.421293,-1,residential,,886,
,887,8464164195,,-111.909113,33.409065,0,secondary,,,
,888,8447633870,,-111.909057,33.410527,0,secondary,,,
,889,8447633871,,-111.909059,33.411490,0,secondary,,,
,890,8464164198,,-111.909166,33.410527,0,secondary,,,
,891,8464164199,,-111.909167,33.411490,0,secondary,,,
,892,5668170604,,-111.926280,33.409846,0,primary,,,
,893,5646687226,,-111.925416,33.416812,1,residential,,893,
,894,330686495,,-111.912338,33.414749,1,residential,,894,
,895,1501648717,,-111.912476,33.414788,-1,residential,,895,
,896,1501648702,,-111.912339,33.414786,-1,residential,,896,
,897,3983483040,,-111.939893,33.408643,0,secondary,,,
,898,9037111482,,-111.939890,33.408369,0,secondary,,,
,899,1617023031,,-111.950160,33.430831,0,secondary,,,
,900,1617023128,,-111.949268,33.430837,0,secondary,,,
,901,9095414328,,-111.952186,33.414118,0,tertiary,,,
,902,9159615644,,-111.942096,33.438020,-1,primary,,902,
,903,8269005064,signal,-111.930826,33.421951,0,secondary,,,
,904,7243234050,signal,-111.926420,33.440236,1,primary,,904,
,905,9401106565,,-111.925711,33.434004,0,tertiary,,,
,906,9405625295,,-111.940426,33.427384,-1,residential,,906,
,907,9405625296,,-111.942303,33.427387,1,residential,,907,
,908,2714317934,,-111.900456,33.429131,2,tertiary,,908,
,909,7121918955,,-111.926294,33.414286,0,primary,,,
,910,9549146436,,-111.943751,33.425442,1,residential,,910,
,911,9567915832,,-111.940196,33.414708,1,residential,,911,
,912,9637510392,,-111.926393,33.422892,0,primary,,,
,913,4347900904,,-111.907112,33.407435,0,secondary,,,
,914,255821209,,-111.930588,33.435399,2,tertiary,,914,
,915,5147338953,,-111.909612,33.437011,0,primary,,,
,916,7121950852,,-111.927166,33.416702,0,residential,,,
,917,9880292082,,-111.939641,33.417620,1,residential,,917,
,918,9916310634,,-111.942531,33.429240,0,secondary,,,
,919,5665462528,,-111.942542,33.425483,1,residential,,919,
,920,5266180520,,-111.942866,33.425460,2,residential,,920,
,921,9973576682,,-111.926614,33.422025,0,secondary,,,
,922,10141144298,,-111.924756,33.428705,0,secondary,,,
,923,10237518311,,-111.922618,33.407149,2,residential,,923,
,924,42351327,,-111.933266,33.416067,2,residential,,924,
,925,5266180546,,-111.940625,33.425503,2,residential,,925,
,926,6106985023,,-111.930313,33.423679,-1,residential,,926,
,927,10307913574,,-111.925867,33.419704,0,tertiary,,,
,928,41832457,,-111.952202,33.420412,0,tertiary,,,
,929,11360338494,,-111.952201,33.420263,0,tertiary,,,
,930,42001777,,-111.952205,33.420756,0,tertiary,,,
,931,11360338511,,-111.952207,33.420880,0,tertiary,,,
,932,11360338495,,-111.952201,33.420129,0,tertiary,,,
,933,11360338504,,-111.952199,33.419527,0,tertiary,,,
,934,11360338505,,-111.952201,33.419404,0,tertiary,,,
,935,11360338510,,-111.952208,33.420977,0,tertiary,,,
,936,41908243,,-111.952202,33.419213,0,tertiary,,,
,937,41670766,,-111.952202,33.418994,0,tertiary,,,
,938,11360338522,,-111.952200,33.418772,0,tertiary,,,
,939,11360338523,,-111.952198,33.418694,0,tertiary,,,
,940,42001796,,-111.952198,33.418287,0,tertiary,,,
,941,11360338528,,-111.952196,33.418009,0,tertiary,,,
,942,41670759,,-111.952199,33.418447,0,tertiary,,,
,943,11360338529,,-111.952195,33.417925,0,tertiary,,,
,944,42001803,,-111.952194,33.417666,0,tertiary,,,
,945,11360342797,,-111.952192,33.417310,0,tertiary,,,
,946,11360342798,,-111.952192,33.417174,0,tertiary,,,
,947,41958394,,-111.952193,33.416873,0,tertiary,,,
,948,41611256,,-111.952180,33.413165,0,tertiary,,,
,949,41965207,,-111.952181,33.412423,0,tertiary,,,
,950,11364959799,,-111.952180,33.411932,0,tertiary,,,
,951,42347046,,-111.947856,33.408763,0,residential,,,
,952,42347048,,-111.947853,33.408290,0,residential,,,
,953,42409079,,-111.947860,33.409510,0,residential,,,
,954,42408299,,-111.947858,33.410258,2,residential,,954,
,955,11782660715,,-111.941256,33.421888,0,primary,,,
,956,4084510569;4084525371,signal,-111.922612,33.407512,0,secondary,,,
,957,2129498949;42040306;3101178332;3101178343,signal,-111.943368,33.437606,0,primary,,,
,958,41529701;2704829968,signal,-111.926302,33.424503,0,primary,,,
,959,330683946;41624261,signal,-111.936601,33.414670,0,primary,,,
,960,2714317928;41573995,signal,-111.926282,33.428840,0,primary,,,
,961,10647888727;10647888726,signal,-111.934929,33.425442,0,tertiary,,,
,962,41529740;2625359015,signal,-111.940020,33.424345,0,primary,,,
,963,41563500;9928142350,signal,-111.943346,33.425490,0,residential,,,
,964,41662584;2625359016,signal,-111.940022,33.425509,0,primary,,,
,965,330689192;330689685,signal,-111.922434,33.416757,0,tertiary,,,
,966,2065989266;2916726375,signal,-111.938150,33.421943,0,secondary,,,
,967,41662609;3983483485,signal,-111.939817,33.407408,0,secondary,,,
,968,330683931;330683932,signal,-111.912408,33.414863,0,residential,,,
,969,41714336;2860653270,signal,-111.936662,33.421950,0,secondary,,,
,970,2488372369;2488372370,signal,-111.909620,33.436577,0,primary,,,
,971,41883123;4084510563,signal,-111.917697,33.407511,0,secondary,,,
,972,330683945;330683964,signal,-111.934957,33.414684,0,primary,,,
,973,330683938;330689965,signal,-111.920455,33.414880,0,tertiary,,,
,974,2714317966;2714317965,signal,-111.900454,33.429347,0,secondary,,,
,975,2625359008;1698683852,signal,-111.939966,33.420491,0,primary,,,
,976,330683967;330683942,signal,-111.930663,33.414726,0,primary,,,
,977,41638511;2714317958,signal,-111.909087,33.429252,0,secondary,,,
,978,41602739;2714317944,signal,-111.900453,33.429222,0,secondary,,,
,979,2625359013;41662587,signal,-111.940019,33.423195,0,primary,,,
,980,42001732;1617023072,signal,-111.952408,33.430944,0,secondary,,,
,981,2625359028;2714318023;2714318022;41605233,signal,-111.940027,33.429624,0,primary,,,
,982,7241586275;7241586272,signal,-111.926282,33.410124,0,primary,,,
,983,8269005072;41714339,signal,-111.934969,33.421959,0,secondary,,,
,984,330683969;330683940,signal,-111.926289,33.414761,0,primary,,,
,985,41662581;2625359021,signal,-111.940017,33.427385,0,primary,,,
,986,3026629623;2096552754,signal,-111.909273,33.432035,0,secondary,,,
,987,4084510562;4084510567,signal,-111.909105,33.407501,0,secondary,,,
,988,2625358994;316870186,signal,-111.939548,33.416015,0,primary,,,
,989,41662590;2941419917,signal,-111.940009,33.421935,0,primary,,,
,990,330683976;330683977,signal,-111.912406,33.414677,0,residential,,,
,991,2704829948;5013837645,signal,-111.926326,33.422028,0,primary,,,
,992,1698683826;2625359006,signal,-111.939946,33.419066,0,primary,,,
,993,41883135;2300216541,signal,-111.897742,33.407493,0,secondary,,,
,994,2065989260;2065989244,signal,-111.939910,33.414747,0,residential,,,
