name,node_id,osm_node_id,osm_highway,zone_id,ctrl_type,node_type,activity_type,is_boundary,x_coord,y_coord,main_node_id,poi_id,notes,production,attraction
,0,29464594.0,,24,0,,,,-122.30461640000001,47.6478106,,,,0,0
,1,29464742.0,,14,0,,,,-122.30142509999999,47.6583247,,,,0,0
,2,29464746.0,,14,0,,,,-122.30212150000001,47.6560111,,,,0,0
,3,29464754.0,traffic_signals,19,1,,,,-122.30388559999999,47.651066,,,,0,0
,4,29464758.0,,24,0,,,,-122.3045452,47.649513899999995,,,,0,0
,5,29484754.0,,22,0,,,,-122.3224229,47.6466995,,,,0,0
,6,29484769.0,motorway_junction,22,0,,,,-122.32289309999999,47.6467065,,,,0,0
,7,29484936.0,motorway_junction,12,0,,,,-122.32232990000001,47.6562897,,,,0,0
,8,29484937.0,,12,0,,,,-122.3221538,47.6584315,,,,0,0
,9,29485034.0,motorway_junction,12,0,,,,-122.3219713,47.6584193,,,,0,0
,10,29485038.0,,7,0,,,,-122.3216691,47.6598573,,,,0,0
,11,29485040.0,,7,0,,,,-122.3211533,47.6603323,,,,0,0
,12,29485041.0,,7,0,,,,-122.32093540000001,47.660501200000006,,,,0,0
,13,29485042.0,,7,0,,,,-122.32080690000001,47.6608602,,,,0,0
,14,29485217.0,traffic_signals,2,1,,,,-122.3207248,47.6649544,,,,0,0
,15,29545386.0,,2,0,,,,-122.321583,47.6636333,,,,0,0
,16,29545387.0,,2,0,,,,-122.3217828,47.6659028,,,,0,0
,17,29545412.0,traffic_signals,12,1,,,,-122.3208338,47.6575155,,,,0,0
,18,29545415.0,traffic_signals,7,1,,,,-122.3228626,47.6613404,,,,0,0
,19,29545421.0,,7,0,,,,-122.32249420000001,47.660799,,,,0,0
,20,29545423.0,,12,0,,,,-122.3226689,47.6580185,,,,0,0
,21,29545426.0,traffic_signals,2,1,,,,-122.32286470000001,47.664967600000004,,,,0,0
,22,29545427.0,,7,0,,,,-122.32286289999999,47.6620179,,,,0,0
,23,29545440.0,,12,0,,,,-122.3214226,47.657353799999996,,,,0,0
,24,29545445.0,motorway_junction,12,0,,,,-122.32245479999999,47.6556961,,,,0,0
,25,29545473.0,,2,0,,,,-122.3207271,47.6652838,,,,0,0
,26,29545481.0,,7,0,,,,-122.3227366,47.6623953,,,,0,0
,27,29545484.0,,7,0,,,,-122.3224858,47.662989700000004,,,,0,0
,28,29545490.0,,7,0,,,,-122.3207388,47.661721,,,,0,0
,29,29972814.0,stop,9,0,,,,-122.3096608,47.6597571,,,,0,0
,30,29972834.0,,14,0,,,,-122.30452949999999,47.657825700000004,,,,0,0
,31,29972837.0,stop,14,0,,,,-122.3046,47.657362400000004,,,,0,0
,32,29972840.0,,14,0,,,,-122.3047994,47.656794500000004,,,,0,0
,33,29972846.0,stop,14,0,,,,-122.30462849999999,47.655002,,,,0,0
,34,29972868.0,,18,0,,,,-122.31043090000001,47.6532369,,,,0,0
,35,29973139.0,,13,0,,,,-122.31101799999999,47.6550569,,,,0,0
,36,29973142.0,,13,0,,,,-122.3118638,47.655341899999996,,,,0,0
,37,29973167.0,,9,0,,,,-122.3024314,47.661242200000004,,,,0,0
,38,29973169.0,,9,0,,,,-122.2994305,47.661237400000005,,,,0,0
,39,29973170.0,,9,0,,,,-122.29922830000001,47.6612182,,,,0,0
,40,29973173.0,traffic_signals,10,1,,,,-122.2983074,47.6610722,,,,0,0
,41,29977895.0,,9,0,,,,-122.2996269,47.660649799999995,,,,0,0
,42,29977897.0,traffic_signals,9,1,,,,-122.30098970000002,47.6593986,,,,0,0
,43,29978100.0,,19,0,,,,-122.30271979999999,47.654127100000004,,,,0,0
,44,30012787.0,,14,0,,,,-122.30244240000002,47.658742,,,,0,0
,45,30012795.0,,9,0,,,,-122.3012419,47.6604277,,,,0,0
,46,30012797.0,traffic_signals,9,1,,,,-122.30091200000001,47.6604973,,,,0,0
,47,30012799.0,,9,0,,,,-122.30035409999999,47.6605031,,,,0,0
,48,30012801.0,traffic_signals,9,1,,,,-122.2999419,47.6603301,0.0,,,0,0
,49,30079171.0,,13,0,,,,-122.316695,47.6576411,,,,0,0
,50,30079365.0,traffic_signals,18,1,,,,-122.312473,47.6529902,,,,0,0
,51,30079371.0,,18,0,,,,-122.31192079999998,47.6527207,,,,0,0
,52,30101199.0,,21,0,,,,-122.33869009999998,47.6469265,,,,0,0
,53,30101211.0,,17,0,,,,-122.3304203,47.6509342,,,,0,0
,54,30101217.0,,17,0,,,,-122.32778929999999,47.6531698,,,,0,0
,55,30101222.0,,17,0,,,,-122.3257108,47.6537816,,,,0,0
,56,30101226.0,,17,0,,,,-122.3235625,47.65397,,,,0,0
,57,30101230.0,stop,12,0,,,,-122.32254340000001,47.6555174,,,,0,0
,58,30458584.0,,22,0,,,,-122.3226507,47.6467029,,,,0,0
,59,30458587.0,,17,0,,,,-122.3224808,47.6539699,,,,0,0
,60,31096023.0,,21,0,,,,-122.3381147,47.646848299999995,,,,0,0
,61,31192107.0,traffic_signals,10,1,,,,-122.292818,47.6612083,,,,0,0
,62,31251510.0,traffic_signals,13,1,,,,-122.3144017,47.656220700000006,,,,0,0
,63,31251602.0,traffic_signals,13,1,,,,-122.3120538,47.6561924,,,,0,0
,64,31251886.0,traffic_signals,13,1,,,,-122.31327730000001,47.6562044,,,,0,0
,65,31251893.0,traffic_signals,18,1,,,,-122.3133739,47.6534396,,,,0,0
,66,31251896.0,,18,0,,,,-122.31518429999998,47.6535999,,,,0,0
,67,31251897.0,traffic_signals,18,1,,,,-122.31450659999999,47.653590200000004,,,,0,0
,68,31251900.0,crossing,18,0,,,,-122.3144797,47.654211100000005,,,,0,0
,69,31428566.0,,7,0,,,,-122.321036,47.662271399999995,,,,0,0
,70,31428567.0,,12,0,,,,-122.3224551,47.6573383,,,,0,0
,71,31429756.0,traffic_signals,19,1,,,,-122.30783600000001,47.6506606,,,,0,0
,72,31429758.0,traffic_signals,24,1,,,,-122.30458290000001,47.6490186,,,,0,0
,73,31429759.0,,19,0,,,,-122.30440859999999,47.649978000000004,,,,0,0
,74,31430219.0,,19,0,,,,-122.30644369999999,47.6505476,,,,0,0
,75,31430313.0,,19,0,,,,-122.304585,47.650964200000004,,,,0,0
,76,31430318.0,,19,0,,,,-122.30412630000001,47.6506446,,,,0,0
,77,31430321.0,,19,0,,,,-122.30348889999999,47.6518032,,,,0,0
,78,31430329.0,,19,0,,,,-122.30309140000001,47.6529149,,,,0,0
,79,31430457.0,,10,0,,,,-122.2972604,47.6612217,,,,0,0
,80,31430499.0,traffic_signals,10,1,,,,-122.2966813,47.661220799999995,,,,0,0
,81,31430500.0,,10,0,,,,-122.29621979999999,47.661217,,,,0,0
,82,31430540.0,,9,0,,,,-122.30099609999999,47.659056,,,,0,0
,83,31430639.0,,9,0,,,,-122.2994115,47.6607531,,,,0,0
,84,31430660.0,,10,0,,,,-122.2987058,47.66125770000001,,,,0,0
,85,32096219.0,,10,0,,,,-122.28932900000001,47.66112639999999,,,,0,0
,86,32102030.0,traffic_signals,18,1,,,,-122.3174118,47.653717799999995,3.0,,,0,0
,87,32102034.0,,13,0,,,,-122.3188466,47.6544099,,,,0,0
,88,32102036.0,,13,0,,,,-122.31946,47.6545022,,,,0,0
,89,32102037.0,,13,0,,,,-122.31980190000002,47.654542,,,,0,0
,90,32102038.0,,12,0,,,,-122.32033159999999,47.654510200000004,,,,0,0
,91,32102039.0,,12,0,,,,-122.3208676,47.65447329999999,,,,0,0
,92,32102041.0,stop,12,0,,,,-122.3225415,47.654485,,,,0,0
,93,32102046.0,,18,0,,,,-122.3153297,47.653642100000006,,,,0,0
,94,32102047.0,,18,0,,,,-122.3169215,47.6536663,,,,0,0
,95,32102221.0,,18,0,,,,-122.3189419,47.654315999999994,,,,0,0
,96,32102516.0,,18,0,,,,-122.31687649999999,47.6535859,,,,0,0
,97,32102576.0,,18,0,,,,-122.315327,47.6535596,,,,0,0
,98,32103268.0,,24,0,,,,-122.30506640000002,47.6492598,,,,0,0
,99,32171831.0,traffic_signals,13,1,,,,-122.31443030000001,47.6553518,,,,0,0
,100,32172259.0,traffic_signals,13,1,,,,-122.31206370000001,47.655344299999996,,,,0,0
,101,32177510.0,,18,0,,,,-122.31459309999998,47.651839100000004,,,,0,0
,102,32177512.0,stop,18,0,,,,-122.3137088,47.65159,,,,0,0
,103,32177766.0,,18,0,,,,-122.31292649999999,47.6508654,,,,0,0
,104,32177767.0,,18,0,,,,-122.3127223,47.650804799999996,,,,0,0
,105,32178812.0,,12,0,,,,-122.3219206,47.6549017,,,,0,0
,106,32178814.0,,12,0,,,,-122.32085990000002,47.655045,,,,0,0
,107,32178816.0,,13,0,,,,-122.31980300000001,47.6548656,,,,0,0
,108,32259207.0,turning_circle,12,0,,,,-122.32190959999998,47.6553221,,,,0,0
,109,32259309.0,turning_circle,12,0,,,,-122.3208635,47.6554396,,,,0,0
,110,32259477.0,turning_circle,13,0,,,,-122.31981370000001,47.6553227,,,,0,0
,111,32267373.0,stop,13,0,,,,-122.3156223,47.6553746,,,,0,0
,112,32267742.0,,13,0,,,,-122.315655,47.654737100000006,,,,0,0
,113,32267743.0,,13,0,,,,-122.31782350000002,47.655168100000004,,,,0,0
,114,32267744.0,,13,0,,,,-122.3178388,47.655408,,,,0,0
,115,32268456.0,stop,18,0,,,,-122.31125449999999,47.6506586,,,,0,0
,116,32268716.0,,23,0,,,,-122.3122379,47.649784600000004,,,,0,0
,117,32269318.0,,9,0,,,,-122.30688529999999,47.6593854,,,,0,0
,118,32269682.0,,13,0,,,,-122.3113502,47.6552029,,,,0,0
,119,32269685.0,,13,0,,,,-122.3113625,47.656812,,,,0,0
,120,32270827.0,,14,0,,,,-122.3027247,47.658133500000005,,,,0,0
,121,32270954.0,,19,0,,,,-122.3038933,47.65246810000001,,,,0,0
,122,32270956.0,,19,0,,,,-122.3046185,47.6514262,,,,0,0
,123,32270957.0,crossing,19,0,,,,-122.3048197,47.6514242,,,,0,0
,124,32270960.0,,19,0,,,,-122.3062134,47.65235139999999,,,,0,0
,125,32270964.0,,19,0,,,,-122.3041514,47.6529417,,,,0,0
,126,32271047.0,crossing,14,0,,,,-122.30262169999999,47.6562241,,,,0,0
,127,32271171.0,,14,0,,,,-122.29981869999999,47.655441700000004,,,,0,0
,128,32271174.0,stop,19,0,,,,-122.3002645,47.6525679,,,,0,0
,129,32271176.0,,20,0,,,,-122.29869840000002,47.652136799999994,,,,0,0
,130,32271230.0,,15,0,,,,-122.2986102,47.6585013,,,,0,0
,131,32271233.0,,10,0,,,,-122.29387620000001,47.659550700000004,,,,0,0
,132,32271238.0,,14,0,,,,-122.30093670000001,47.655610100000004,,,,0,0
,133,32271243.0,,14,0,,,,-122.3023233,47.655037,,,,0,0
,134,32271244.0,,14,0,,,,-122.3025131,47.654863,,,,0,0
,135,32271296.0,,9,0,,,,-122.3086854,47.659763500000004,,,,0,0
,136,32271306.0,,9,0,,,,-122.30626629999999,47.6589669,,,,0,0
,137,52990047.0,,7,0,,,,-122.32144720000001,47.659473999999996,,,,0,0
,138,52990055.0,,7,0,,,,-122.32071859999999,47.663137299999995,,,,0,0
,139,53036220.0,,4,0,,,,-122.30314070000001,47.6633886,,,,0,0
,140,53043592.0,,22,0,,,,-122.3221101,47.64736729999999,,,,0,0
,141,53045051.0,,10,0,,,,-122.2901672,47.6629175,,,,0,0
,142,53045054.0,,10,0,,,,-122.29126880000001,47.6629168,,,,0,0
,143,53066593.0,,6,0,,,,-122.33969450000001,47.65917,,,,0,0
,144,53066597.0,,6,0,,,,-122.3374123,47.6591725,,,,0,0
,145,53066608.0,,7,0,,,,-122.3290011,47.6591078,,,,0,0
,146,53067169.0,,9,0,,,,-122.3044429,47.662088700000005,,,,0,0
,147,53067170.0,,9,0,,,,-122.30448249999999,47.663068700000004,,,,0,0
,148,53070289.0,,3,0,,,,-122.319552,47.6640182,,,,0,0
,149,53070330.0,,5,0,,,,-122.28923789999999,47.663582,,,,0,0
,150,53077576.0,,1,0,,,,-122.34009099999999,47.6657304,,,,0,0
,151,53079345.0,,7,0,,,,-122.3282564,47.6613585,,,,0,0
,152,53079346.0,,7,0,,,,-122.3272611,47.6613566,,,,0,0
,153,53079347.0,traffic_signals,7,1,,,,-122.32620690000002,47.661353999999996,,,,0,0
,154,53079348.0,traffic_signals,7,1,,,,-122.3251153,47.6613529,,,,0,0
,155,53079349.0,,7,0,,,,-122.32404270000002,47.6613501,,,,0,0
,156,53079355.0,,8,0,,,,-122.31954499999999,47.6613081,,,,0,0
,157,53079356.0,,8,0,,,,-122.3187932,47.6613059,,,,0,0
,158,53079357.0,,8,0,,,,-122.31838959999999,47.6613047,,,,0,0
,159,53079358.0,traffic_signals,8,1,,,,-122.3175923,47.661302299999996,,,,0,0
,160,53079359.0,traffic_signals,8,1,,,,-122.3165875,47.661297499999996,,,,0,0
,161,53079361.0,traffic_signals,8,1,,,,-122.31544850000002,47.6612934,,,,0,0
,162,53079365.0,traffic_signals,8,1,,,,-122.3131389,47.6612773,,,,0,0
,163,53079368.0,,8,0,,,,-122.31088190000001,47.6612594,,,,0,0
,164,53079372.0,traffic_signals,9,1,,,,-122.3083665,47.661244,,,,0,0
,165,53079373.0,traffic_signals,9,1,,,,-122.3072413,47.661237400000005,,,,0,0
,166,53079374.0,traffic_signals,9,1,,,,-122.306528,47.661237299999996,,,,0,0
,167,53079375.0,,9,0,,,,-122.3055895,47.6613088,,,,0,0
,168,53079376.0,,9,0,,,,-122.304948,47.661344799999995,,,,0,0
,169,53079384.0,,10,0,,,,-122.2892285,47.661124799999996,,,,0,0
,170,53080341.0,,11,0,,,,-122.3374085,47.6579398,,,,0,0
,171,53080342.0,,11,0,,,,-122.33622849999999,47.6579835,,,,0,0
,172,53080343.0,,11,0,,,,-122.33500759999998,47.657984,,,,0,0
,173,53080352.0,,12,0,,,,-122.32901670000001,47.657936799999995,,,,0,0
,174,53080353.0,,12,0,,,,-122.3282919,47.657796999999995,,,,0,0
,175,53080361.0,,11,0,,,,-122.33972859999999,47.658008200000005,,,,0,0
,176,53080363.0,,11,0,,,,-122.33862579999999,47.6580025,,,,0,0
,177,53085553.0,,6,0,,,,-122.3376663,47.6628334,,,,0,0
,178,53085554.0,,6,0,,,,-122.3364095,47.6628323,,,,0,0
,179,53085556.0,,6,0,,,,-122.33514869999999,47.66283120000001,,,,0,0
,180,53085558.0,,6,0,,,,-122.3337185,47.6628299,,,,0,0
,181,53086006.0,,21,0,,,,-122.3326949,47.648754499999995,,,,0,0
,182,53086007.0,stop,21,0,,,,-122.33269229999999,47.6491948,,,,0,0
,183,53086008.0,,16,0,,,,-122.3327019,47.6504951,,,,0,0
,184,53086010.0,,16,0,,,,-122.3326848,47.65196629999999,,,,0,0
,185,53086012.0,,16,0,,,,-122.332656,47.6531295,,,,0,0
,186,53086015.0,,11,0,,,,-122.332627,47.6555849,,,,0,0
,187,53086016.0,,11,0,,,,-122.33261189999999,47.656708,,,,0,0
,188,53086020.0,,6,0,,,,-122.33255020000001,47.6613648,,,,0,0
,189,53086022.0,,6,0,,,,-122.33253500000001,47.662622799999994,,,,0,0
,190,53091092.0,,9,0,,,,-122.3008899,47.66181160000001,,,,0,0
,191,53091094.0,,9,0,,,,-122.30089939999999,47.6631531,,,,0,0
,192,53091099.0,traffic_signals,4,1,,,,-122.300605,47.6662756,,,,0,0
,193,53092197.0,,1,0,,,,-122.33915890000002,47.665018100000005,,,,0,0
,194,53092200.0,,1,0,,,,-122.33767479999999,47.6650151,,,,0,0
,195,53092202.0,traffic_signals,1,1,,,,-122.33639769999999,47.6650124,,,,0,0
,196,53092204.0,,1,0,,,,-122.3351549,47.6650166,,,,0,0
,197,53092206.0,traffic_signals,1,1,,,,-122.33370239999999,47.6650321,,,,0,0
,198,53092211.0,,2,0,,,,-122.3305897,47.6650082,,,,0,0
,199,53092212.0,,2,0,,,,-122.32905590000001,47.6649974,,,,0,0
,200,53092213.0,,2,0,,,,-122.32826499999999,47.6649925,,,,0,0
,201,53092498.0,,12,0,,,,-122.3235103,47.6558588,,,,0,0
,202,53092499.0,,12,0,,,,-122.3234719,47.65769,,,,0,0
,203,53092522.0,,12,0,,,,-122.323195,47.655503,,,,0,0
,204,53092611.0,,7,0,,,,-122.3230021,47.6589431,,,,0,0
,205,53092613.0,,7,0,,,,-122.32294850000001,47.6601986,,,,0,0
,206,53092614.0,,2,0,,,,-122.32288429999998,47.6631705,,,,0,0
,207,53092615.0,,2,0,,,,-122.3228995,47.665701500000004,,,,0,0
,208,53092618.0,,2,0,,,,-122.3228855,47.6664136,,,,0,0
,209,53096970.0,,23,0,,,,-122.31710700000001,47.646915,,,,0,0
,210,53097721.0,,5,0,,,,-122.29676709999998,47.6663756,,,,0,0
,211,53097724.0,,5,0,,,,-122.2956446,47.6663691,,,,0,0
,212,53097790.0,,5,0,,,,-122.2901669,47.666673100000004,,,,0,0
,213,53097804.0,,2,0,,,,-122.3285899,47.666458399999996,,,,0,0
,214,53097805.0,,2,0,,,,-122.325593,47.6664403,,,,0,0
,215,53097833.0,,3,0,,,,-122.31739209999999,47.666438,,,,0,0
,216,53097834.0,,3,0,,,,-122.31630859999999,47.6664382,,,,0,0
,217,53097838.0,,3,0,,,,-122.31420209999999,47.6664322,,,,0,0
,218,53097839.0,stop,3,0,,,,-122.31305090000001,47.666428700000004,,,,0,0
,219,53097841.0,,3,0,,,,-122.3119122,47.6664236,,,,0,0
,220,53097843.0,,3,0,,,,-122.3107763,47.6664216,,,,0,0
,221,53097844.0,,4,0,,,,-122.30943729999998,47.6664124,,,,0,0
,222,53097849.0,,4,0,,,,-122.30649779999999,47.666392200000004,,,,0,0
,223,53097851.0,turning_circle,4,0,,,,-122.3060337,47.66646,,,,0,0
,224,53097853.0,,4,0,,,,-122.30439129999999,47.6664386,,,,0,0
,225,53098963.0,,4,0,,,,-122.30112700000001,47.666284999999995,,,,0,0
,226,53098965.0,,4,0,,,,-122.3019237,47.667002399999994,,,,0,0
,227,53099776.0,traffic_signals,22,1,,,,-122.32212890000001,47.648708500000005,,,,0,0
,228,53100732.0,,17,0,,,,-122.3268439,47.653628000000005,,,,0,0
,229,53100735.0,,12,0,,,,-122.326854,47.6544314,,,,0,0
,230,53100737.0,,12,0,,,,-122.32683940000001,47.655544,,,,0,0
,231,53100739.0,,12,0,,,,-122.32677790000001,47.657692499999996,,,,0,0
,232,53100752.0,,12,0,,,,-122.32728529999999,47.6576958,,,,0,0
,233,53100758.0,,7,0,,,,-122.3272707,47.662626,,,,0,0
,234,53100759.0,,7,0,,,,-122.3272126,47.6631627,,,,0,0
,235,53100762.0,,2,0,,,,-122.32718929999999,47.664987700000005,,,,0,0
,236,53108134.0,,5,0,,,,-122.29852350000002,47.667123700000005,,,,0,0
,237,53108135.0,,5,0,,,,-122.2967346,47.6671205,,,,0,0
,238,53108136.0,,5,0,,,,-122.29561880000001,47.6671378,,,,0,0
,239,53108150.0,,2,0,,,,-122.32068740000001,47.6671342,,,,0,0
,240,53108157.0,,4,0,,,,-122.3034119,47.667134000000004,,,,0,0
,241,53108344.0,,15,0,,,,-122.28928970000001,47.6584215,,,,0,0
,242,53108345.0,,10,0,,,,-122.28927309999999,47.6591532,,,,0,0
,243,53108347.0,,10,0,,,,-122.28925749999999,47.6598409,,,,0,0
,244,53108348.0,,10,0,,,,-122.2892419,47.6605315,,,,0,0
,245,53108362.0,,10,0,,,,-122.2892277,47.661525299999994,,,,0,0
,246,53108364.0,,10,0,,,,-122.2892317,47.66259779999999,,,,0,0
,247,53108366.0,,5,0,,,,-122.28924599999999,47.664891600000004,,,,0,0
,248,53108420.0,,4,0,,,,-122.30191620000001,47.6659111,,,,0,0
,249,53108478.0,,9,0,,,,-122.3017128,47.6631436,,,,0,0
,250,53108480.0,,4,0,,,,-122.30173070000001,47.6644095,,,,0,0
,251,53109829.0,,12,0,,,,-122.32456280000001,47.6557889,,,,0,0
,252,53109830.0,,12,0,,,,-122.3245351,47.65769829999999,,,,0,0
,253,53109836.0,,12,0,,,,-122.3245534,47.6548509,,,,0,0
,254,53109847.0,,12,0,,,,-122.3245658,47.6550965,,,,0,0
,255,53109848.0,,12,0,,,,-122.3245588,47.655536,,,,0,0
,256,53109850.0,,12,0,,,,-122.32409840000001,47.65769,,,,0,0
,257,53109854.0,,7,0,,,,-122.3240186,47.663164,,,,0,0
,258,53109857.0,,2,0,,,,-122.32399170000001,47.6649734,,,,0,0
,259,53115843.0,,9,0,,,,-122.3083477,47.6630825,,,,0,0
,260,53115845.0,,4,0,,,,-122.3083122,47.6648789,,,,0,0
,261,53120147.0,,10,0,,,,-122.29153500000001,47.661958899999995,,,,0,0
,262,53120148.0,,10,0,,,,-122.290754,47.662367700000004,,,,0,0
,263,53120149.0,,10,0,,,,-122.2902966,47.662625899999995,,,,0,0
,264,53120709.0,,11,0,,,,-122.3399002,47.6556649,,,,0,0
,265,53120711.0,,11,0,,,,-122.3386387,47.6556596,,,,0,0
,266,53120712.0,,11,0,,,,-122.3374594,47.6556545,,,,0,0
,267,53120713.0,traffic_signals,11,1,,,,-122.3362586,47.6556494,,,,0,0
,268,53120715.0,,11,0,,,,-122.33506170000001,47.6556465,,,,0,0
,269,53120716.0,,11,0,,,,-122.33382390000001,47.655619200000004,,,,0,0
,270,53120717.0,,11,0,,,,-122.33142590000001,47.655576399999994,,,,0,0
,271,53120718.0,,12,0,,,,-122.33024099999999,47.655568,,,,0,0
,272,53120719.0,,12,0,,,,-122.329049,47.655559600000004,,,,0,0
,273,53120720.0,,12,0,,,,-122.32786019999999,47.655551200000005,,,,0,0
,274,53122135.0,,22,0,,,,-122.3234358,47.6487994,,,,0,0
,275,53122136.0,traffic_signals,17,1,,,,-122.322138,47.650474200000005,,,,0,0
,276,53122137.0,traffic_signals,17,1,,,,-122.32130690000001,47.6515531,,,,0,0
,277,53123871.0,,10,0,,,,-122.2902377,47.6615884,,,,0,0
,278,53123873.0,,5,0,,,,-122.29017320000001,47.6648896,,,,0,0
,279,53125560.0,,17,0,,,,-122.3278912,47.6536794,,,,0,0
,280,53125562.0,,12,0,,,,-122.32569690000001,47.654867700000004,,,,0,0
,281,53130085.0,,22,0,,,,-122.32210390000002,47.6469269,,,,0,0
,282,53130089.0,,22,0,,,,-122.3221126,47.6478384,,,,0,0
,283,53132611.0,,2,0,,,,-122.3298138,47.666108,,,,0,0
,284,53136546.0,stop,13,0,,,,-122.31439040000001,47.6568501,,,,0,0
,285,53136548.0,traffic_signals,13,1,,,,-122.31436599999999,47.6583417,,,,0,0
,286,53136552.0,stop,8,0,,,,-122.3142469,47.6630996,,,,0,0
,287,53136555.0,traffic_signals,3,1,,,,-122.31422520000001,47.6649085,,,,0,0
,288,53139144.0,,17,0,,,,-122.3302317,47.651603,,,,0,0
,289,53139148.0,,17,0,,,,-122.3302726,47.6531141,,,,0,0
,290,53139152.0,,12,0,,,,-122.3302301,47.656698999999996,,,,0,0
,291,53139156.0,traffic_signals,7,1,,,,-122.33017040000001,47.661362100000005,,,,0,0
,292,53139157.0,,7,0,,,,-122.3301602,47.6626185,,,,0,0
,293,53149278.0,traffic_signals,13,1,,,,-122.3177781,47.658384399999996,,,,0,0
,294,53149282.0,traffic_signals,13,1,,,,-122.31666740000001,47.6583697,,,,0,0
,295,53149288.0,traffic_signals,13,1,,,,-122.31321899999999,47.6583245,,,,0,0
,296,53149312.0,,12,0,,,,-122.32783219999999,47.6576995,,,,0,0
,297,53149313.0,,12,0,,,,-122.32624979999999,47.657689000000005,,,,0,0
,298,53149315.0,,12,0,,,,-122.32569309999998,47.6577008,,,,0,0
,299,53149316.0,,12,0,,,,-122.3251604,47.6577001,,,,0,0
,300,53149325.0,,12,0,,,,-122.3218821,47.6575104,,,,0,0
,301,53149326.0,,13,0,,,,-122.319795,47.6575135,,,,0,0
,302,53149328.0,,13,0,,,,-122.3187972,47.6575053,,,,0,0
,303,53149329.0,traffic_signals,13,1,,,,-122.31779509999998,47.657498600000004,,,,0,0
,304,53149368.0,,10,0,,,,-122.2901867,47.6591635,,,,0,0
,305,53155429.0,,5,0,,,,-122.2934216,47.664091600000006,,,,0,0
,306,53155431.0,,5,0,,,,-122.29344609999998,47.66488270000001,,,,0,0
,307,53155615.0,,16,0,,,,-122.3402169,47.6505006,,,,0,0
,308,53155616.0,,16,0,,,,-122.3393316,47.650498999999996,,,,0,0
,309,53155619.0,,16,0,,,,-122.3387179,47.65050120000001,,,,0,0
,310,53155624.0,,16,0,,,,-122.3375045,47.6504934,,,,0,0
,311,53155626.0,,16,0,,,,-122.33632469999999,47.650495,,,,0,0
,312,53155632.0,,21,0,,,,-122.33139340000001,47.64987,,,,0,0
,313,53155793.0,,9,0,,,,-122.30951770000001,47.66308529999999,,,,0,0
,314,53155794.0,,4,0,,,,-122.309454,47.6648857,,,,0,0
,315,53162531.0,,5,0,,,,-122.2956372,47.6648781,,,,0,0
,316,53162533.0,,5,0,,,,-122.294431,47.664880600000004,,,,0,0
,317,53162536.0,,5,0,,,,-122.29239440000002,47.6648849,,,,0,0
,318,53162539.0,,5,0,,,,-122.2912783,47.6648873,,,,0,0
,319,53162642.0,,2,0,,,,-122.32613710000001,47.66498370000001,,,,0,0
,320,53162643.0,,2,0,,,,-122.3256155,47.6649818,,,,0,0
,321,53162644.0,,2,0,,,,-122.3250371,47.66497879999999,,,,0,0
,322,53162652.0,,3,0,,,,-122.31953259999999,47.664953600000004,,,,0,0
,323,53162654.0,traffic_signals,3,1,,,,-122.31841990000001,47.6649428,,,,0,0
,324,53162656.0,traffic_signals,3,1,,,,-122.3174112,47.6649297,,,,0,0
,325,53162658.0,traffic_signals,3,1,,,,-122.31632979999999,47.6649336,,,,0,0
,326,53162660.0,traffic_signals,3,1,,,,-122.31523100000001,47.6649211,,,,0,0
,327,53162661.0,traffic_signals,3,1,,,,-122.3130618,47.6648984,,,,0,0
,328,53162662.0,traffic_signals,3,1,,,,-122.3119594,47.6648936,,,,0,0
,329,53162664.0,,3,0,,,,-122.31079270000001,47.664892200000004,,,,0,0
,330,53162667.0,,4,0,,,,-122.30718870000001,47.6648671,,,,0,0
,331,53163625.0,,12,0,,,,-122.3219146,47.6559216,,,,0,0
,332,53163628.0,,12,0,,,,-122.32187340000002,47.6582093,,,,0,0
,333,53169674.0,,1,0,,,,-122.33107720000001,47.6657597,,,,0,0
,334,53170626.0,,10,0,,,,-122.2912758,47.6626811,,,,0,0
,335,53170628.0,,5,0,,,,-122.29280359999998,47.663571399999995,,,,0,0
,336,53174075.0,,8,0,,,,-122.31084369999999,47.663079499999995,,,,0,0
,337,53174309.0,,7,0,,,,-122.32826429999999,47.6626158,,,,0,0
,338,53174369.0,,9,0,,,,-122.3032955,47.6618025,,,,0,0
,339,53174590.0,,13,0,,,,-122.3177922,47.6569044,,,,0,0
,340,53174592.0,,13,0,,,,-122.3166996,47.656878999999996,,,,0,0
,341,53174593.0,,13,0,,,,-122.3155624,47.656864,,,,0,0
,342,53174594.0,,13,0,,,,-122.31325819999999,47.656837100000004,,,,0,0
,343,53174601.0,,10,0,,,,-122.290834,47.6587666,,,,0,0
,344,53175980.0,,13,0,,,,-122.31978640000001,47.655859899999996,,,,0,0
,345,53175981.0,,8,0,,,,-122.319776,47.6594526,,,,0,0
,346,53181135.0,,1,0,,,,-122.33766909999999,47.663556400000004,,,,0,0
,347,53181139.0,,1,0,,,,-122.33640559999999,47.6635566,,,,0,0
,348,53181142.0,,1,0,,,,-122.3351508,47.6635567,,,,0,0
,349,53181144.0,,1,0,,,,-122.33371640000001,47.6635566,,,,0,0
,350,53181414.0,,9,0,,,,-122.30653079999999,47.6630749,,,,0,0
,351,53182378.0,,12,0,,,,-122.32646470000002,47.655541299999996,,,,0,0
,352,53182381.0,,7,0,,,,-122.32512279999999,47.6589473,,,,0,0
,353,53182382.0,,7,0,,,,-122.3251186,47.6602143,,,,0,0
,354,53182383.0,,7,0,,,,-122.32507179999999,47.66316,,,,0,0
,355,53182384.0,,2,0,,,,-122.32560590000001,47.665712799999994,,,,0,0
,356,53185776.0,,21,0,,,,-122.33517549999999,47.646836799999996,,,,0,0
,357,53185777.0,,21,0,,,,-122.33516350000001,47.6480369,,,,0,0
,358,53185779.0,,16,0,,,,-122.3351136,47.651977200000005,,,,0,0
,359,53185780.0,,16,0,,,,-122.3350794,47.6531456,,,,0,0
,360,53185781.0,,16,0,,,,-122.3350815,47.6542938,,,,0,0
,361,53185782.0,,11,0,,,,-122.3350505,47.6568094,,,,0,0
,362,53185784.0,,6,0,,,,-122.3351446,47.661368700000004,,,,0,0
,363,53185785.0,,6,0,,,,-122.3351467,47.6621309,,,,0,0
,364,53185786.0,,1,0,,,,-122.33515279999999,47.664284,,,,0,0
,365,53185822.0,,6,0,,,,-122.34067140000002,47.6613768,,,,0,0
,366,53185824.0,,6,0,,,,-122.33857179999998,47.661373700000006,,,,0,0
,367,53185825.0,traffic_signals,6,1,,,,-122.33737169999999,47.661372,,,,0,0
,368,53185826.0,traffic_signals,6,1,,,,-122.33641750000001,47.661370500000004,2.0,,,0,0
,369,53185827.0,traffic_signals,6,1,,,,-122.3361874,47.66137020000001,2.0,,,0,0
,370,53185828.0,traffic_signals,6,1,,,,-122.33375,47.6613666,,,,0,0
,371,53185829.0,,6,0,,,,-122.33137250000001,47.6613631,,,,0,0
,372,53185830.0,,7,0,,,,-122.32898090000002,47.661359600000004,,,,0,0
,373,53186592.0,,5,0,,,,-122.29852340000002,47.6663817,,,,0,0
,374,53187521.0,,7,0,,,,-122.3208168,47.6594668,,,,0,0
,375,53190909.0,,4,0,,,,-122.3021906,47.6657344,,,,0,0
,376,53190910.0,,4,0,,,,-122.29955840000001,47.666380600000004,,,,0,0
,377,53190911.0,,5,0,,,,-122.2967848,47.6659689,,,,0,0
,378,53190912.0,,5,0,,,,-122.29579380000001,47.6652682,,,,0,0
,379,53190913.0,,5,0,,,,-122.29562290000001,47.664612,,,,0,0
,380,53190914.0,,10,0,,,,-122.29360179999999,47.66311470000001,,,,0,0
,381,53193953.0,traffic_signals,8,1,,,,-122.31310020000001,47.6630965,,,,0,0
,382,53196149.0,,6,0,,,,-122.3385876,47.660315600000004,,,,0,0
,383,53196150.0,,6,0,,,,-122.33739579999998,47.660315999999995,,,,0,0
,384,53196151.0,,6,0,,,,-122.33619850000001,47.6603144,,,,0,0
,385,53196350.0,,13,0,,,,-122.31880149999999,47.655725700000005,,,,0,0
,386,53196353.0,traffic_signals,13,1,,,,-122.3155893,47.6562376,,,,0,0
,387,53197398.0,,4,0,,,,-122.30343119999999,47.6657487,,,,0,0
,388,53199797.0,traffic_signals,21,1,,,,-122.3363562,47.6480411,,,,0,0
,389,53199798.0,,21,0,,,,-122.3363413,47.6491984,,,,0,0
,390,53199799.0,,16,0,,,,-122.33630559999999,47.6519828,,,,0,0
,391,53199800.0,,16,0,,,,-122.3362905,47.65315379999999,,,,0,0
,392,53199801.0,,16,0,,,,-122.3362758,47.6543018,,,,0,0
,393,53199802.0,,11,0,,,,-122.33624350000001,47.65681179999999,,,,0,0
,394,53199826.0,,6,0,,,,-122.33641340000001,47.662124600000006,,,,0,0
,395,53199827.0,,1,0,,,,-122.3364017,47.66428270000001,,,,0,0
,396,53199828.0,,1,0,,,,-122.33639369999999,47.6657485,,,,0,0
,397,53200213.0,,7,0,,,,-122.3262213,47.6589456,,,,0,0
,398,53200215.0,,7,0,,,,-122.3261699,47.6631647,,,,0,0
,399,53204594.0,,22,0,,,,-122.3270682,47.6456262,,,,0,0
,400,53204771.0,,16,0,,,,-122.3314811,47.650594399999996,,,,0,0
,401,53204773.0,,16,0,,,,-122.33147620000001,47.6531213,,,,0,0
,402,53204775.0,,11,0,,,,-122.33142279999998,47.656705200000005,,,,0,0
,403,53204776.0,,6,0,,,,-122.3313541,47.6626148,,,,0,0
,404,53204777.0,turning_circle,6,0,,,,-122.33135530000001,47.663137400000004,,,,0,0
,405,53207044.0,,1,0,,,,-122.33370249999999,47.665762799999996,,,,0,0
,406,53207045.0,,2,0,,,,-122.3282981,47.665727000000004,,,,0,0
,407,53209107.0,,23,0,,,,-122.3184728,47.64846,,,,0,0
,408,53209108.0,,23,0,,,,-122.31874769999999,47.6487576,,,,0,0
,409,53209109.0,,23,0,,,,-122.31978600000001,47.6499092,,,,0,0
,410,53209110.0,,17,0,,,,-122.3204882,47.65071,,,,0,0
,411,53209111.0,,17,0,,,,-122.3214888,47.6516283,,,,0,0
,412,53209229.0,,5,0,,,,-122.29553419999999,47.663692100000006,,,,0,0
,413,53211487.0,,22,0,,,,-122.3207466,47.6486973,,,,0,0
,414,53211488.0,,22,0,,,,-122.3250128,47.649344299999996,,,,0,0
,415,53211490.0,,22,0,,,,-122.32446470000001,47.6491283,,,,0,0
,416,53212696.0,stop,8,0,,,,-122.3154933,47.6598148,,,,0,0
,417,53212697.0,stop,8,0,,,,-122.3152615,47.6631044,,,,0,0
,418,53212918.0,,22,0,,,,-122.32126650000001,47.6498189,,,,0,0
,419,53214950.0,,16,0,,,,-122.3393257,47.6520016,,,,0,0
,420,53214951.0,,16,0,,,,-122.33869150000001,47.6519979,,,,0,0
,421,53214952.0,,16,0,,,,-122.3374777,47.6519909,,,,0,0
,422,53214954.0,,17,0,,,,-122.32972859999998,47.6519461,,,,0,0
,423,53215078.0,,6,0,,,,-122.3376636,47.6621185,,,,0,0
,424,53215079.0,,1,0,,,,-122.337672,47.6642814,,,,0,0
,425,53215086.0,,21,0,,,,-122.33755670000001,47.6468446,,,,0,0
,426,53215087.0,,21,0,,,,-122.33752690000001,47.648045399999994,,,,0,0
,427,53215088.0,,21,0,,,,-122.33751950000001,47.649202700000004,,,,0,0
,428,53215089.0,,16,0,,,,-122.3374945,47.6531654,,,,0,0
,429,53215090.0,,16,0,,,,-122.33748929999999,47.6543037,,,,0,0
,430,53215091.0,,11,0,,,,-122.3374496,47.6568206,,,,0,0
,431,53216612.0,,9,0,,,,-122.3072095,47.66306289999999,,,,0,0
,432,53218390.0,,21,0,,,,-122.340415,47.648171500000004,,,,0,0
,433,53218392.0,,21,0,,,,-122.3387382,47.6480559,,,,0,0
,434,53218393.0,,21,0,,,,-122.3339129,47.6480324,,,,0,0
,435,53218394.0,,21,0,,,,-122.3330951,47.6482381,,,,0,0
,436,53218757.0,,11,0,,,,-122.33973329999999,47.6568354,,,,0,0
,437,53218758.0,,11,0,,,,-122.3386264,47.656828000000004,,,,0,0
,438,53221726.0,,1,0,,,,-122.34076770000001,47.6642809,,,,0,0
,439,53222286.0,,17,0,,,,-122.32909099999999,47.652486700000004,,,,0,0
,440,53222287.0,,17,0,,,,-122.3290774,47.6531063,,,,0,0
,441,53222288.0,,17,0,,,,-122.32905819999999,47.6542903,,,,0,0
,442,53222289.0,,7,0,,,,-122.32897150000001,47.662617299999994,,,,0,0
,443,53222750.0,traffic_signals,8,1,,,,-122.31741969999999,47.6631146,,,,0,0
,444,53222751.0,traffic_signals,8,1,,,,-122.31635559999998,47.6631096,,,,0,0
,445,53222752.0,traffic_signals,8,1,,,,-122.31196729999999,47.6630915,,,,0,0
,446,53222753.0,,9,0,,,,-122.3054723,47.6630715,,,,0,0
,447,53224597.0,,8,0,,,,-122.317746,47.65984279999999,,,,0,0
,448,53224598.0,traffic_signals,8,1,,,,-122.3166219,47.65982879999999,,,,0,0
,449,53224606.0,,8,0,,,,-122.31878940000001,47.659456,,,,0,0
,450,53224607.0,,8,0,,,,-122.3177576,47.659457,,,,0,0
,451,53224614.0,,10,0,,,,-122.2900982,47.659848,,,,0,0
,452,53225161.0,,1,0,,,,-122.3337144,47.6642855,,,,0,0
,453,53226024.0,,10,0,,,,-122.29015120000001,47.660543100000005,,,,0,0
,454,53227226.0,,16,0,,,,-122.3338419,47.654298499999996,,,,0,0
,455,53227227.0,,6,0,,,,-122.33372250000001,47.6621344,,,,0,0
,456,53227228.0,,6,0,,,,-122.3337192,47.662630799999995,,,,0,0
,457,53227451.0,,16,0,,,,-122.33931979999998,47.6531735,,,,0,0
,458,53227452.0,,16,0,,,,-122.33868000000001,47.65317,,,,0,0
,459,53228493.0,,21,0,,,,-122.34024009999999,47.6492229,,,,0,0
,460,53228494.0,,16,0,,,,-122.3401905,47.65269310000001,,,,0,0
,461,53228496.0,,16,0,,,,-122.34014979999999,47.654305900000004,,,,0,0
,462,53228497.0,,11,0,,,,-122.3400084,47.6551021,,,,0,0
,463,53237795.0,,21,0,,,,-122.3388521,47.6473204,,,,0,0
,464,53237796.0,,21,0,,,,-122.33872679999999,47.6492116,,,,0,0
,465,53237797.0,,16,0,,,,-122.3386865,47.6526815,,,,0,0
,466,53237798.0,,16,0,,,,-122.33862240000002,47.6543046,,,,0,0
,467,53237970.0,,16,0,,,,-122.3392807,47.6543019,,,,0,0
,468,53237971.0,,17,0,,,,-122.3284364,47.65428970000001,,,,0,0
,469,53240320.0,,21,0,,,,-122.33936640000002,47.6492164,,,,0,0
,470,53240321.0,,16,0,,,,-122.33931869999999,47.6526864,,,,0,0
,471,53248643.0,,21,0,,,,-122.33242379999999,47.6491924,,,,0,0
,472,53253851.0,,17,0,,,,-122.32871850000001,47.653107399999996,,,,0,0
,473,53386438.0,,5,0,,,,-122.2956294,47.6641164,,,,0,0
,474,54029891.0,,9,0,,,,-122.30572820000002,47.661205700000004,,,,0,0
,475,59594003.0,,13,0,,,,-122.3167088,47.656381599999996,,,,0,0
,476,59594004.0,,17,0,,,,-122.32117530000001,47.651722799999995,,,,0,0
,477,59594007.0,,13,0,,,,-122.3185655,47.655078100000004,,,,0,0
,478,59594008.0,,13,0,,,,-122.31831650000001,47.6554159,,,,0,0
,479,59594009.0,,13,0,,,,-122.3180435,47.655803999999996,,,,0,0
,480,59594011.0,,13,0,,,,-122.31766670000002,47.6563201,,,,0,0
,481,59594017.0,,13,0,,,,-122.3178127,47.656544200000006,,,,0,0
,482,59594019.0,,13,0,,,,-122.3178529,47.656302200000006,,,,0,0
,483,59594020.0,,13,0,,,,-122.3179054,47.6561341,,,,0,0
,484,59594021.0,,13,0,,,,-122.31761770000001,47.656250899999996,,,,0,0
,485,59594024.0,,13,0,,,,-122.31813840000001,47.6561653,,,,0,0
,486,59594031.0,stop,13,0,,,,-122.31836750000001,47.655559000000004,,,,0,0
,487,59594032.0,,13,0,,,,-122.31837309999999,47.65539329999999,,,,0,0
,488,59594041.0,,13,0,,,,-122.3187993,47.655814,,,,0,0
,489,59594042.0,,13,0,,,,-122.31820549999999,47.6554218,,,,0,0
,490,59594054.0,,13,0,,,,-122.3173961,47.65542979999999,,,,0,0
,491,59594055.0,,13,0,,,,-122.3174692,47.655403,,,,0,0
,492,59594310.0,,13,0,,,,-122.31741310000001,47.656027200000004,,,,0,0
,493,59594312.0,,13,0,,,,-122.31704850000001,47.6560278,,,,0,0
,494,59594313.0,traffic_signals,13,1,,,,-122.31205779999999,47.655955600000006,,,,0,0
,495,59594314.0,traffic_signals,13,1,,,,-122.3144088,47.6559852,,,,0,0
,496,59594315.0,traffic_signals,13,1,,,,-122.31328700000002,47.655967,,,,0,0
,497,59594344.0,traffic_signals,13,1,,,,-122.31559920000001,47.656004700000004,,,,0,0
,498,59594360.0,,7,0,,,,-122.3208297,47.660123399999996,,,,0,0
,499,59594361.0,,7,0,,,,-122.3209357,47.6620713,,,,0,0
,500,59699628.0,stop,12,0,,,,-122.32568559999999,47.6556616,,,,0,0
,501,59699630.0,,12,0,,,,-122.3255682,47.6555348,,,,0,0
,502,59710827.0,,10,0,,,,-122.29209660000001,47.660320399999996,,,,0,0
,503,59711139.0,,8,0,,,,-122.3177066,47.6610443,,,,0,0
,504,59711142.0,,8,0,,,,-122.3174545,47.661676299999996,,,,0,0
,505,59711144.0,,8,0,,,,-122.31978240000001,47.661309,,,,0,0
,506,59711150.0,,9,0,,,,-122.30465259999998,47.661812,,,,0,0
,507,59712532.0,,4,0,,,,-122.3096043,47.666413299999995,,,,0,0
,508,59712533.0,,4,0,,,,-122.30962360000001,47.66488629999999,,,,0,0
,509,59712534.0,,9,0,,,,-122.3096742,47.663084999999995,,,,0,0
,510,59712558.0,,9,0,,,,-122.3089405,47.6612474,,,,0,0
,511,59712562.0,,9,0,,,,-122.3077743,47.6630787,,,,0,0
,512,59712833.0,,3,0,,,,-122.31021240000001,47.6648894,,,,0,0
,513,59712834.0,,8,0,,,,-122.31029529999999,47.6630864,,,,0,0
,514,59712855.0,,3,0,,,,-122.3113693,47.664894700000005,,,,0,0
,515,59713094.0,,3,0,,,,-122.3136426,47.664905600000004,,,,0,0
,516,59713113.0,,8,0,,,,-122.31491640000002,47.6598077,,,,0,0
,517,59713124.0,,3,0,,,,-122.3158047,47.66492720000001,,,,0,0
,518,59713125.0,,8,0,,,,-122.31582079999998,47.663107000000004,,,,0,0
,519,59713133.0,,8,0,,,,-122.31601859999999,47.6612964,,,,0,0
,520,59713144.0,,8,0,,,,-122.316927,47.6612987,,,,0,0
,521,59713256.0,crossing,19,0,,,,-122.30738590000001,47.650609499999995,,,,0,0
,522,59713262.0,,19,0,,,,-122.3066347,47.6505516,,,,0,0
,523,59713263.0,,19,0,,,,-122.3066676,47.6500721,,,,0,0
,524,59713403.0,,8,0,,,,-122.31898329999999,47.6613064,,,,0,0
,525,59713408.0,stop,13,0,,,,-122.31676680000001,47.6549245,,,,0,0
,526,59713409.0,crossing,13,0,,,,-122.3168098,47.6548366,,,,0,0
,527,59713412.0,,18,0,,,,-122.31681429999999,47.65425220000001,,,,0,0
,528,59948317.0,,4,0,,,,-122.30089960000001,47.6632925,,,,0,0
,529,59948337.0,,9,0,,,,-122.30089209999998,47.6613832,,,,0,0
,530,59948338.0,,9,0,,,,-122.3009034,47.660946700000004,,,,0,0
,531,59948458.0,traffic_signals,8,1,,,,-122.31197209999999,47.661267200000005,,,,0,0
,532,59996039.0,,6,0,,,,-122.33499340000002,47.6613684,,,,0,0
,533,59998103.0,,12,0,,,,-122.32569609999999,47.654793700000006,,,,0,0
,534,60649444.0,,20,0,,,,-122.2977645,47.6540635,,,,0,0
,535,60649526.0,,15,0,,,,-122.29671780000001,47.6582145,,,,0,0
,536,60649529.0,,15,0,,,,-122.2967074,47.6586511,,,,0,0
,537,60649689.0,,19,0,,,,-122.30002560000001,47.6539056,,,,0,0
,538,60976399.0,stop,13,0,,,,-122.31331259999999,47.655339,,,,0,0
,539,124205963.0,,2,0,,,,-122.32260149999999,47.6649659,,,,0,0
,540,124205971.0,,2,0,,,,-122.32160590000001,47.66495689999999,,,,0,0
,541,124205978.0,,7,0,,,,-122.3226603,47.661336299999995,,,,0,0
,542,124205985.0,,7,0,,,,-122.32166000000001,47.6613223,,,,0,0
,543,206250115.0,,13,0,,,,-122.31880109999999,47.6561094,,,,0,0
,544,390508748.0,,22,0,,,,-122.32284209999999,47.6477096,,,,0,0
,545,478469541.0,,13,0,,,,-122.31777450000001,47.6561574,,,,0,0
,546,478469559.0,traffic_signals,13,1,,,,-122.31781459999999,47.656098,,,,0,0
,547,478469568.0,,13,0,,,,-122.3178437,47.656141299999994,,,,0,0
,548,479736003.0,,7,0,,,,-122.3228774,47.6605771,,,,0,0
,549,504957981.0,,21,0,,,,-122.33598559999999,47.6468388,,,,0,0
,550,504958017.0,,21,0,,,,-122.3344993,47.6468315,,,,0,0
,551,619090917.0,,5,0,,,,-122.29852340000002,47.6662012,,,,0,0
,552,620400211.0,,13,0,,,,-122.31140149999999,47.6554164,,,,0,0
,553,632049284.0,crossing,18,0,,,,-122.3131649,47.6523774,,,,0,0
,554,632049298.0,crossing,18,0,,,,-122.310025,47.6527325,,,,0,0
,555,647323520.0,stop,13,0,,,,-122.31038819999999,47.65497620000001,,,,0,0
,556,660936472.0,,1,0,,,,-122.3310535,47.6650115,,,,0,0
,557,668468644.0,crossing,12,0,,,,-122.3207044,47.6557919,,,,0,0
,558,677188019.0,,2,0,,,,-122.32071570000001,47.664463700000006,,,,0,0
,559,680388955.0,,18,0,,,,-122.31216270000002,47.6507003,,,,0,0
,560,680389132.0,,24,0,,,,-122.3088233,47.648486,,,,0,0
,561,683045980.0,,1,0,,,,-122.3325459,47.663171500000004,,,,0,0
,562,686161097.0,,19,0,,,,-122.3019703,47.6515537,,,,0,0
,563,686161225.0,,19,0,,,,-122.300036,47.6512941,,,,0,0
,564,770847124.0,,17,0,,,,-122.32181010000001,47.649995600000004,,,,0,0
,565,770862373.0,,18,0,,,,-122.3195781,47.6541656,,,,0,0
,566,799291203.0,traffic_signals,9,1,,,,-122.3011591,47.6591658,,,,0,0
,567,799291217.0,,24,0,,,,-122.3058021,47.6496412,,,,0,0
,568,828165130.0,,24,0,,,,-122.3046154,47.648030299999995,,,,0,0
,569,978142384.0,,13,0,,,,-122.31824750000001,47.655506700000004,,,,0,0
,570,978142385.0,,13,0,,,,-122.31813989999999,47.6556591,,,,0,0
,571,995560164.0,,14,0,,,,-122.3022288,47.6558134,,,,0,0
,572,995560168.0,,14,0,,,,-122.30215109999999,47.655648600000006,,,,0,0
,573,995560190.0,,24,0,,,,-122.2992713,47.6494713,,,,0,0
,574,1180844482.0,,5,0,,,,-122.2956193,47.664409899999995,,,,0,0
,575,1222221757.0,,12,0,,,,-122.3217318,47.6570344,,,,0,0
,576,1388978473.0,,2,0,,,,-122.32200690000002,47.6653526,,,,0,0
,577,1437096596.0,,24,0,,,,-122.30462539999999,47.6469045,,,,0,0
,578,1492981593.0,,10,0,,,,-122.2956294,47.661215500000004,,,,0,0
,579,1704986297.0,,11,0,,,,-122.33379540000001,47.6579684,,,,0,0
,580,1704986585.0,,7,0,,,,-122.3301919,47.6591101,,,,0,0
,581,1704986642.0,,6,0,,,,-122.33137759999998,47.6591177,,,,0,0
,582,1704986828.0,,6,0,,,,-122.3325712,47.6591283,,,,0,0
,583,1704987110.0,,6,0,,,,-122.333786,47.659139,,,,0,0
,584,1704988210.0,,6,0,,,,-122.3386055,47.659161,,,,0,0
,585,1704988735.0,,6,0,,,,-122.3350199,47.659149,,,,0,0
,586,1704992197.0,,6,0,,,,-122.3406646,47.662125200000006,,,,0,0
,587,1704992907.0,,3,0,,,,-122.31839309999998,47.6640145,,,,0,0
,588,1705067681.0,,11,0,,,,-122.33140559999998,47.657948499999996,,,,0,0
,589,1705067798.0,,11,0,,,,-122.33260209999999,47.6579585,,,,0,0
,590,1705068815.0,,12,0,,,,-122.33020659999998,47.6579413,,,,0,0
,591,1705093593.0,,21,0,,,,-122.333895,47.649192600000006,,,,0,0
,592,1705093777.0,,21,0,,,,-122.33515190000001,47.6491979,,,,0,0
,593,1705095303.0,,16,0,,,,-122.3339,47.6505011,,,,0,0
,594,1705096152.0,,16,0,,,,-122.33148329999999,47.6519562,,,,0,0
,595,1705096181.0,,16,0,,,,-122.3338757,47.6519701,,,,0,0
,596,1705096928.0,,16,0,,,,-122.33385179999999,47.6531373,,,,0,0
,597,1705097894.0,,16,0,,,,-122.3314592,47.654299,,,,0,0
,598,1705098558.0,,16,0,,,,-122.33264740000001,47.65429520000001,,,,0,0
,599,1705099407.0,,17,0,,,,-122.3302757,47.6542958,,,,0,0
,600,1705100606.0,,11,0,,,,-122.33379540000001,47.6567597,,,,0,0
,601,1705101307.0,,7,0,,,,-122.32828810000001,47.6589489,,,,0,0
,602,1705101684.0,,7,0,,,,-122.32728370000001,47.6589473,,,,0,0
,603,1705101722.0,,7,0,,,,-122.32828729999999,47.659104799999994,,,,0,0
,604,1705102088.0,,7,0,,,,-122.32829140000001,47.6602521,,,,0,0
,605,1705102636.0,,7,0,,,,-122.3272642,47.660224799999995,,,,0,0
,606,1705102741.0,,6,0,,,,-122.33138149999999,47.660288200000004,,,,0,0
,607,1705102883.0,,7,0,,,,-122.3301878,47.6602823,,,,0,0
,608,1705103822.0,,6,0,,,,-122.332574,47.6602941,,,,0,0
,609,1705104204.0,,6,0,,,,-122.33376670000001,47.6603,,,,0,0
,610,1705107916.0,,6,0,,,,-122.3350063,47.6603061,,,,0,0
,611,1705108727.0,,7,0,,,,-122.32899280000001,47.660276399999994,,,,0,0
,612,1709147251.0,,13,0,,,,-122.3155207,47.6583546,,,,0,0
,613,1709148073.0,,7,0,,,,-122.3240697,47.6589386,,,,0,0
,614,1709148087.0,,7,0,,,,-122.3240697,47.6589403,,,,0,0
,615,1709151929.0,,7,0,,,,-122.32406170000002,47.6602067,,,,0,0
,616,1709153664.0,,7,0,,,,-122.3209334,47.6607883,,,,0,0
,617,1709153838.0,traffic_signals,7,1,,,,-122.32076289999999,47.6613125,1.0,,,0,0
,618,1709153848.0,traffic_signals,7,1,,,,-122.32092879999999,47.661314000000004,1.0,,,0,0
,619,1709158145.0,,8,0,,,,-122.31838710000001,47.6631244,,,,0,0
,620,1709158274.0,,8,0,,,,-122.3195592,47.6631334,,,,0,0
,621,1709159017.0,,4,0,,,,-122.30716869999999,47.6663966,,,,0,0
,622,1709159161.0,,4,0,,,,-122.30830060000001,47.6664075,,,,0,0
,623,1709161402.0,,3,0,,,,-122.315233,47.6664384,,,,0,0
,624,1709161442.0,,3,0,,,,-122.319528,47.6671245,,,,0,0
,625,1717301461.0,turning_circle,21,0,,,,-122.3369855,47.64585,,,,0,0
,626,1724842234.0,,15,0,,,,-122.29347820000001,47.6582984,,,,0,0
,627,1725944934.0,,24,0,,,,-122.30038190000002,47.6488144,,,,0,0
,628,1725944956.0,,23,0,,,,-122.3105304,47.6488486,,,,0,0
,629,1725944961.0,,24,0,,,,-122.2998801,47.648914700000006,,,,0,0
,630,1725945000.0,,24,0,,,,-122.2995236,47.649373100000005,,,,0,0
,631,1726018752.0,,19,0,,,,-122.29940220000002,47.6538172,,,,0,0
,632,1726018768.0,,9,0,,,,-122.3063199,47.661237299999996,,,,0,0
,633,1726028741.0,,15,0,,,,-122.2985581,47.658636,,,,0,0
,634,1726056689.0,crossing,14,0,,,,-122.30418030000001,47.6545668,,,,0,0
,635,1726056699.0,crossing,12,0,,,,-122.3207237,47.6558953,,,,0,0
,636,1726059890.0,,14,0,,,,-122.30189850000001,47.655480600000004,,,,0,0
,637,1726065110.0,traffic_signals,13,1,,,,-122.3120436,47.656825299999994,,,,0,0
,638,1735549640.0,,6,0,,,,-122.3376672,47.6613724,,,,0,0
,639,1752970093.0,,16,0,,,,-122.3316051,47.65047020000001,,,,0,0
,640,1752970097.0,,16,0,,,,-122.33152749999999,47.6505391,,,,0,0
,641,1841897176.0,stop,12,0,,,,-122.32084920000001,47.6558992,,,,0,0
,642,1864943558.0,,12,0,,,,-122.32263929999999,47.6570102,,,,0,0
,643,1864943614.0,,12,0,,,,-122.3227869,47.6580203,,,,0,0
,644,1880987654.0,,2,0,,,,-122.32286459999999,47.664593599999996,,,,0,0
,645,1880987655.0,,2,0,,,,-122.32287040000001,47.6652215,,,,0,0
,646,2134368259.0,,17,0,,,,-122.3225226,47.6520024,,,,0,0
,647,2188122053.0,,13,0,,,,-122.3181075,47.65551,,,,0,0
,648,2286255731.0,,4,0,,,,-122.30208449999999,47.6671779,,,,0,0
,649,2291848677.0,,16,0,,,,-122.3351392,47.650487700000006,,,,0,0
,650,2299823450.0,,10,0,,,,-122.29156409999999,47.662845700000005,,,,0,0
,651,2479359467.0,,22,0,,,,-122.32450619999999,47.6456213,,,,0,0
,652,2492684208.0,,2,0,,,,-122.32832409999999,47.664992299999994,,,,0,0
,653,2492725360.0,,18,0,,,,-122.31387759999998,47.6535598,,,,0,0
,654,2492727682.0,,13,0,,,,-122.3108815,47.655026,,,,0,0
,655,2492737357.0,,14,0,,,,-122.2995865,47.6556425,,,,0,0
,656,2492784905.0,,4,0,,,,-122.3044257,47.664885600000005,,,,0,0
,657,2492784908.0,,4,0,,,,-122.30556440000001,47.6649102,,,,0,0
,658,2492784910.0,,4,0,,,,-122.30397830000001,47.6648815,,,,0,0
,659,2492835069.0,,10,0,,,,-122.29574029999999,47.658936700000005,,,,0,0
,660,2492835071.0,,10,0,,,,-122.29603909999999,47.6588485,,,,0,0
,661,2499683339.0,,21,0,,,,-122.3399146,47.6480972,,,,0,0
,662,2499827791.0,,22,0,,,,-122.3224048,47.6477763,,,,0,0
,663,2542469035.0,traffic_signals,9,1,,,,-122.30004850000002,47.660396500000004,0.0,,,0,0
,664,2587191866.0,stop,24,0,,,,-122.3029235,47.649023,,,,0,0
,665,2587191867.0,,24,0,,,,-122.301803,47.6490265,,,,0,0
,666,2615470636.0,,11,0,,,,-122.3392144,47.655091999999996,,,,0,0
,667,2625354230.0,,17,0,,,,-122.3207846,47.6522274,,,,0,0
,668,2625354237.0,,18,0,,,,-122.31995490000001,47.6532932,,,,0,0
,669,2626092355.0,,24,0,,,,-122.3082124,47.6489888,,,,0,0
,670,2626099613.0,,18,0,,,,-122.3135686,47.65201079999999,,,,0,0
,671,2644779294.0,,10,0,,,,-122.29871229999999,47.661180200000004,,,,0,0
,672,2670721787.0,crossing,18,0,,,,-122.3097223,47.652516999999996,,,,0,0
,673,2670907707.0,,22,0,,,,-122.3228551,47.649561600000006,,,,0,0
,674,2670907709.0,,17,0,,,,-122.3208595,47.6521321,,,,0,0
,675,2672450612.0,,12,0,,,,-122.32060619999999,47.655771200000004,,,,0,0
,676,2673921608.0,,17,0,,,,-122.32234240000001,47.6502098,,,,0,0
,677,2678873141.0,,18,0,,,,-122.31452220000001,47.6526739,,,,0,0
,678,2700438198.0,,7,0,,,,-122.3219638,47.6611874,,,,0,0
,679,2716458269.0,,13,0,,,,-122.3171642,47.6569007,,,,0,0
,680,2716458900.0,,5,0,,,,-122.2956242,47.66426920000001,,,,0,0
,681,2716460061.0,,10,0,,,,-122.289056,47.6611222,,,,0,0
,682,2723974139.0,crossing,14,0,,,,-122.30172990000001,47.6555515,,,,0,0
,683,2723987747.0,,14,0,,,,-122.29949769999999,47.6558536,,,,0,0
,684,2723987765.0,,10,0,,,,-122.2987153,47.6589625,,,,0,0
,685,2776383401.0,,19,0,,,,-122.30591640000002,47.650578100000004,,,,0,0
,686,2776431135.0,traffic_signals,13,1,,,,-122.31201979999999,47.6583065,,,,0,0
,687,2776431145.0,,9,0,,,,-122.3095378,47.6612509,,,,0,0
,688,2776431171.0,,8,0,,,,-122.3101814,47.6612549,,,,0,0
,689,2882744460.0,,17,0,,,,-122.32330159999998,47.6505874,,,,0,0
,690,2896473005.0,,23,0,,,,-122.31800619999999,47.6486373,,,,0,0
,691,2938080342.0,,24,0,,,,-122.3046138,47.6476887,,,,0,0
,692,2969832515.0,,18,0,,,,-122.3192006,47.653956799999996,,,,0,0
,693,3003528164.0,,3,0,,,,-122.31740719999999,47.6652445,,,,0,0
,694,3033697690.0,,17,0,,,,-122.33029609999998,47.651954499999995,,,,0,0
,695,3318121466.0,,7,0,,,,-122.32047790000001,47.6613115,,,,0,0
,696,3318126091.0,,3,0,,,,-122.32016029999998,47.6649528,,,,0,0
,697,3391705317.0,,9,0,,,,-122.30067859999998,47.6598112,,,,0,0
,698,3391705319.0,,9,0,,,,-122.3009303,47.659825399999995,,,,0,0
,699,3391705323.0,,9,0,,,,-122.2995472,47.6600213,,,,0,0
,700,3391705328.0,,9,0,,,,-122.3003586,47.66014929999999,,,,0,0
,701,3391705330.0,,9,0,,,,-122.301533,47.66028060000001,,,,0,0
,702,3391705341.0,,9,0,,,,-122.2996377,47.660526399999995,,,,0,0
,703,3391705342.0,,9,0,,,,-122.2991696,47.6609252,,,,0,0
,704,3408043803.0,,9,0,,,,-122.3088291,47.6597618,,,,0,0
,705,3449208450.0,,10,0,,,,-122.2932485,47.6617191,,,,0,0
,706,3449229519.0,,10,0,,,,-122.2923908,47.6614945,,,,0,0
,707,3449235572.0,,10,0,,,,-122.2919048,47.661758299999995,,,,0,0
,708,3449235579.0,,10,0,,,,-122.2915503,47.6611785,,,,0,0
,709,3449235588.0,,10,0,,,,-122.2895977,47.6611327,,,,0,0
,710,3570365715.0,,8,0,,,,-122.3191496,47.66130689999999,,,,0,0
,711,3570365720.0,,8,0,,,,-122.3176739,47.661151399999994,,,,0,0
,712,3584131214.0,,12,0,,,,-122.3225419,47.654694,,,,0,0
,713,3588212119.0,,12,0,,,,-122.32254240000002,47.6549912,,,,0,0
,714,3600937822.0,,4,0,,,,-122.3006123,47.66600089999999,,,,0,0
,715,3659288047.0,,8,0,,,,-122.30974180000001,47.6605046,,,,0,0
,716,3659288052.0,,8,0,,,,-122.30975159999998,47.65996810000001,,,,0,0
,717,3659288074.0,,13,0,,,,-122.311481,47.65530510000001,,,,0,0
,718,3672792925.0,,19,0,,,,-122.3054966,47.6506489,,,,0,0
,719,3675436493.0,,15,0,,,,-122.2892883,47.658483000000004,,,,0,0
,720,3675436497.0,,15,0,,,,-122.2907485,47.6586614,,,,0,0
,721,3675436498.0,,10,0,,,,-122.29125020000001,47.6592787,,,,0,0
,722,3675436499.0,,10,0,,,,-122.2909457,47.6589039,,,,0,0
,723,3705345449.0,,17,0,,,,-122.32459180000001,47.6538175,,,,0,0
,724,3723857325.0,,18,0,,,,-122.31970759999999,47.6543392,,,,0,0
,725,3734934336.0,,19,0,,,,-122.30616140000001,47.6505563,,,,0,0
,726,3734934342.0,,19,0,,,,-122.305654,47.650617700000005,,,,0,0
,727,3734934364.0,crossing,19,0,,,,-122.3042967,47.6511498,,,,0,0
,728,3736643911.0,,10,0,,,,-122.29905659999999,47.660851,,,,0,0
,729,3737867838.0,,19,0,,,,-122.30434679999999,47.6501547,,,,0,0
,730,3737956360.0,crossing,13,0,,,,-122.3103983,47.6570106,,,,0,0
,731,3737956368.0,,13,0,,,,-122.30986029999998,47.6572637,,,,0,0
,732,3737956369.0,,13,0,,,,-122.3098564,47.6572969,,,,0,0
,733,3737956373.0,,13,0,,,,-122.30971159999999,47.6573742,,,,0,0
,734,3743658104.0,,22,0,,,,-122.32227809999999,47.6466973,,,,0,0
,735,3743676775.0,,13,0,,,,-122.3183628,47.6554275,,,,0,0
,736,3814739557.0,,13,0,,,,-122.31591850000001,47.6547348,,,,0,0
,737,3814739560.0,,13,0,,,,-122.3161378,47.654784,,,,0,0
,738,3814739562.0,,13,0,,,,-122.31635779999999,47.654833399999994,,,,0,0
,739,3822024975.0,,12,0,,,,-122.3256983,47.6555221,,,,0,0
,740,3841979088.0,,10,0,,,,-122.28923710000001,47.6607441,,,,0,0
,741,3841979102.0,,10,0,,,,-122.28923259999999,47.6609444,,,,0,0
,742,3859298561.0,,18,0,,,,-122.3191473,47.6540305,,,,0,0
,743,3859787762.0,,13,0,,,,-122.31136240000001,47.6567115,,,,0,0
,744,3870020858.0,,10,0,,,,-122.29245719999999,47.6614585,,,,0,0
,745,3871520621.0,,10,0,,,,-122.29602959999998,47.661215399999996,,,,0,0
,746,3873638562.0,,4,0,,,,-122.30090600000001,47.6644153,,,,0,0
,747,3874895442.0,,9,0,,,,-122.30436529999999,47.6622039,,,,0,0
,748,3875308925.0,,17,0,,,,-122.3225419,47.6543334,,,,0,0
,749,3875308926.0,,12,0,,,,-122.3221539,47.6544847,,,,0,0
,750,3894303987.0,,4,0,,,,-122.3029572,47.6650141,,,,0,0
,751,3942716400.0,,6,0,,,,-122.33618870000001,47.661080299999995,,,,0,0
,752,3942716401.0,,6,0,,,,-122.33544920000001,47.6613691,,,,0,0
,753,3942716402.0,,6,0,,,,-122.33697520000001,47.6613714,,,,0,0
,754,3942716403.0,crossing,6,0,,,,-122.3364154,47.6617598,,,,0,0
,755,3958853373.0,,22,0,,,,-122.322128,47.6495896,,,,0,0
,756,3958853376.0,,12,0,,,,-122.32682790000001,47.655947,,,,0,0
,757,3958853377.0,,12,0,,,,-122.32083840000001,47.6569931,,,,0,0
,758,3969771970.0,,1,0,,,,-122.3344274,47.6650244,,,,0,0
,759,3969771971.0,,1,0,,,,-122.33296990000001,47.6650257,,,,0,0
,760,3972398804.0,,18,0,,,,-122.31755759999999,47.6534001,,,,0,0
,761,3972398838.0,,10,0,,,,-122.2921439,47.6611924,,,,0,0
,762,3976558605.0,traffic_signals,8,1,,,,-122.31426869999999,47.6612886,,,,0,0
,763,3985526354.0,,8,0,,,,-122.3143254,47.6609169,,,,0,0
,764,4013569584.0,,12,0,,,,-122.3211847,47.6544764,,,,0,0
,765,4013569586.0,,12,0,,,,-122.321933,47.6544836,,,,0,0
,766,4013569890.0,,12,0,,,,-122.32203329999999,47.6544846,,,,0,0
,767,4025116255.0,,21,0,,,,-122.33390770000001,47.646873299999996,,,,0,0
,768,4029122864.0,traffic_signals,2,1,,,,-122.3214513,47.6671334,,,,0,0
,769,4058772755.0,,19,0,,,,-122.3029832,47.6528292,,,,0,0
,770,4058772770.0,,19,0,,,,-122.30257309999999,47.654202000000005,,,,0,0
,771,4075607982.0,,12,0,,,,-122.32355179999999,47.65452379999999,,,,0,0
,772,4100279237.0,turning_circle,21,0,,,,-122.33637250000001,47.6473734,,,,0,0
,773,4103293788.0,stop,4,0,,,,-122.30650959999998,47.6648936,,,,0,0
,774,4105823927.0,,4,0,,,,-122.30061950000001,47.6658894,,,,0,0
,775,4214025138.0,,3,0,,,,-122.3173788,47.6672724,,,,0,0
,776,4272325050.0,,2,0,,,,-122.32218290000002,47.664962100000004,,,,0,0
,777,4272325051.0,,1,0,,,,-122.33680749999999,47.665018100000005,,,,0,0
,778,4272325052.0,,1,0,,,,-122.3360936,47.6650134,,,,0,0
,779,4272325053.0,,1,0,,,,-122.33406869999999,47.6650282,,,,0,0
,780,4272325054.0,,1,0,,,,-122.33334029999999,47.665028899999996,,,,0,0
,781,4272330870.0,,10,0,,,,-122.29253519999999,47.660860299999996,,,,0,0
,782,4272330876.0,,10,0,,,,-122.2917524,47.6611832,,,,0,0
,783,4272330877.0,,10,0,,,,-122.2922531,47.661195,,,,0,0
,784,4272330879.0,,10,0,,,,-122.29361259999999,47.661208,,,,0,0
,785,4272330881.0,,10,0,,,,-122.29231399999999,47.6615362,,,,0,0
,786,4272330882.0,,10,0,,,,-122.29323000000001,47.661697100000005,,,,0,0
,787,4272330883.0,,10,0,,,,-122.29180790000001,47.6618109,,,,0,0
,788,4272374014.0,,19,0,,,,-122.3030394,47.6530794,,,,0,0
,789,4272374018.0,,9,0,,,,-122.30094740000001,47.6602239,,,,0,0
,790,4272380189.0,,17,0,,,,-122.3215681,47.651208399999994,,,,0,0
,791,4272380190.0,,13,0,,,,-122.3120773,47.6550005,,,,0,0
,792,4272380191.0,,13,0,,,,-122.3120612,47.6557364,,,,0,0
,793,4272380192.0,,13,0,,,,-122.3120501,47.6564206,,,,0,0
,794,4272380193.0,,13,0,,,,-122.3120334,47.6574583,,,,0,0
,795,4272380194.0,,13,0,,,,-122.3120264,47.6578951,,,,0,0
,796,4272380195.0,,8,0,,,,-122.31198140000001,47.6606907,,,,0,0
,797,4272380196.0,,8,0,,,,-122.31197140000002,47.6615417,,,,0,0
,798,4272380198.0,,8,0,,,,-122.3174482,47.6617429,,,,0,0
,799,4272387497.0,,8,0,,,,-122.31130230000001,47.6612615,,,,0,0
,800,4272387498.0,,8,0,,,,-122.312684,47.6612734,,,,0,0
,801,4272387499.0,,8,0,,,,-122.3136413,47.6612816,,,,0,0
,802,4272387500.0,,8,0,,,,-122.31473009999999,47.6612909,,,,0,0
,803,4272387501.0,,8,0,,,,-122.31511370000001,47.661292200000005,,,,0,0
,804,4272387502.0,,8,0,,,,-122.3162878,47.661296899999996,,,,0,0
,805,4273590093.0,,24,0,,,,-122.3046044,47.648538200000004,,,,0,0
,806,4274254435.0,,22,0,,,,-122.32457409999999,47.6472967,,,,0,0
,807,4274254436.0,,22,0,,,,-122.3244608,47.6474465,,,,0,0
,808,4274374116.0,,6,0,,,,-122.33339609999999,47.6613661,,,,0,0
,809,4274602624.0,,4,0,,,,-122.30089939999999,47.6631814,,,,0,0
,810,4274602625.0,,4,0,,,,-122.3009008,47.6635664,,,,0,0
,811,4274602626.0,,4,0,,,,-122.30090159999999,47.6636991,,,,0,0
,812,4274602627.0,,4,0,,,,-122.3006064,47.6664787,,,,0,0
,813,4274602628.0,,4,0,,,,-122.3006075,47.6666405,,,,0,0
,814,4287042529.0,,17,0,,,,-122.32177050000001,47.65094129999999,,,,0,0
,815,4320337024.0,,7,0,,,,-122.32511629999999,47.6610083,,,,0,0
,816,4320337027.0,,7,0,,,,-122.32569509999999,47.6613535,,,,0,0
,817,4340484029.0,,19,0,,,,-122.30496709999998,47.6515219,,,,0,0
,818,4341898611.0,,18,0,,,,-122.3121863,47.6532751,,,,0,0
,819,4343165735.0,,14,0,,,,-122.30391920000001,47.654509000000004,,,,0,0
,820,4343165737.0,,14,0,,,,-122.3040986,47.6545587,,,,0,0
,821,4348094378.0,crossing,13,0,,,,-122.3133082,47.655437,,,,0,0
,822,4348094381.0,crossing,13,0,,,,-122.31329,47.655897700000004,,,,0,0
,823,4392387689.0,,13,0,,,,-122.3191473,47.6546609,,,,0,0
,824,4444756591.0,,19,0,,,,-122.3040461,47.654069,,,,0,0
,825,4511373271.0,,13,0,,,,-122.31363400000001,47.6559725,,,,0,0
,826,4522421419.0,,13,0,,,,-122.3152166,47.6562323,,,,0,0
,827,4522421420.0,,10,0,,,,-122.29381470000001,47.6612091,,,,0,0
,828,4531063551.0,,8,0,,,,-122.31802979999999,47.661303600000004,,,,0,0
,829,4531063565.0,,8,0,,,,-122.3134479,47.6612799,,,,0,0
,830,4531063569.0,,8,0,,,,-122.3120034,47.659372399999995,,,,0,0
,831,4531063571.0,,19,0,,,,-122.30417779999999,47.6505565,,,,0,0
,832,4531063573.0,,13,0,,,,-122.31201429999999,47.658660299999994,,,,0,0
,833,4531063576.0,,8,0,,,,-122.3138895,47.661283700000006,,,,0,0
,834,4531063593.0,,8,0,,,,-122.3173459,47.66130029999999,,,,0,0
,835,4531319371.0,,8,0,,,,-122.3165675,47.6617422,,,,0,0
,836,4531319890.0,,13,0,,,,-122.31666090000002,47.658612700000006,,,,0,0
,837,4531319899.0,,13,0,,,,-122.31439569999999,47.656521999999995,,,,0,0
,838,4550062401.0,,24,0,,,,-122.30524709999999,47.6493501,,,,0,0
,839,4560969256.0,,8,0,,,,-122.31534450000001,47.6623176,,,,0,0
,840,4607197879.0,,19,0,,,,-122.3046635,47.650928799999996,,,,0,0
,841,4608600088.0,,2,0,,,,-122.32163919999999,47.6642738,,,,0,0
,842,4608600089.0,,7,0,,,,-122.32133329999999,47.66285870000001,,,,0,0
,843,4664524044.0,,18,0,,,,-122.3179804,47.653943299999995,,,,0,0
,844,4664524048.0,traffic_signals,18,1,,,,-122.3174449,47.6536437,3.0,,,0,0
,845,4664524084.0,crossing,13,0,,,,-122.31569259999999,47.654726200000006,,,,0,0
,846,4684782648.0,,19,0,,,,-122.3086527,47.651071200000004,,,,0,0
,847,4684782653.0,,24,0,,,,-122.3062044,47.649836,,,,0,0
,848,4684782656.0,traffic_signals,24,1,,,,-122.3060197,47.649697700000004,,,,0,0
,849,4692782234.0,,19,0,,,,-122.3033182,47.6521381,,,,0,0
,850,4694558039.0,crossing,13,0,,,,-122.314399,47.6563099,,,,0,0
,851,4694737152.0,crossing,13,0,,,,-122.3144108,47.6559186,,,,0,0
,852,4694737155.0,crossing,13,0,,,,-122.3144292,47.655427100000004,,,,0,0
,853,4696586069.0,,13,0,,,,-122.31863,47.6556898,,,,0,0
,854,4702276069.0,,19,0,,,,-122.303925,47.6543082,,,,0,0
,855,4740855673.0,crossing,13,0,,,,-122.31767409999999,47.656037299999994,,,,0,0
,856,4785109403.0,,24,0,,,,-122.3009341,47.6490002,,,,0,0
,857,4789275353.0,,18,0,,,,-122.3145119,47.6532318,,,,0,0
,858,4789275354.0,,18,0,,,,-122.3144949,47.653868599999996,,,,0,0
,859,4789275355.0,,12,0,,,,-122.32131129999999,47.655711100000005,,,,0,0
,860,4789288021.0,,13,0,,,,-122.3125588,47.655958500000004,,,,0,0
,861,4789288022.0,,18,0,,,,-122.3129246,47.653216799999996,,,,0,0
,862,4789370463.0,,12,0,,,,-122.32248770000001,47.654485,,,,0,0
,863,4789370465.0,,7,0,,,,-122.3262025,47.6615694,,,,0,0
,864,4789381257.0,,8,0,,,,-122.3177602,47.6613028,,,,0,0
,865,4789381260.0,,8,0,,,,-122.31660190000001,47.6606846,,,,0,0
,866,4858144688.0,,4,0,,,,-122.30649609999999,47.66643870000001,,,,0,0
,867,4906569020.0,,18,0,,,,-122.31286979999999,47.6526388,,,,0,0
,868,4906728039.0,,24,0,,,,-122.30345049999998,47.649023299999996,,,,0,0
,869,4906728043.0,,24,0,,,,-122.30576640000001,47.6496213,,,,0,0
,870,4906728046.0,,19,0,,,,-122.30662520000001,47.6500506,,,,0,0
,871,4906728047.0,,19,0,,,,-122.3070898,47.650286799999996,,,,0,0
,872,4906728048.0,traffic_signals,19,1,,,,-122.3074616,47.650475799999995,,,,0,0
,873,4915408056.0,,14,0,,,,-122.30184229999999,47.656892600000006,,,,0,0
,874,4915408057.0,,14,0,,,,-122.3019987,47.6563992,,,,0,0
,875,4915408059.0,,14,0,,,,-122.3020872,47.6561201,,,,0,0
,876,4915520496.0,,10,0,,,,-122.29589809999999,47.661215399999996,,,,0,0
,877,4915520499.0,,10,0,,,,-122.2980553,47.661122600000006,,,,0,0
,878,5000625618.0,,2,0,,,,-122.3223006,47.6663249,,,,0,0
,879,5087718288.0,,19,0,,,,-122.3042078,47.6526583,,,,0,0
,880,5113845431.0,,12,0,,,,-122.3208364,47.657222600000004,,,,0,0
,881,5113845446.0,,7,0,,,,-122.3249263,47.6613524,,,,0,0
,882,5154313296.0,,4,0,,,,-122.306497,47.666458500000005,,,,0,0
,883,5206187055.0,,8,0,,,,-122.31315120000001,47.660821399999996,,,,0,0
,884,5281191117.0,stop,13,0,,,,-122.31668940000002,47.6572878,,,,0,0
,885,5618661724.0,,24,0,,,,-122.3012112,47.649024600000004,,,,0,0
,886,5757691602.0,,14,0,,,,-122.3042129,47.654553799999995,,,,0,0
,887,5757691614.0,,14,0,,,,-122.304142,47.6545789,,,,0,0
,888,5760914446.0,,17,0,,,,-122.3214499,47.6516122,,,,0,0
,889,5760989795.0,,23,0,,,,-122.31794609999999,47.6478787,,,,0,0
,890,5760995526.0,crossing,12,0,,,,-122.3225416,47.654527200000004,,,,0,0
,891,5766725815.0,,17,0,,,,-122.32682450000001,47.654163700000005,,,,0,0
,892,5766863606.0,,12,0,,,,-122.3230644,47.657695399999994,,,,0,0
,893,5777905467.0,,9,0,,,,-122.30424140000001,47.6591576,,,,0,0
,894,6209197382.0,,17,0,,,,-122.32786829999999,47.653699200000005,,,,0,0
,895,6254242754.0,,12,0,,,,-122.32254180000001,47.654623,,,,0,0
,896,6388490087.0,,8,0,,,,-122.3097324,47.6612523,,,,0,0
,897,6635899376.0,,8,0,,,,-122.31434809999999,47.659402299999996,,,,0,0
,898,7271397650.0,,8,0,,,,-122.30995829999999,47.659774299999995,,,,0,0
,899,7795926364.0,crossing,13,0,,,,-122.3183654,47.6555179,,,,0,0
,900,7795926381.0,crossing,13,0,,,,-122.3181885,47.6554367,,,,0,0
,901,7795928286.0,,17,0,,,,-122.321225,47.6515049,,,,0,0
,902,7833928154.0,,13,0,,,,-122.32003200000001,47.6545282,,,,0,0
,903,7833955446.0,,18,0,,,,-122.3145159,47.652990700000004,,,,0,0
,904,7836910933.0,,13,0,,,,-122.31798400000001,47.655625,,,,0,0
,905,8121935440.0,,12,0,,,,-122.3290364,47.6566958,,,,0,0
,906,,,2,0,,,,-122.3225632,47.6675654,,,boundary node created by osm2gmns,0,0
,907,,,2,0,,,,-122.32259509999999,47.6675654,,,boundary node created by osm2gmns,0,0
,908,,,5,0,,,,-122.2886939,47.663579,,,boundary node created by osm2gmns,0,0
,909,,,11,0,,,,-122.34132209999999,47.65801629999999,,,boundary node created by osm2gmns,0,0
,910,,,6,0,,,,-122.34132209999999,47.662844,,,boundary node created by osm2gmns,0,0
,911,,,5,0,,,,-122.2886939,47.6666727,,,boundary node created by osm2gmns,0,0
,912,,,4,0,,,,-122.30241799999999,47.6675654,,,boundary node created by osm2gmns,0,0
,913,,,2,0,,,,-122.33077320000001,47.6675654,,,boundary node created by osm2gmns,0,0
,914,,,10,0,,,,-122.2886939,47.6591487,,,boundary node created by osm2gmns,0,0
,915,,,4,0,,,,-122.309426,47.6675654,,,boundary node created by osm2gmns,0,0
,916,,,5,0,,,,-122.2886939,47.6648928,,,boundary node created by osm2gmns,0,0
,917,,,1,0,,,,-122.3322564,47.6675654,,,boundary node created by osm2gmns,0,0
,918,,,1,0,,,,-122.34132209999999,47.6635728,,,boundary node created by osm2gmns,0,0
,919,,,2,0,,,,-122.3255818,47.6675654,,,boundary node created by osm2gmns,0,0
,920,,,5,0,,,,-122.29852350000002,47.6675654,,,boundary node created by osm2gmns,0,0
,921,,,10,0,,,,-122.2886939,47.661595299999995,,,boundary node created by osm2gmns,0,0
,922,,,1,0,,,,-122.3363838,47.6675654,,,boundary node created by osm2gmns,0,0
,923,,,10,0,,,,-122.2886939,47.6626028,,,boundary node created by osm2gmns,0,0
,924,,,10,0,,,,-122.2886939,47.659836,,,boundary node created by osm2gmns,0,0
,925,,,10,0,,,,-122.2886939,47.6605219,,,boundary node created by osm2gmns,0,0
,926,,,4,0,,,,-122.30549939999999,47.6675654,,,boundary node created by osm2gmns,0,0
,927,,,3,0,,,,-122.3119088,47.6675654,,,boundary node created by osm2gmns,0,0
,928,,,4,0,,,,-122.2995604,47.6675654,,,boundary node created by osm2gmns,0,0
,929,,,4,0,,,,-122.30442269999999,47.6675654,,,boundary node created by osm2gmns,0,0
,930,,,4,0,,,,-122.3034097,47.6675654,,,boundary node created by osm2gmns,0,0
,931,,,4,0,,,,-122.30960159999998,47.6675654,,,boundary node created by osm2gmns,0,0
,932,,,16,0,,,,-122.34132209999999,47.650502,,,boundary node created by osm2gmns,0,0
,933,,,21,0,,,,-122.34132209999999,47.6492309,,,boundary node created by osm2gmns,0,0
,934,,,2,0,,,,-122.32211000000001,47.6675654,,,boundary node created by osm2gmns,0,0
,935,,,21,0,,,,-122.34132209999999,47.6483068,,,boundary node created by osm2gmns,0,0
,936,,,21,0,,,,-122.34132209999999,47.647907700000005,,,boundary node created by osm2gmns,0,0
,937,,,1,0,,,,-122.3336822,47.6675654,,,boundary node created by osm2gmns,0,0
,938,,,2,0,,,,-122.32285459999999,47.6675654,,,boundary node created by osm2gmns,0,0
,939,,,5,0,,,,-122.29563929999999,47.6675654,,,boundary node created by osm2gmns,0,0
,940,,,3,0,,,,-122.31520929999999,47.6675654,,,boundary node created by osm2gmns,0,0
,941,,,3,0,,,,-122.31841979999999,47.6675654,,,boundary node created by osm2gmns,0,0
,942,,,4,0,,,,-122.3082872,47.6675654,,,boundary node created by osm2gmns,0,0
,943,,,4,0,,,,-122.30715520000001,47.6675654,,,boundary node created by osm2gmns,0,0
,944,,,11,0,,,,-122.34132209999999,47.656846,,,boundary node created by osm2gmns,0,0
,945,,,4,0,,,,-122.306501,47.6675654,,,boundary node created by osm2gmns,0,0
,946,,,3,0,,,,-122.3130472,47.6675654,,,boundary node created by osm2gmns,0,0
,947,,,3,0,,,,-122.31629450000001,47.6675654,,,boundary node created by osm2gmns,0,0
,948,,,2,0,,,,-122.3219904,47.6675654,,,boundary node created by osm2gmns,0,0
,949,,,15,0,,,,-122.2886939,47.658484200000004,,,boundary node created by osm2gmns,0,0
,950,,,15,0,,,,-122.2886939,47.6584197,,,boundary node created by osm2gmns,0,0
,951,,,4,0,,,,-122.30061380000001,47.6675654,,,boundary node created by osm2gmns,0,0
,952,,,11,0,,,,-122.34132209999999,47.6555916,,,boundary node created by osm2gmns,0,0
,953,,,5,0,,,,-122.29017549999999,47.6675654,,,boundary node created by osm2gmns,0,0
,954,,,2,0,,,,-122.3217523,47.6675654,,,boundary node created by osm2gmns,0,0
,955,,,2,0,,,,-122.32233909999998,47.6675654,,,boundary node created by osm2gmns,0,0
,956,,,3,0,,,,-122.3107588,47.6675654,,,boundary node created by osm2gmns,0,0
,957,,,3,0,,,,-122.31420290000001,47.6675654,,,boundary node created by osm2gmns,0,0
,958,,,16,0,,,,-122.34132209999999,47.652701799999996,,,boundary node created by osm2gmns,0,0
